estacion,nombre,region,longitud,latitud,elevacion_m,fecha,ghi_mean_wm2,dni_mean_wm2,temperatura_mean_c,humedad_mean_pct,viento_mean_ms,fuente_datos
ADDA,Aeropuerto Copiapo,III Región de Atacama,-70.78,-27.26,210.0,2013-02-28,410.0164744645799,367.4684563758389,18.62835633626098,74.68657465495608,3.115382685069009,http://walker.dgf.uchile.cl/Mediciones/datos/csv/ADDA.csv
ADDA,Aeropuerto Copiapo,III Región de Atacama,-70.78,-27.26,210.0,2013-03-31,258.57079064880486,222.24100553505534,16.47043010752688,78.4013440860215,2.8263485663082437,http://walker.dgf.uchile.cl/Mediciones/datos/csv/ADDA.csv
ADDA,Aeropuerto Copiapo,III Región de Atacama,-70.78,-27.26,210.0,2013-04-30,249.8605638072143,207.80764635603344,15.086064814814815,78.48599537037038,2.668185185185185,http://walker.dgf.uchile.cl/Mediciones/datos/csv/ADDA.csv
ADDA,Aeropuerto Copiapo,III Región de Atacama,-70.78,-27.26,210.0,2013-05-31,195.38520564763658,147.32839620458228,14.37945788530466,79.39448924731182,2.370665322580645,http://walker.dgf.uchile.cl/Mediciones/datos/csv/ADDA.csv
ADDA,Aeropuerto Copiapo,III Región de Atacama,-70.78,-27.26,210.0,2013-06-30,169.995625,138.7747358309318,12.182152777777778,80.00398148148149,2.3085416666666667,http://walker.dgf.uchile.cl/Mediciones/datos/csv/ADDA.csv
ADDA,Aeropuerto Copiapo,III Región de Atacama,-70.78,-27.26,210.0,2013-07-31,187.2110685899323,155.6143415306826,11.599014336917563,80.31633064516129,2.3977284946236557,http://walker.dgf.uchile.cl/Mediciones/datos/csv/ADDA.csv
ADDA,Aeropuerto Copiapo,III Región de Atacama,-70.78,-27.26,210.0,2013-08-31,222.8497693194925,186.72202756365334,12.763172043010753,77.29005376344085,2.945725806451613,http://walker.dgf.uchile.cl/Mediciones/datos/csv/ADDA.csv
ADDA,Aeropuerto Copiapo,III Región de Atacama,-70.78,-27.26,210.0,2013-09-30,314.90735958683024,252.23513710264498,12.805510534846029,79.04445473489234,3.0474044917805045,http://walker.dgf.uchile.cl/Mediciones/datos/csv/ADDA.csv
ADDA,Aeropuerto Copiapo,III Región de Atacama,-70.78,-27.26,210.0,2013-10-31,289.9288820670248,253.10891544117646,13.583333333333334,77.89146505376344,2.9571348566308244,http://walker.dgf.uchile.cl/Mediciones/datos/csv/ADDA.csv
ADDA,Aeropuerto Copiapo,III Región de Atacama,-70.78,-27.26,210.0,2013-11-30,350.14309906858597,306.1614220514052,15.466064814814814,76.25099537037036,3.3844375,http://walker.dgf.uchile.cl/Mediciones/datos/csv/ADDA.csv
ADDA,Aeropuerto Copiapo,III Región de Atacama,-70.78,-27.26,210.0,2013-12-31,404.98917178811826,317.9257288292457,18.118817204301074,72.76323924731182,2.9542249103942653,http://walker.dgf.uchile.cl/Mediciones/datos/csv/ADDA.csv
ADDA,Aeropuerto Copiapo,III Región de Atacama,-70.78,-27.26,210.0,2014-01-31,396.6429780033841,331.795349907919,19.94733422939068,72.14655017921147,2.958328853046595,http://walker.dgf.uchile.cl/Mediciones/datos/csv/ADDA.csv
ADDA,Aeropuerto Copiapo,III Región de Atacama,-70.78,-27.26,210.0,2014-02-28,377.9151098000656,316.8794506612411,18.229042658730158,74.68271329365079,3.1283407738095237,http://walker.dgf.uchile.cl/Mediciones/datos/csv/ADDA.csv
ADDA,Aeropuerto Copiapo,III Región de Atacama,-70.78,-27.26,210.0,2014-03-31,320.73975155279504,251.59621596677434,16.364986559139787,80.09215949820789,2.7770788530465946,http://walker.dgf.uchile.cl/Mediciones/datos/csv/ADDA.csv
ADDA,Aeropuerto Copiapo,III Región de Atacama,-70.78,-27.26,210.0,2014-04-30,241.0558208955224,202.8376007586534,15.215694444444445,78.88099537037037,2.7049675925925922,http://walker.dgf.uchile.cl/Mediciones/datos/csv/ADDA.csv
ADDA,Aeropuerto Copiapo,III Región de Atacama,-70.78,-27.26,210.0,2014-05-31,197.2276923076923,149.6135366135366,13.958467741935484,80.43570788530467,2.431137992831541,http://walker.dgf.uchile.cl/Mediciones/datos/csv/ADDA.csv
ARMA,Armazones,II Región de Antofagasta,-70.24,-24.63,2581.0,2010-11-30,718.317826265953,587.6301840490797,12.460902777777777,13.560324074074074,6.333293981481482,http://walker.dgf.uchile.cl/Mediciones/datos/csv/ARMA.csv
ARMA,Armazones,II Región de Antofagasta,-70.24,-24.63,2581.0,2010-12-31,710.7568718544328,609.7912416023887,13.664762544802867,18.50320340501792,6.410723566308244,http://walker.dgf.uchile.cl/Mediciones/datos/csv/ARMA.csv
ARMA,Armazones,II Región de Antofagasta,-70.24,-24.63,2581.0,2011-01-31,690.1394624074795,574.8138633058652,14.796931003584229,23.342741935483872,5.0665568996415775,http://walker.dgf.uchile.cl/Mediciones/datos/csv/ARMA.csv
ARMA,Armazones,II Región de Antofagasta,-70.24,-24.63,2581.0,2011-02-28,597.3061396131203,484.4247311827957,14.452157738095238,38.82222222222222,5.72108134920635,http://walker.dgf.uchile.cl/Mediciones/datos/csv/ARMA.csv
ARMA,Armazones,II Región de Antofagasta,-70.24,-24.63,2581.0,2011-03-31,650.8737997256516,546.7795081967213,12.92058294350486,22.690392227419935,6.321306225260885,http://walker.dgf.uchile.cl/Mediciones/datos/csv/ARMA.csv
ARMA,Armazones,II Región de Antofagasta,-70.24,-24.63,2581.0,2011-04-30,564.9005046863734,428.77465857359635,12.403918872464764,19.896699896871777,5.220302509453421,http://walker.dgf.uchile.cl/Mediciones/datos/csv/ARMA.csv
ARMA,Armazones,II Región de Antofagasta,-70.24,-24.63,2581.0,2011-05-31,478.5625,350.2203523534052,12.344967532467532,16.437708719851575,5.908993506493507,http://walker.dgf.uchile.cl/Mediciones/datos/csv/ARMA.csv
ARMA,Armazones,II Región de Antofagasta,-70.24,-24.63,2581.0,2011-06-30,422.98070262246415,337.88186498855833,9.681875,17.03814814814815,7.306814814814815,http://walker.dgf.uchile.cl/Mediciones/datos/csv/ARMA.csv
ARMA,Armazones,II Región de Antofagasta,-70.24,-24.63,2581.0,2011-07-31,436.8997590361446,357.7392786140301,8.203001792114694,25.556339605734767,7.721554659498207,http://walker.dgf.uchile.cl/Mediciones/datos/csv/ARMA.csv
ARMA,Armazones,II Región de Antofagasta,-70.24,-24.63,2581.0,2011-08-31,544.5538894095595,462.2447590525456,10.009117383512544,11.16429211469534,6.145282258064516,http://walker.dgf.uchile.cl/Mediciones/datos/csv/ARMA.csv
ARMA,Armazones,II Región de Antofagasta,-70.24,-24.63,2581.0,2011-09-30,630.3459061637534,494.07106981416376,13.07398148148148,8.503796296296297,5.3517523148148145,http://walker.dgf.uchile.cl/Mediciones/datos/csv/ARMA.csv
ARMA,Armazones,II Región de Antofagasta,-70.24,-24.63,2581.0,2011-10-31,687.1545189504374,585.1810803956379,11.37703853046595,10.427576164874552,7.647945788530466,http://walker.dgf.uchile.cl/Mediciones/datos/csv/ARMA.csv
ARMA,Armazones,II Región de Antofagasta,-70.24,-24.63,2581.0,2011-11-30,716.5053630363036,590.7072628458498,14.612476851851852,11.980162037037038,5.576189814814815,http://walker.dgf.uchile.cl/Mediciones/datos/csv/ARMA.csv
ARMA,Armazones,II Región de Antofagasta,-70.24,-24.63,2581.0,2011-12-31,692.8061302681992,570.2705601907032,15.053024193548387,17.43512544802867,5.653286290322581,http://walker.dgf.uchile.cl/Mediciones/datos/csv/ARMA.csv
ARMA,Armazones,II Región de Antofagasta,-70.24,-24.63,2581.0,2012-01-31,680.1249033255993,553.034251497006,15.106922043010753,27.824551971326166,5.453196684587813,http://walker.dgf.uchile.cl/Mediciones/datos/csv/ARMA.csv
ARMA,Armazones,II Región de Antofagasta,-70.24,-24.63,2581.0,2012-02-29,625.3476144109055,470.6354047890536,15.148032786885247,36.85215846994535,4.940806010928961,http://walker.dgf.uchile.cl/Mediciones/datos/csv/ARMA.csv
ARMA,Armazones,II Región de Antofagasta,-70.24,-24.63,2581.0,2012-05-31,462.76917562724014,350.8757062146893,11.98720079787234,19.905452127659576,7.644365026595745,http://walker.dgf.uchile.cl/Mediciones/datos/csv/ARMA.csv
ARMA,Armazones,II Región de Antofagasta,-70.24,-24.63,2581.0,2012-06-30,433.97389969293755,337.3088991073844,10.540810185185185,18.589050925925925,6.072530092592593,http://walker.dgf.uchile.cl/Mediciones/datos/csv/ARMA.csv
ARMA,Armazones,II Región de Antofagasta,-70.24,-24.63,2581.0,2012-07-31,445.868978805395,340.5632213388048,10.102956989247312,10.145385304659499,5.702009408602151,http://walker.dgf.uchile.cl/Mediciones/datos/csv/ARMA.csv
ARMA,Armazones,II Región de Antofagasta,-70.24,-24.63,2581.0,2012-08-31,533.141592920354,459.95839112343964,11.292069892473119,11.113306451612903,6.971317204301075,http://walker.dgf.uchile.cl/Mediciones/datos/csv/ARMA.csv
ARMA,Armazones,II Región de Antofagasta,-70.24,-24.63,2581.0,2012-09-30,619.7697578803106,516.4399569197631,13.73724537037037,10.824837962962963,6.716967592592592,http://walker.dgf.uchile.cl/Mediciones/datos/csv/ARMA.csv
ARMA,Armazones,II Región de Antofagasta,-70.24,-24.63,2581.0,2012-10-31,690.5369828666945,565.70858671856,13.050604838709678,9.260125448028672,6.181823476702509,http://walker.dgf.uchile.cl/Mediciones/datos/csv/ARMA.csv
ARMA,Armazones,II Región de Antofagasta,-70.24,-24.63,2581.0,2012-11-30,720.8656777915121,581.4545891398366,14.55851851851852,9.51525462962963,5.975951388888889,http://walker.dgf.uchile.cl/Mediciones/datos/csv/ARMA.csv
ARMA,Armazones,II Región de Antofagasta,-70.24,-24.63,2581.0,2012-12-31,708.5269066976384,567.9122887163088,15.492562724014338,19.75976702508961,5.202305107526882,http://walker.dgf.uchile.cl/Mediciones/datos/csv/ARMA.csv
ARMA,Armazones,II Región de Antofagasta,-70.24,-24.63,2581.0,2013-01-31,684.6501945525292,542.5620353159851,16.126500896057347,16.92688172043011,5.3798566308243725,http://walker.dgf.uchile.cl/Mediciones/datos/csv/ARMA.csv
ARMA,Armazones,II Región de Antofagasta,-70.24,-24.63,2581.0,2013-02-28,687.455328798186,532.8351254480286,15.912896825396826,29.311805555555555,5.420543154761905,http://walker.dgf.uchile.cl/Mediciones/datos/csv/ARMA.csv
ARMA,Armazones,II Región de Antofagasta,-70.24,-24.63,2581.0,2013-03-31,645.2440501947209,489.68923290203327,14.633960573476703,21.716935483870966,5.631720430107527,http://walker.dgf.uchile.cl/Mediciones/datos/csv/ARMA.csv
ARMA,Armazones,II Región de Antofagasta,-70.24,-24.63,2581.0,2013-04-30,572.1783681214421,416.5419075144509,13.761064814814816,12.440277777777778,5.79075,http://walker.dgf.uchile.cl/Mediciones/datos/csv/ARMA.csv
ARMA,Armazones,II Región de Antofagasta,-70.24,-24.63,2581.0,2013-05-31,456.77570093457945,327.96062992125985,11.070900537634408,20.019175627240145,6.306503136200717,http://walker.dgf.uchile.cl/Mediciones/datos/csv/ARMA.csv
ARMA,Armazones,II Región de Antofagasta,-70.24,-24.63,2581.0,2013-06-30,434.1860111505322,310.5959595959596,9.976041666666667,17.502453703703704,6.183305555555556,http://walker.dgf.uchile.cl/Mediciones/datos/csv/ARMA.csv
ARMA,Armazones,II Región de Antofagasta,-70.24,-24.63,2581.0,2013-07-31,452.2409638554217,346.6943720687858,11.01810035842294,14.076724910394265,6.010224014336917,http://walker.dgf.uchile.cl/Mediciones/datos/csv/ARMA.csv
ARMA,Armazones,II Región de Antofagasta,-70.24,-24.63,2581.0,2013-08-31,528.4011116257527,393.8653892215569,10.88111559139785,11.919198028673836,5.303525985663082,http://walker.dgf.uchile.cl/Mediciones/datos/csv/ARMA.csv
ARMA,Armazones,II Región de Antofagasta,-70.24,-24.63,2581.0,2013-09-30,616.8569488456316,492.38049519959577,11.897430555555555,10.342337962962963,5.953812500000001,http://walker.dgf.uchile.cl/Mediciones/datos/csv/ARMA.csv
ARMA,Armazones,II Región de Antofagasta,-70.24,-24.63,2581.0,2013-10-31,689.5215571368774,537.1596364483803,12.711402329749104,8.755689964157707,5.885333781362007,http://walker.dgf.uchile.cl/Mediciones/datos/csv/ARMA.csv
ARMA,Armazones,II Región de Antofagasta,-70.24,-24.63,2581.0,2013-11-30,725.0861500412201,592.144543483498,13.616944444444444,11.63363425925926,6.141729166666667,http://walker.dgf.uchile.cl/Mediciones/datos/csv/ARMA.csv
ARMA,Armazones,II Región de Antofagasta,-70.24,-24.63,2581.0,2013-12-31,704.4269141531322,570.7020190299373,16.0480958781362,16.191173835125447,5.693183243727598,http://walker.dgf.uchile.cl/Mediciones/datos/csv/ARMA.csv
ARMA,Armazones,II Región de Antofagasta,-70.24,-24.63,2581.0,2014-01-31,686.3804305283758,541.9955679962678,15.576590501792113,34.83691756272401,5.436093189964158,http://walker.dgf.uchile.cl/Mediciones/datos/csv/ARMA.csv
ARMA,Armazones,II Región de Antofagasta,-70.24,-24.63,2581.0,2014-02-28,700.1397459165154,553.93564993565,14.79861111111111,19.552579365079364,5.569012896825396,http://walker.dgf.uchile.cl/Mediciones/datos/csv/ARMA.csv
ARMA,Armazones,II Región de Antofagasta,-70.24,-24.63,2581.0,2014-03-31,646.106942647693,509.8998091603053,13.555622759856632,30.00060483870968,6.225165770609319,http://walker.dgf.uchile.cl/Mediciones/datos/csv/ARMA.csv
ARMA,Armazones,II Región de Antofagasta,-70.24,-24.63,2581.0,2014-04-30,564.3975332068311,422.94780846212313,13.853310185185185,17.95925925925926,5.387078703703704,http://walker.dgf.uchile.cl/Mediciones/datos/csv/ARMA.csv
ARMA,Armazones,II Región de Antofagasta,-70.24,-24.63,2581.0,2014-05-31,464.244888254874,332.4989090909091,10.242450716845878,21.113172043010753,7.09532482078853,http://walker.dgf.uchile.cl/Mediciones/datos/csv/ARMA.csv
ARMA,Armazones,II Región de Antofagasta,-70.24,-24.63,2581.0,2014-06-30,,402.06,9.92439393939394,12.376363636363635,8.250636363636364,http://walker.dgf.uchile.cl/Mediciones/datos/csv/ARMA.csv
CAMA,Pampa Camarones,XV Región de Arica y Parinacota,-70.22,-18.86,795.0,2010-01-31,566.7775423728814,511.55183946488296,20.664322250639387,59.97161125319693,2.9487380191693293,http://walker.dgf.uchile.cl/Mediciones/datos/csv/CAMA.csv
CAMA,Pampa Camarones,XV Región de Arica y Parinacota,-70.22,-18.86,795.0,2010-02-28,445.16284896206156,390.56907894736844,21.838198064035744,60.53616281955821,3.129379498634897,http://walker.dgf.uchile.cl/Mediciones/datos/csv/CAMA.csv
CAMA,Pampa Camarones,XV Región de Arica y Parinacota,-70.22,-18.86,795.0,2010-03-31,532.4903657097916,516.6260239445495,19.593454382425463,63.42046626316969,3.0765075095270116,http://walker.dgf.uchile.cl/Mediciones/datos/csv/CAMA.csv
CAMA,Pampa Camarones,XV Región de Arica y Parinacota,-70.22,-18.86,795.0,2010-04-30,312.98257211538464,312.0621468926554,18.178619411628446,73.49657169330554,3.028952976604123,http://walker.dgf.uchile.cl/Mediciones/datos/csv/CAMA.csv
CAMA,Pampa Camarones,XV Región de Arica y Parinacota,-70.22,-18.86,795.0,2010-05-31,297.9984326018809,292.85052518179367,15.89930508854517,76.85088545169245,2.8390607487110513,http://walker.dgf.uchile.cl/Mediciones/datos/csv/CAMA.csv
CAMA,Pampa Camarones,XV Región de Arica y Parinacota,-70.22,-18.86,795.0,2010-06-30,263.31877729257644,263.7329192546584,11.985522353486218,87.02749594625898,2.480606902941858,http://walker.dgf.uchile.cl/Mediciones/datos/csv/CAMA.csv
CAMA,Pampa Camarones,XV Región de Arica y Parinacota,-70.22,-18.86,795.0,2010-07-31,306.98552093169656,319.34926568758345,10.650930284689531,79.91656579242323,2.651486213853396,http://walker.dgf.uchile.cl/Mediciones/datos/csv/CAMA.csv
CAMA,Pampa Camarones,XV Región de Arica y Parinacota,-70.22,-18.86,795.0,2010-08-31,328.21075837742507,342.3166580711707,11.875790181573638,78.81777628334454,2.8830643353508183,http://walker.dgf.uchile.cl/Mediciones/datos/csv/CAMA.csv
CAMA,Pampa Camarones,XV Región de Arica y Parinacota,-70.22,-18.86,795.0,2010-09-30,362.8524142119648,386.3920824295011,13.491753532545749,81.59321287931435,3.065110030113505,http://walker.dgf.uchile.cl/Mediciones/datos/csv/CAMA.csv
CAMA,Pampa Camarones,XV Región de Arica y Parinacota,-70.22,-18.86,795.0,2010-10-31,435.7980884109916,438.59481403876373,13.922618247029815,81.49544945079579,3.08813046402152,http://walker.dgf.uchile.cl/Mediciones/datos/csv/CAMA.csv
CAMA,Pampa Camarones,XV Región de Arica y Parinacota,-70.22,-18.86,795.0,2010-11-30,554.7284482758621,551.4038980509745,15.756265925411165,77.26448922863099,3.4342645355570998,http://walker.dgf.uchile.cl/Mediciones/datos/csv/CAMA.csv
CAMA,Pampa Camarones,XV Región de Arica y Parinacota,-70.22,-18.86,795.0,2010-12-31,601.769951292619,557.1421730020952,17.787805424792648,72.33680789060749,3.448244788164089,http://walker.dgf.uchile.cl/Mediciones/datos/csv/CAMA.csv
CAMA,Pampa Camarones,XV Región de Arica y Parinacota,-70.22,-18.86,795.0,2011-01-31,525.7660455486542,461.6797497155859,20.072450123290743,64.59150414705223,3.374030486438018,http://walker.dgf.uchile.cl/Mediciones/datos/csv/CAMA.csv
CAMA,Pampa Camarones,XV Región de Arica y Parinacota,-70.22,-18.86,795.0,2011-02-28,455.9261213720317,365.0734244946492,21.52185328185328,68.0265637065637,3.3184169884169883,http://walker.dgf.uchile.cl/Mediciones/datos/csv/CAMA.csv
CAMA,Pampa Camarones,XV Región de Arica y Parinacota,-70.22,-18.86,795.0,2011-03-31,594.8099068585944,542.161380597015,19.144608832100428,69.71636404393634,3.2676754091010984,http://walker.dgf.uchile.cl/Mediciones/datos/csv/CAMA.csv
CAMA,Pampa Camarones,XV Región de Arica y Parinacota,-70.22,-18.86,795.0,2011-04-30,435.5845070422535,394.5403782647854,17.805327773917075,81.58908964558721,3.049228630993746,http://walker.dgf.uchile.cl/Mediciones/datos/csv/CAMA.csv
CAMA,Pampa Camarones,XV Región de Arica y Parinacota,-70.22,-18.86,795.0,2011-05-31,306.2340493747996,289.8989034501204,14.737188971082718,87.4657924232235,2.7411768661735034,http://walker.dgf.uchile.cl/Mediciones/datos/csv/CAMA.csv
CAMA,Pampa Camarones,XV Región de Arica y Parinacota,-70.22,-18.86,795.0,2011-06-30,229.04597048808174,224.93491577335377,13.60463284688441,91.70741255501507,2.683099374565671,http://walker.dgf.uchile.cl/Mediciones/datos/csv/CAMA.csv
CAMA,Pampa Camarones,XV Región de Arica y Parinacota,-70.22,-18.86,795.0,2011-07-31,209.66153437748872,201.70408163265307,12.055884330867519,93.5472539789285,2.418085631024434,http://walker.dgf.uchile.cl/Mediciones/datos/csv/CAMA.csv
CAMA,Pampa Camarones,XV Región de Arica y Parinacota,-70.22,-18.86,795.0,2011-08-31,307.1456839690278,304.38976767177456,12.288433086751848,88.0430845101995,2.765084061869536,http://walker.dgf.uchile.cl/Mediciones/datos/csv/CAMA.csv
CAMA,Pampa Camarones,XV Región de Arica y Parinacota,-70.22,-18.86,795.0,2011-09-30,375.9617777777778,394.66144609762466,13.435487607134585,84.82805188788511,3.1038082001389853,http://walker.dgf.uchile.cl/Mediciones/datos/csv/CAMA.csv
CAMA,Pampa Camarones,XV Región de Arica y Parinacota,-70.22,-18.86,795.0,2011-10-31,491.5161502966381,479.9685620557682,15.22734812822237,78.64348800717327,3.2643219009190765,http://walker.dgf.uchile.cl/Mediciones/datos/csv/CAMA.csv
CAMA,Pampa Camarones,XV Región de Arica y Parinacota,-70.22,-18.86,795.0,2011-11-30,483.1385503527903,474.68657937806876,16.586286773222145,85.2069261060922,3.3848343757238823,http://walker.dgf.uchile.cl/Mediciones/datos/csv/CAMA.csv
CAMA,Pampa Camarones,XV Región de Arica y Parinacota,-70.22,-18.86,795.0,2011-12-31,480.418853255588,406.35348713869,18.879511320331765,83.90239856534409,3.360073974445192,http://walker.dgf.uchile.cl/Mediciones/datos/csv/CAMA.csv
CAMA,Pampa Camarones,XV Región de Arica y Parinacota,-70.22,-18.86,795.0,2012-01-31,486.39082687338504,414.25386199794025,20.738194444444446,76.26084229390682,3.3086783154121866,http://walker.dgf.uchile.cl/Mediciones/datos/csv/CAMA.csv
CAMA,Pampa Camarones,XV Región de Arica y Parinacota,-70.22,-18.86,795.0,2012-02-29,425.94608985024956,349.1307082307903,21.731369731800765,77.66865421455938,3.274195402298851,http://walker.dgf.uchile.cl/Mediciones/datos/csv/CAMA.csv
CAMA,Pampa Camarones,XV Región de Arica y Parinacota,-70.22,-18.86,795.0,2012-03-31,447.3624606780846,392.68734559429043,20.789874551971327,86.71944444444443,3.10478270609319,http://walker.dgf.uchile.cl/Mediciones/datos/csv/CAMA.csv
CAMA,Pampa Camarones,XV Región de Arica y Parinacota,-70.22,-18.86,795.0,2012-04-30,445.50784077201445,402.9525691699605,19.006550925925925,85.61444444444444,3.0820416666666666,http://walker.dgf.uchile.cl/Mediciones/datos/csv/CAMA.csv
CAMA,Pampa Camarones,XV Región de Arica y Parinacota,-70.22,-18.86,795.0,2012-05-31,360.455207574654,346.57574015521703,15.56034946236559,83.26624103942652,2.8307213261648747,http://walker.dgf.uchile.cl/Mediciones/datos/csv/CAMA.csv
CAMA,Pampa Camarones,XV Región de Arica y Parinacota,-70.22,-18.86,795.0,2012-06-30,253.17088607594937,256.2640653357532,14.134630032644178,83.40285636561481,,http://walker.dgf.uchile.cl/Mediciones/datos/csv/CAMA.csv
CAMA,Pampa Camarones,XV Región de Arica y Parinacota,-70.22,-18.86,795.0,2012-07-31,266.0020207852194,258.57631776167875,12.51771953405018,84.55035842293907,,http://walker.dgf.uchile.cl/Mediciones/datos/csv/CAMA.csv
CAMA,Pampa Camarones,XV Región de Arica y Parinacota,-70.22,-18.86,795.0,2012-08-31,268.28934010152284,280.5612169181301,12.335909498207885,86.0617159498208,,http://walker.dgf.uchile.cl/Mediciones/datos/csv/CAMA.csv
CAMA,Pampa Camarones,XV Región de Arica y Parinacota,-70.22,-18.86,795.0,2012-09-30,344.9355581127733,348.7614044079959,13.664560185185186,83.53571759259259,,http://walker.dgf.uchile.cl/Mediciones/datos/csv/CAMA.csv
CAMA,Pampa Camarones,XV Región de Arica y Parinacota,-70.22,-18.86,795.0,2012-10-31,393.78052805280527,398.546828543112,14.685797491039425,80.86052867383513,,http://walker.dgf.uchile.cl/Mediciones/datos/csv/CAMA.csv
CAMA,Pampa Camarones,XV Región de Arica y Parinacota,-70.22,-18.86,795.0,2012-11-30,464.7227569077926,454.8916349809886,16.27541666666667,77.37331018518519,,http://walker.dgf.uchile.cl/Mediciones/datos/csv/CAMA.csv
CAMA,Pampa Camarones,XV Región de Arica y Parinacota,-70.22,-18.86,795.0,2012-12-31,452.4218081857056,391.37102564102565,18.908378136200717,72.70452508960574,,http://walker.dgf.uchile.cl/Mediciones/datos/csv/CAMA.csv
CAMA,Pampa Camarones,XV Región de Arica y Parinacota,-70.22,-18.86,795.0,2013-01-31,467.13748825555905,390.02980891719744,19.93555107526882,73.17495519713262,,http://walker.dgf.uchile.cl/Mediciones/datos/csv/CAMA.csv
CAMA,Pampa Camarones,XV Región de Arica y Parinacota,-70.22,-18.86,795.0,2013-02-28,534.813586736757,443.17828297935984,21.585267857142856,66.17237103174604,,http://walker.dgf.uchile.cl/Mediciones/datos/csv/CAMA.csv
CAMA,Pampa Camarones,XV Región de Arica y Parinacota,-70.22,-18.86,795.0,2013-03-31,494.5767955801105,430.2522746071133,19.397871863799285,77.17385752688172,,http://walker.dgf.uchile.cl/Mediciones/datos/csv/CAMA.csv
CAMA,Pampa Camarones,XV Región de Arica y Parinacota,-70.22,-18.86,795.0,2013-04-30,524.9235895157708,475.2144447979637,16.56173611111111,74.01449074074074,,http://walker.dgf.uchile.cl/Mediciones/datos/csv/CAMA.csv
CAMA,Pampa Camarones,XV Región de Arica y Parinacota,-70.22,-18.86,795.0,2013-05-31,297.67784585617545,268.9258198854763,15.076052867383513,82.58216845878135,,http://walker.dgf.uchile.cl/Mediciones/datos/csv/CAMA.csv
CAMA,Pampa Camarones,XV Región de Arica y Parinacota,-70.22,-18.86,795.0,2013-06-30,273.3629856850716,238.8952047413793,13.436319444444445,80.37810185185185,,http://walker.dgf.uchile.cl/Mediciones/datos/csv/CAMA.csv
CAMA,Pampa Camarones,XV Región de Arica y Parinacota,-70.22,-18.86,795.0,2013-07-31,307.02842809364546,288.64751469802246,12.866733870967742,79.10315860215054,,http://walker.dgf.uchile.cl/Mediciones/datos/csv/CAMA.csv
CAMA,Pampa Camarones,XV Región de Arica y Parinacota,-70.22,-18.86,795.0,2013-08-31,308.8157134604275,316.64997458057957,12.414560931899642,80.89798387096774,,http://walker.dgf.uchile.cl/Mediciones/datos/csv/CAMA.csv
CAMA,Pampa Camarones,XV Región de Arica y Parinacota,-70.22,-18.86,795.0,2013-09-30,363.0169541939322,389.9172176672838,14.358508914100486,79.96096318592268,,http://walker.dgf.uchile.cl/Mediciones/datos/csv/CAMA.csv
CAMA,Pampa Camarones,XV Región de Arica y Parinacota,-70.22,-18.86,795.0,2013-10-31,426.28100607111884,435.0263624841572,14.74249551971326,78.52249103942653,,http://walker.dgf.uchile.cl/Mediciones/datos/csv/CAMA.csv
CAMA,Pampa Camarones,XV Región de Arica y Parinacota,-70.22,-18.86,795.0,2013-11-30,512.2708120965002,523.1081632653061,16.346041666666665,72.97530092592592,,http://walker.dgf.uchile.cl/Mediciones/datos/csv/CAMA.csv
CAMA,Pampa Camarones,XV Región de Arica y Parinacota,-70.22,-18.86,795.0,2013-12-31,543.7777777777778,459.40364229410164,19.092517921146953,72.02327508960575,,http://walker.dgf.uchile.cl/Mediciones/datos/csv/CAMA.csv
CAMA,Pampa Camarones,XV Región de Arica y Parinacota,-70.22,-18.86,795.0,2014-01-31,518.664046479836,431.98835670812383,21.591017025089606,63.95609318996416,,http://walker.dgf.uchile.cl/Mediciones/datos/csv/CAMA.csv
CAMA,Pampa Camarones,XV Región de Arica y Parinacota,-70.22,-18.86,795.0,2014-02-28,616.7708333333334,543.4277591973245,19.830059523809524,65.56614583333334,,http://walker.dgf.uchile.cl/Mediciones/datos/csv/CAMA.csv
CAMA,Pampa Camarones,XV Región de Arica y Parinacota,-70.22,-18.86,795.0,2014-03-31,551.1568228105906,472.73930753564156,19.687477598566307,71.32302867383513,,http://walker.dgf.uchile.cl/Mediciones/datos/csv/CAMA.csv
CAMA,Pampa Camarones,XV Región de Arica y Parinacota,-70.22,-18.86,795.0,2014-04-30,330.5576863594185,305.8023726071717,16.848958333333332,83.13844907407407,,http://walker.dgf.uchile.cl/Mediciones/datos/csv/CAMA.csv
CAMA,Pampa Camarones,XV Región de Arica y Parinacota,-70.22,-18.86,795.0,2014-05-31,311.02114706824733,303.52535059331177,14.634498207885304,82.83158602150537,,http://walker.dgf.uchile.cl/Mediciones/datos/csv/CAMA.csv
CAMA,Pampa Camarones,XV Región de Arica y Parinacota,-70.22,-18.86,795.0,2014-06-30,212.662440570523,216.45526127415891,12.676606683804627,85.76349614395887,,http://walker.dgf.uchile.cl/Mediciones/datos/csv/CAMA.csv
CAMA,Pampa Camarones,XV Región de Arica y Parinacota,-70.22,-18.86,795.0,2014-07-31,282.44643390032826,290.3970626127287,11.502329749103943,81.88685035842295,,http://walker.dgf.uchile.cl/Mediciones/datos/csv/CAMA.csv
CAMA,Pampa Camarones,XV Región de Arica y Parinacota,-70.22,-18.86,795.0,2014-08-31,312.2016614150673,323.4179519595449,13.5144041218638,77.4883064516129,,http://walker.dgf.uchile.cl/Mediciones/datos/csv/CAMA.csv
CAMA,Pampa Camarones,XV Región de Arica y Parinacota,-70.22,-18.86,795.0,2014-09-30,326.11117196056955,320.22241550695827,13.703101851851851,86.24537037037037,,http://walker.dgf.uchile.cl/Mediciones/datos/csv/CAMA.csv
CAMA,Pampa Camarones,XV Región de Arica y Parinacota,-70.22,-18.86,795.0,2014-10-31,436.6552247873633,430.8586508753862,15.867047491039427,77.05358422939068,,http://walker.dgf.uchile.cl/Mediciones/datos/csv/CAMA.csv
CAMA,Pampa Camarones,XV Región de Arica y Parinacota,-70.22,-18.86,795.0,2014-11-30,435.4570477918935,448.84316427783904,16.936422105764652,73.07951405431157,,http://walker.dgf.uchile.cl/Mediciones/datos/csv/CAMA.csv
CAMA,Pampa Camarones,XV Región de Arica y Parinacota,-70.22,-18.86,795.0,2014-12-31,465.0670407560543,465.6327668613914,17.830465949820788,71.00264336917563,,http://walker.dgf.uchile.cl/Mediciones/datos/csv/CAMA.csv
CAMA,Pampa Camarones,XV Región de Arica y Parinacota,-70.22,-18.86,795.0,2015-01-31,488.5063414634146,403.80172646344755,19.298409498207885,62.21418010752688,,http://walker.dgf.uchile.cl/Mediciones/datos/csv/CAMA.csv
CAMA,Pampa Camarones,XV Región de Arica y Parinacota,-70.22,-18.86,795.0,2015-02-28,408.85268326902843,303.1132768361582,21.836755952380955,55.33675595238095,,http://walker.dgf.uchile.cl/Mediciones/datos/csv/CAMA.csv
CAMA,Pampa Camarones,XV Región de Arica y Parinacota,-70.22,-18.86,795.0,2015-03-31,454.5952712100139,377.66992859032,21.811514336917565,55.8584229390681,,http://walker.dgf.uchile.cl/Mediciones/datos/csv/CAMA.csv
CAMA,Pampa Camarones,XV Región de Arica y Parinacota,-70.22,-18.86,795.0,2015-04-30,369.78345070422534,313.6585769442912,18.652175925925924,67.84402777777778,,http://walker.dgf.uchile.cl/Mediciones/datos/csv/CAMA.csv
CAMA,Pampa Camarones,XV Región de Arica y Parinacota,-70.22,-18.86,795.0,2015-05-31,271.46651270207855,251.6228627259404,16.176333482743164,75.13792562724015,,http://walker.dgf.uchile.cl/Mediciones/datos/csv/CAMA.csv
CAMA,Pampa Camarones,XV Región de Arica y Parinacota,-70.22,-18.86,795.0,2015-06-30,239.87176570941142,234.52857142857144,13.748726851851853,77.47155092592592,,http://walker.dgf.uchile.cl/Mediciones/datos/csv/CAMA.csv
CAMA,Pampa Camarones,XV Región de Arica y Parinacota,-70.22,-18.86,795.0,2015-07-31,251.9445387662705,242.24008302583024,12.387275985663083,74.46189516129033,,http://walker.dgf.uchile.cl/Mediciones/datos/csv/CAMA.csv
CAMA,Pampa Camarones,XV Región de Arica y Parinacota,-70.22,-18.86,795.0,2015-08-31,303.8693379790941,293.86410496719776,13.743391577060931,64.33756720430108,,http://walker.dgf.uchile.cl/Mediciones/datos/csv/CAMA.csv
CAMA,Pampa Camarones,XV Región de Arica y Parinacota,-70.22,-18.86,795.0,2015-09-30,363.8589970501475,355.6178236848427,15.15275462962963,62.39469907407407,,http://walker.dgf.uchile.cl/Mediciones/datos/csv/CAMA.csv
CAMA,Pampa Camarones,XV Región de Arica y Parinacota,-70.22,-18.86,795.0,2015-10-31,376.6084029086992,348.6281142857143,16.182459677419356,62.931563620071685,,http://walker.dgf.uchile.cl/Mediciones/datos/csv/CAMA.csv
CAMA,Pampa Camarones,XV Región de Arica y Parinacota,-70.22,-18.86,795.0,2015-11-30,421.9317396313364,370.63155374670816,16.784837962962964,61.958773148148154,,http://walker.dgf.uchile.cl/Mediciones/datos/csv/CAMA.csv
CAMA,Pampa Camarones,XV Región de Arica y Parinacota,-70.22,-18.86,795.0,2015-12-31,432.81413911060434,363.17107706592384,18.60521953405018,62.16962365591398,,http://walker.dgf.uchile.cl/Mediciones/datos/csv/CAMA.csv
CAMA,Pampa Camarones,XV Región de Arica y Parinacota,-70.22,-18.86,795.0,2016-01-31,486.63280757097795,411.4046775336641,20.469690860215053,56.65557795698925,,http://walker.dgf.uchile.cl/Mediciones/datos/csv/CAMA.csv
CAMA,Pampa Camarones,XV Región de Arica y Parinacota,-70.22,-18.86,795.0,2016-02-29,489.62154186646995,331.66301369863015,22.018055555555556,55.55797413793103,,http://walker.dgf.uchile.cl/Mediciones/datos/csv/CAMA.csv
CAMA,Pampa Camarones,XV Región de Arica y Parinacota,-70.22,-18.86,795.0,2016-03-31,526.9577795152463,382.3414870428675,21.175851254480285,56.04955197132617,,http://walker.dgf.uchile.cl/Mediciones/datos/csv/CAMA.csv
CAMA,Pampa Camarones,XV Región de Arica y Parinacota,-70.22,-18.86,795.0,2016-04-30,443.91384483497643,269.2803916885598,18.557476851851852,61.51111111111111,,http://walker.dgf.uchile.cl/Mediciones/datos/csv/CAMA.csv
CAMA,Pampa Camarones,XV Región de Arica y Parinacota,-70.22,-18.86,795.0,2016-05-31,456.01822323462414,301.88568047337276,15.66785394265233,65.77777777777777,,http://walker.dgf.uchile.cl/Mediciones/datos/csv/CAMA.csv
CAMA,Pampa Camarones,XV Región de Arica y Parinacota,-70.22,-18.86,795.0,2016-06-30,345.28269149386375,239.8292145828236,14.247569444444444,62.56548611111111,,http://walker.dgf.uchile.cl/Mediciones/datos/csv/CAMA.csv
CAMA,Pampa Camarones,XV Región de Arica y Parinacota,-70.22,-18.86,795.0,2016-07-31,386.59886759581883,249.8180103724658,13.443817204301075,69.57260304659498,,http://walker.dgf.uchile.cl/Mediciones/datos/csv/CAMA.csv
CAMA,Pampa Camarones,XV Región de Arica y Parinacota,-70.22,-18.86,795.0,2016-08-31,339.18919734459865,409.60592592592593,13.171975806451613,68.93113799283154,,http://walker.dgf.uchile.cl/Mediciones/datos/csv/CAMA.csv
CAMA,Pampa Camarones,XV Región de Arica y Parinacota,-70.22,-18.86,795.0,2016-09-30,444.95200276243094,489.7569745815251,14.351435185185185,64.34212962962962,,http://walker.dgf.uchile.cl/Mediciones/datos/csv/CAMA.csv
CAMA,Pampa Camarones,XV Región de Arica y Parinacota,-70.22,-18.86,795.0,2016-10-31,458.20757670632435,407.06733106465725,15.50331541218638,63.53301971326165,,http://walker.dgf.uchile.cl/Mediciones/datos/csv/CAMA.csv
CAMA,Pampa Camarones,XV Región de Arica y Parinacota,-70.22,-18.86,795.0,2016-11-30,547.3446043165468,441.1698487478304,17.533842592592592,50.173425925925926,,http://walker.dgf.uchile.cl/Mediciones/datos/csv/CAMA.csv
CAMA,Pampa Camarones,XV Región de Arica y Parinacota,-70.22,-18.86,795.0,2016-12-31,585.5300807043287,425.16291327264014,19.30965501792115,49.126321684587815,,http://walker.dgf.uchile.cl/Mediciones/datos/csv/CAMA.csv
CAMA,Pampa Camarones,XV Región de Arica y Parinacota,-70.22,-18.86,795.0,2017-01-31,473.4421445537835,283.93515358361776,22.602374551971327,48.05676523297491,,http://walker.dgf.uchile.cl/Mediciones/datos/csv/CAMA.csv
CAMA,Pampa Camarones,XV Región de Arica y Parinacota,-70.22,-18.86,795.0,2017-02-28,543.8635804997951,360.807800872466,22.897321428571427,42.28263888888889,,http://walker.dgf.uchile.cl/Mediciones/datos/csv/CAMA.csv
CAMA,Pampa Camarones,XV Región de Arica y Parinacota,-70.22,-18.86,795.0,2017-03-31,517.4091266719118,317.29787234042556,21.4663082437276,48.41418010752688,,http://walker.dgf.uchile.cl/Mediciones/datos/csv/CAMA.csv
CAMA,Pampa Camarones,XV Región de Arica y Parinacota,-70.22,-18.86,795.0,2017-04-30,475.9749058971142,339.3385982230997,18.328055555555554,53.75087962962963,,http://walker.dgf.uchile.cl/Mediciones/datos/csv/CAMA.csv
CAMA,Pampa Camarones,XV Región de Arica y Parinacota,-70.22,-18.86,795.0,2017-05-31,299.3342382083475,203.36954009706494,16.26621863799283,63.91523297491039,,http://walker.dgf.uchile.cl/Mediciones/datos/csv/CAMA.csv
CAMA,Pampa Camarones,XV Región de Arica y Parinacota,-70.22,-18.86,795.0,2017-06-30,259.6149651620721,228.46630280018985,14.356782407407408,65.37143518518518,,http://walker.dgf.uchile.cl/Mediciones/datos/csv/CAMA.csv
CAMA,Pampa Camarones,XV Región de Arica y Parinacota,-70.22,-18.86,795.0,2017-07-31,240.75974911371694,225.87827076222982,12.768145161290322,70.17251344086021,,http://walker.dgf.uchile.cl/Mediciones/datos/csv/CAMA.csv
CAMA,Pampa Camarones,XV Región de Arica y Parinacota,-70.22,-18.86,795.0,2017-08-31,300.7322255516208,295.08117996798535,12.268145161290322,67.18794802867383,,http://walker.dgf.uchile.cl/Mediciones/datos/csv/CAMA.csv
CAMA,Pampa Camarones,XV Región de Arica y Parinacota,-70.22,-18.86,795.0,2017-09-30,351.5222779580997,317.49008836876044,13.810625,59.46030092592593,,http://walker.dgf.uchile.cl/Mediciones/datos/csv/CAMA.csv
CAMA,Pampa Camarones,XV Región de Arica y Parinacota,-70.22,-18.86,795.0,2017-10-31,397.9966960352423,344.5337054529841,14.171712473572939,57.805412262156445,,http://walker.dgf.uchile.cl/Mediciones/datos/csv/CAMA.csv
CRUC,Crucero,II Región de Antofagasta,-69.57,-22.27,1176.0,2009-08-31,,,17.913813229571986,11.492412451361869,3.2830739299610894,http://walker.dgf.uchile.cl/Mediciones/datos/csv/CRUC.csv
CRUC,Crucero,II Región de Antofagasta,-69.57,-22.27,1176.0,2009-09-30,585.9991079393399,719.6117886178862,17.96101851851852,14.012199074074074,3.3533749999999998,http://walker.dgf.uchile.cl/Mediciones/datos/csv/CRUC.csv
CRUC,Crucero,II Región de Antofagasta,-69.57,-22.27,1176.0,2009-10-31,655.2967445742905,754.0003612716763,19.6774417562724,14.31173835125448,3.1104525089605732,http://walker.dgf.uchile.cl/Mediciones/datos/csv/CRUC.csv
CRUC,Crucero,II Región de Antofagasta,-69.57,-22.27,1176.0,2009-11-30,654.8285361842105,705.1268709907341,20.444699074074077,28.73898148148148,3.5830717592592594,http://walker.dgf.uchile.cl/Mediciones/datos/csv/CRUC.csv
CRUC,Crucero,II Región de Antofagasta,-69.57,-22.27,1176.0,2009-12-31,658.3304787855196,671.4871963230466,20.698163082437276,35.3660394265233,3.468718637992832,http://walker.dgf.uchile.cl/Mediciones/datos/csv/CRUC.csv
CRUC,Crucero,II Región de Antofagasta,-69.57,-22.27,1176.0,2010-01-31,647.5789267528398,641.4992,21.609229390681005,35.682549283154124,3.3279121863799284,http://walker.dgf.uchile.cl/Mediciones/datos/csv/CRUC.csv
CRUC,Crucero,II Región de Antofagasta,-69.57,-22.27,1176.0,2010-02-28,609.0171806167401,611.5050835148875,22.113814484126983,48.35290178571429,3.715892857142857,http://walker.dgf.uchile.cl/Mediciones/datos/csv/CRUC.csv
CRUC,Crucero,II Región de Antofagasta,-69.57,-22.27,1176.0,2010-03-31,603.5271350441733,688.0032420749279,21.280421146953405,38.59124103942652,3.091288082437276,http://walker.dgf.uchile.cl/Mediciones/datos/csv/CRUC.csv
CRUC,Crucero,II Región de Antofagasta,-69.57,-22.27,1176.0,2010-04-30,476.90042918454935,524.4009789156627,19.448981481481482,37.90430555555556,2.75780787037037,http://walker.dgf.uchile.cl/Mediciones/datos/csv/CRUC.csv
CRUC,Crucero,II Región de Antofagasta,-69.57,-22.27,1176.0,2010-05-31,420.01446733888645,458.50512070226773,16.284139784946234,32.28387096774194,3.206111111111111,http://walker.dgf.uchile.cl/Mediciones/datos/csv/CRUC.csv
CRUC,Crucero,II Región de Antofagasta,-69.57,-22.27,1176.0,2010-06-30,421.81470588235294,479.201244813278,15.233171296296296,20.35625,2.8387453703703702,http://walker.dgf.uchile.cl/Mediciones/datos/csv/CRUC.csv
CRUC,Crucero,II Región de Antofagasta,-69.57,-22.27,1176.0,2010-07-31,452.5255407271054,532.3641552511416,11.770967741935484,20.67426075268817,3.178391577060932,http://walker.dgf.uchile.cl/Mediciones/datos/csv/CRUC.csv
CRUC,Crucero,II Región de Antofagasta,-69.57,-22.27,1176.0,2010-08-31,535.6651248843664,586.5463200292933,15.723297491039427,14.510058243727599,3.0235797491039427,http://walker.dgf.uchile.cl/Mediciones/datos/csv/CRUC.csv
CRUC,Crucero,II Región de Antofagasta,-69.57,-22.27,1176.0,2010-09-30,593.3694295900178,635.8353025420695,16.41386574074074,20.528726851851854,3.329875,http://walker.dgf.uchile.cl/Mediciones/datos/csv/CRUC.csv
CRUC,Crucero,II Región de Antofagasta,-69.57,-22.27,1176.0,2010-10-31,653.7007450331126,692.7044088176352,17.65340501792115,17.468301971326166,3.3939448924731184,http://walker.dgf.uchile.cl/Mediciones/datos/csv/CRUC.csv
CRUC,Crucero,II Región de Antofagasta,-69.57,-22.27,1176.0,2010-11-30,685.3712277800744,701.4278720626631,18.951064814814817,18.482407407407408,3.3695648148148147,http://walker.dgf.uchile.cl/Mediciones/datos/csv/CRUC.csv
CRUC,Crucero,II Región de Antofagasta,-69.57,-22.27,1176.0,2010-12-31,675.131640625,687.8552380952381,19.951142473118278,27.52385752688172,3.354556451612903,http://walker.dgf.uchile.cl/Mediciones/datos/csv/CRUC.csv
CRUC,Crucero,II Región de Antofagasta,-69.57,-22.27,1176.0,2011-01-31,653.0703616352201,625.1601880877743,21.42972670250896,34.007056451612904,3.219742383512545,http://walker.dgf.uchile.cl/Mediciones/datos/csv/CRUC.csv
CRUC,Crucero,II Región de Antofagasta,-69.57,-22.27,1176.0,2011-02-28,545.5913663034368,469.3497846969195,21.91220238095238,40.93789682539683,3.32374751984127,http://walker.dgf.uchile.cl/Mediciones/datos/csv/CRUC.csv
CRUC,Crucero,II Región de Antofagasta,-69.57,-22.27,1176.0,2011-03-31,620.4464516129033,681.919470293486,20.192383512544804,31.828382616487453,2.771991487455197,http://walker.dgf.uchile.cl/Mediciones/datos/csv/CRUC.csv
CRUC,Crucero,II Región de Antofagasta,-69.57,-22.27,1176.0,2011-04-30,540.7232059645853,612.7916337805841,19.09891203703704,32.85597222222222,2.683435185185185,http://walker.dgf.uchile.cl/Mediciones/datos/csv/CRUC.csv
CRUC,Crucero,II Región de Antofagasta,-69.57,-22.27,1176.0,2011-05-31,465.5756005652379,512.3921722113503,17.591532258064518,20.126478494623658,2.613375896057348,http://walker.dgf.uchile.cl/Mediciones/datos/csv/CRUC.csv
CRUC,Crucero,II Región de Antofagasta,-69.57,-22.27,1176.0,2011-06-30,401.9633558341369,404.672030651341,15.072939814814815,30.964722222222225,3.0030324074074075,http://walker.dgf.uchile.cl/Mediciones/datos/csv/CRUC.csv
CRUC,Crucero,II Región de Antofagasta,-69.57,-22.27,1176.0,2011-07-31,398.42857142857144,412.13559915907496,14.772939068100357,29.183490143369177,3.271299283154122,http://walker.dgf.uchile.cl/Mediciones/datos/csv/CRUC.csv
CRUC,Crucero,II Región de Antofagasta,-69.57,-22.27,1176.0,2011-08-31,530.9248608534323,605.2287607170693,15.638037634408601,17.4274417562724,2.9844802867383513,http://walker.dgf.uchile.cl/Mediciones/datos/csv/CRUC.csv
CRUC,Crucero,II Región de Antofagasta,-69.57,-22.27,1176.0,2011-09-30,611.8436928702012,703.9406055900621,18.023009259259258,12.240393518518518,2.8373078703703705,http://walker.dgf.uchile.cl/Mediciones/datos/csv/CRUC.csv
CRUC,Crucero,II Región de Antofagasta,-69.57,-22.27,1176.0,2011-10-31,649.2982529118136,706.0343273231623,17.583109318996417,18.59094982078853,3.4044802867383512,http://walker.dgf.uchile.cl/Mediciones/datos/csv/CRUC.csv
CRUC,Crucero,II Región de Antofagasta,-69.57,-22.27,1176.0,2011-11-30,676.3184449958643,728.1655052264808,19.99611111111111,21.940856481481482,3.1076458333333337,http://walker.dgf.uchile.cl/Mediciones/datos/csv/CRUC.csv
CRUC,Crucero,II Región de Antofagasta,-69.57,-22.27,1176.0,2011-12-31,627.8011472275334,628.3992840872112,20.736715949820788,33.49135304659498,3.497540322580645,http://walker.dgf.uchile.cl/Mediciones/datos/csv/CRUC.csv
CRUC,Crucero,II Región de Antofagasta,-69.57,-22.27,1176.0,2012-01-31,611.1476028690072,620.5079934747146,21.75022401433692,37.19787186379928,3.2250537634408603,http://walker.dgf.uchile.cl/Mediciones/datos/csv/CRUC.csv
CRUC,Crucero,II Región de Antofagasta,-69.57,-22.27,1176.0,2012-02-29,503.5867865519937,444.36538461538464,22.03728448275862,42.742361111111116,3.382528735632184,http://walker.dgf.uchile.cl/Mediciones/datos/csv/CRUC.csv
CRUC,Crucero,II Región de Antofagasta,-69.57,-22.27,1176.0,2012-03-31,596.9845626072041,659.0865384615385,22.269220430107527,40.080555555555556,3.091400089605735,http://walker.dgf.uchile.cl/Mediciones/datos/csv/CRUC.csv
CRUC,Crucero,II Región de Antofagasta,-69.57,-22.27,1176.0,2012-04-30,494.2197902416781,507.45717463848723,19.07474537037037,42.81893518518518,2.8908217592592593,http://walker.dgf.uchile.cl/Mediciones/datos/csv/CRUC.csv
CRUC,Crucero,II Región de Antofagasta,-69.57,-22.27,1176.0,2012-05-31,465.3454545454546,504.50631970260224,17.39426523297491,27.780533154121866,2.750752688172043,http://walker.dgf.uchile.cl/Mediciones/datos/csv/CRUC.csv
CRUC,Crucero,II Región de Antofagasta,-69.57,-22.27,1176.0,2012-06-30,432.1098955743411,470.50504642712957,16.50645833333333,23.504930555555557,2.798960648148148,http://walker.dgf.uchile.cl/Mediciones/datos/csv/CRUC.csv
CRUC,Crucero,II Región de Antofagasta,-69.57,-22.27,1176.0,2012-07-31,432.45488199907453,472.8587548638132,14.865748207885304,20.503382616487457,2.7205174731182793,http://walker.dgf.uchile.cl/Mediciones/datos/csv/CRUC.csv
CRUC,Crucero,II Región de Antofagasta,-69.57,-22.27,1176.0,2012-08-31,531.7894493290144,609.4873294346978,15.82231182795699,20.49986559139785,2.9955309139784942,http://walker.dgf.uchile.cl/Mediciones/datos/csv/CRUC.csv
CRUC,Crucero,II Región de Antofagasta,-69.57,-22.27,1176.0,2012-09-30,590.4571556751906,668.2913599380086,18.71055555555556,18.65196759259259,2.85925,http://walker.dgf.uchile.cl/Mediciones/datos/csv/CRUC.csv
CRUC,Crucero,II Región de Antofagasta,-69.57,-22.27,1176.0,2012-10-31,662.1811715481172,763.4769736842105,19.451142473118278,17.347423835125447,3.09347894265233,http://walker.dgf.uchile.cl/Mediciones/datos/csv/CRUC.csv
CRUC,Crucero,II Región de Antofagasta,-69.57,-22.27,1176.0,2012-11-30,684.2573559883962,732.8467023172906,20.20872685185185,16.237106481481483,3.247337962962963,http://walker.dgf.uchile.cl/Mediciones/datos/csv/CRUC.csv
CRUC,Crucero,II Región de Antofagasta,-69.57,-22.27,1176.0,2012-12-31,660.8545948041876,668.7044400265077,21.353158602150536,29.315681003584228,3.3529928315412185,http://walker.dgf.uchile.cl/Mediciones/datos/csv/CRUC.csv
CRUC,Crucero,II Región de Antofagasta,-69.57,-22.27,1176.0,2013-01-31,636.9450809956539,624.4977792962077,22.328293010752688,28.674798387096775,3.2254502688172044,http://walker.dgf.uchile.cl/Mediciones/datos/csv/CRUC.csv
CRUC,Crucero,II Región de Antofagasta,-69.57,-22.27,1176.0,2013-02-28,617.2011494252873,660.0235294117647,21.938764880952384,46.010912698412696,3.35421626984127,http://walker.dgf.uchile.cl/Mediciones/datos/csv/CRUC.csv
CRUC,Crucero,II Región de Antofagasta,-69.57,-22.27,1176.0,2013-03-31,613.0435157259802,698.6449412656309,21.176836917562724,31.275672043010754,2.875524193548387,http://walker.dgf.uchile.cl/Mediciones/datos/csv/CRUC.csv
CRUC,Crucero,II Región de Antofagasta,-69.57,-22.27,1176.0,2013-04-30,558.1081335213917,637.3608369522306,18.41185185185185,25.997708333333335,2.7207222222222223,http://walker.dgf.uchile.cl/Mediciones/datos/csv/CRUC.csv
CRUC,Crucero,II Región de Antofagasta,-69.57,-22.27,1176.0,2013-05-31,449.6081519221862,479.1554207733131,16.899193548387096,28.668145161290322,2.934834229390681,http://walker.dgf.uchile.cl/Mediciones/datos/csv/CRUC.csv
CRUC,Crucero,II Región de Antofagasta,-69.57,-22.27,1176.0,2013-06-30,407.69119070667955,447.2575387123064,15.300810185185185,24.425486111111113,2.8682199074074073,http://walker.dgf.uchile.cl/Mediciones/datos/csv/CRUC.csv
CRUC,Crucero,II Región de Antofagasta,-69.57,-22.27,1176.0,2013-07-31,440.54009433962267,505.63860785107244,16.55907258064516,18.76762992831541,2.732421594982079,http://walker.dgf.uchile.cl/Mediciones/datos/csv/CRUC.csv
CRUC,Crucero,II Región de Antofagasta,-69.57,-22.27,1176.0,2013-08-31,503.60456784594714,577.12828438949,16.399372759856632,18.995833333333334,2.947013888888889,http://walker.dgf.uchile.cl/Mediciones/datos/csv/CRUC.csv
CRUC,Crucero,II Región de Antofagasta,-69.57,-22.27,1176.0,2013-09-30,603.3869801084991,707.6309570697125,18.480208333333334,18.502083333333335,3.3659583333333334,http://walker.dgf.uchile.cl/Mediciones/datos/csv/CRUC.csv
CRUC,Crucero,II Región de Antofagasta,-69.57,-22.27,1176.0,2013-10-31,662.1114822546973,753.0047358834244,19.512275985663084,17.477486559139784,3.2192405913978495,http://walker.dgf.uchile.cl/Mediciones/datos/csv/CRUC.csv
CRUC,Crucero,II Región de Antofagasta,-69.57,-22.27,1176.0,2013-11-30,680.4103618421053,770.8646288209607,19.45511574074074,26.97810185185185,3.378724537037037,http://walker.dgf.uchile.cl/Mediciones/datos/csv/CRUC.csv
CRUC,Crucero,II Región de Antofagasta,-69.57,-22.27,1176.0,2013-12-31,664.5093530787218,723.1061702861083,21.129681899641575,34.80927419354839,3.50774417562724,http://walker.dgf.uchile.cl/Mediciones/datos/csv/CRUC.csv
CRUC,Crucero,II Región de Antofagasta,-69.57,-22.27,1176.0,2014-01-31,616.5662604722011,650.8776559287184,21.844758064516128,45.46628584229391,3.2591868279569893,http://walker.dgf.uchile.cl/Mediciones/datos/csv/CRUC.csv
CRUC,Crucero,II Región de Antofagasta,-69.57,-22.27,1176.0,2014-02-28,661.753748296229,667.7435709037472,21.325520833333332,32.86215277777778,2.998234126984127,http://walker.dgf.uchile.cl/Mediciones/datos/csv/CRUC.csv
CRUC,Crucero,II Región de Antofagasta,-69.57,-22.27,1176.0,2014-03-31,612.9978577549272,498.0418977202711,20.75331541218638,42.56973566308243,3.0904569892473117,http://walker.dgf.uchile.cl/Mediciones/datos/csv/CRUC.csv
CRUC,Crucero,II Región de Antofagasta,-69.57,-22.27,1176.0,2014-04-30,521.6112123974476,421.8112582781457,19.526782407407406,30.56261574074074,2.763412037037037,http://walker.dgf.uchile.cl/Mediciones/datos/csv/CRUC.csv
CRUC,Crucero,II Región de Antofagasta,-69.57,-22.27,1176.0,2014-05-31,438.98094816127605,341.13641900121803,15.885819892473119,30.46565860215054,3.0014112903225807,http://walker.dgf.uchile.cl/Mediciones/datos/csv/CRUC.csv
CRUC,Crucero,II Región de Antofagasta,-69.57,-22.27,1176.0,2014-06-30,429.4845965770171,331.32605151613956,14.03835648148148,22.88775462962963,2.820402777777778,http://walker.dgf.uchile.cl/Mediciones/datos/csv/CRUC.csv
CRUC,Crucero,II Región de Antofagasta,-69.57,-22.27,1176.0,2014-07-31,448.18598259276223,292.5540905004495,14.678225806451612,16.32101254480287,2.78315188172043,http://walker.dgf.uchile.cl/Mediciones/datos/csv/CRUC.csv
CRUC,Crucero,II Región de Antofagasta,-69.57,-22.27,1176.0,2014-08-31,514.6399082568807,507.25542740841246,17.843010752688173,17.39780465949821,2.764336917562724,http://walker.dgf.uchile.cl/Mediciones/datos/csv/CRUC.csv
CRUC,Crucero,II Región de Antofagasta,-69.57,-22.27,1176.0,2014-09-30,575.49157054126,586.1587685921826,18.602962962962962,20.83939814814815,3.2699722222222225,http://walker.dgf.uchile.cl/Mediciones/datos/csv/CRUC.csv
CRUC,Crucero,II Región de Antofagasta,-69.57,-22.27,1176.0,2014-10-31,645.1587964897618,654.8447246184472,20.693884408602152,20.017809139784948,2.9091173835125446,http://walker.dgf.uchile.cl/Mediciones/datos/csv/CRUC.csv
CRUC,Crucero,II Región de Antofagasta,-69.57,-22.27,1176.0,2014-11-30,674.2574590952839,692.4503285659065,20.093783930510316,27.145765472312704,3.283895222584148,http://walker.dgf.uchile.cl/Mediciones/datos/csv/CRUC.csv
Crucero2,Crucero II,II Región de Antofagasta,-69.57,-22.27,1183.0,2012-08-31,272.80500463392025,398.6723354958295,15.954077849860983,18.867655236329934,3.0707599629286375,http://walker.dgf.uchile.cl/Mediciones/datos/csv/Crucero2.csv
Crucero2,Crucero II,II Región de Antofagasta,-69.57,-22.27,1183.0,2012-09-30,306.20520833333336,412.2135416666667,18.54162037037037,16.505694444444448,2.8896527777777776,http://walker.dgf.uchile.cl/Mediciones/datos/csv/Crucero2.csv
Crucero2,Crucero II,II Región de Antofagasta,-69.57,-22.27,1183.0,2012-10-31,356.8995967741936,465.2013440860215,19.308915770609318,14.879525089605734,3.074439964157706,http://walker.dgf.uchile.cl/Mediciones/datos/csv/Crucero2.csv
Crucero2,Crucero II,II Región de Antofagasta,-69.57,-22.27,1183.0,2012-11-30,383.41305555555556,469.20173611111113,20.29990740740741,13.446388888888889,3.228333333333333,http://walker.dgf.uchile.cl/Mediciones/datos/csv/Crucero2.csv
Crucero2,Crucero II,II Región de Antofagasta,-69.57,-22.27,1183.0,2012-12-31,380.0278673835125,436.69679659498206,21.845452508960573,26.704659498207885,3.2979390681003586,http://walker.dgf.uchile.cl/Mediciones/datos/csv/Crucero2.csv
Crucero2,Crucero II,II Región de Antofagasta,-69.57,-22.27,1183.0,2013-01-31,359.22110215053766,382.025873655914,22.6703853046595,25.839964157706095,3.162970430107527,http://walker.dgf.uchile.cl/Mediciones/datos/csv/Crucero2.csv
Crucero2,Crucero II,II Región de Antofagasta,-69.57,-22.27,1183.0,2013-02-28,344.29856150793654,390.69694940476194,22.358209325396825,43.27368551587302,3.3070436507936507,http://walker.dgf.uchile.cl/Mediciones/datos/csv/Crucero2.csv
Crucero2,Crucero II,II Región de Antofagasta,-69.57,-22.27,1183.0,2013-03-31,317.5438172043011,407.09065860215054,21.61285842293907,27.992517921146955,2.847267025089606,http://walker.dgf.uchile.cl/Mediciones/datos/csv/Crucero2.csv
Crucero2,Crucero II,II Región de Antofagasta,-69.57,-22.27,1183.0,2013-04-30,276.10328703703703,404.6807175925926,18.885532407407407,22.54384259259259,2.7731944444444445,http://walker.dgf.uchile.cl/Mediciones/datos/csv/Crucero2.csv
Crucero2,Crucero II,II Región de Antofagasta,-69.57,-22.27,1183.0,2013-05-31,217.39746863799283,329.86608422939065,17.301232078853047,25.045116487455196,3.017921146953405,http://walker.dgf.uchile.cl/Mediciones/datos/csv/Crucero2.csv
Crucero2,Crucero II,II Región de Antofagasta,-69.57,-22.27,1183.0,2013-06-30,194.78907407407408,313.60706018518516,15.823634259259261,20.565555555555555,2.9591435185185184,http://walker.dgf.uchile.cl/Mediciones/datos/csv/Crucero2.csv
Crucero2,Crucero II,II Región de Antofagasta,-69.57,-22.27,1183.0,2013-08-31,251.6917768317275,371.3618866233476,16.804306520277837,14.965359623571587,3.02743670177011,http://walker.dgf.uchile.cl/Mediciones/datos/csv/Crucero2.csv
Crucero2,Crucero II,II Región de Antofagasta,-69.57,-22.27,1183.0,2013-09-30,308.27363425925927,424.39115740740743,18.88105324074074,14.424837962962963,3.3943194444444442,http://walker.dgf.uchile.cl/Mediciones/datos/csv/Crucero2.csv
Crucero2,Crucero II,II Región de Antofagasta,-69.57,-22.27,1183.0,2013-10-31,354.76308243727595,450.29663978494625,19.87307571684588,13.367786738351255,3.225676523297491,http://walker.dgf.uchile.cl/Mediciones/datos/csv/Crucero2.csv
Crucero2,Crucero II,II Región de Antofagasta,-69.57,-22.27,1183.0,2013-11-30,383.124375,475.92863425925924,19.82821990740741,22.87025462962963,3.3961828703703705,http://walker.dgf.uchile.cl/Mediciones/datos/csv/Crucero2.csv
Crucero2,Crucero II,II Región de Antofagasta,-69.57,-22.27,1183.0,2013-12-31,381.67782258064517,457.8693100358423,21.531765232974912,30.602576164874552,3.4889740143369177,http://walker.dgf.uchile.cl/Mediciones/datos/csv/Crucero2.csv
Crucero2,Crucero II,II Región de Antofagasta,-69.57,-22.27,1183.0,2014-01-31,362.45530913978496,401.688664874552,22.24994623655914,41.29578853046595,3.1980645161290324,http://walker.dgf.uchile.cl/Mediciones/datos/csv/Crucero2.csv
Crucero2,Crucero II,II Región de Antofagasta,-69.57,-22.27,1183.0,2014-02-28,361.4795882936508,446.52214781746034,21.61811507936508,28.470238095238095,2.982301587301587,http://walker.dgf.uchile.cl/Mediciones/datos/csv/Crucero2.csv
Crucero2,Crucero II,II Región de Antofagasta,-69.57,-22.27,1183.0,2014-03-31,320.1097894265233,414.6185259856631,21.033313172043012,38.36789874551971,3.618102598566308,http://walker.dgf.uchile.cl/Mediciones/datos/csv/Crucero2.csv
Crucero2,Crucero II,II Región de Antofagasta,-69.57,-22.27,1183.0,2014-04-30,265.1380555555555,359.5764351851852,19.765655092592592,26.00886574074074,3.286979166666667,http://walker.dgf.uchile.cl/Mediciones/datos/csv/Crucero2.csv
Crucero2,Crucero II,II Región de Antofagasta,-69.57,-22.27,1183.0,2014-05-31,221.63064516129032,346.17679211469533,16.368864247311826,25.636671146953407,3.1075313620071685,http://walker.dgf.uchile.cl/Mediciones/datos/csv/Crucero2.csv
Crucero2,Crucero II,II Región de Antofagasta,-69.57,-22.27,1183.0,2014-06-30,203.80571759259257,338.81,14.573467592592593,17.993657407407408,2.988421296296296,http://walker.dgf.uchile.cl/Mediciones/datos/csv/Crucero2.csv
Crucero2,Crucero II,II Región de Antofagasta,-69.57,-22.27,1183.0,2014-07-31,219.5825940860215,364.4695788530466,15.121574820788531,11.573812724014337,2.929193548387097,http://walker.dgf.uchile.cl/Mediciones/datos/csv/Crucero2.csv
Crucero2,Crucero II,II Región de Antofagasta,-69.57,-22.27,1183.0,2014-08-31,251.7114023297491,372.2938396057348,18.29312724014337,12.523028673835126,2.8377060931899645,http://walker.dgf.uchile.cl/Mediciones/datos/csv/Crucero2.csv
Crucero2,Crucero II,II Región de Antofagasta,-69.57,-22.27,1183.0,2014-09-30,302.6427546296296,399.5351133188451,18.9833125,15.996759259259258,3.319891203703704,http://walker.dgf.uchile.cl/Mediciones/datos/csv/Crucero2.csv
Crucero2,Crucero II,II Región de Antofagasta,-69.57,-22.27,1183.0,2014-10-31,346.69289715438043,448.5723102585487,20.94387992831541,15.18326612903226,2.9537410394265233,http://walker.dgf.uchile.cl/Mediciones/datos/csv/Crucero2.csv
Crucero2,Crucero II,II Región de Antofagasta,-69.57,-22.27,1183.0,2014-11-30,383.74013888888885,477.2800925925926,20.646453703703703,20.400949074074074,3.313388888888889,http://walker.dgf.uchile.cl/Mediciones/datos/csv/Crucero2.csv
Crucero2,Crucero II,II Región de Antofagasta,-69.57,-22.27,1183.0,2014-12-31,390.59964157706094,470.3656362007169,20.933391577060934,26.90625,3.3138463261648745,http://walker.dgf.uchile.cl/Mediciones/datos/csv/Crucero2.csv
Crucero2,Crucero II,II Región de Antofagasta,-69.57,-22.27,1183.0,2015-01-31,363.42130376344085,385.73163082437276,22.481586021505375,23.732974910394265,3.1925672043010755,http://walker.dgf.uchile.cl/Mediciones/datos/csv/Crucero2.csv
Crucero2,Crucero II,II Región de Antofagasta,-69.57,-22.27,1183.0,2015-02-28,340.93891369047617,372.5749503968254,22.510374503968254,44.673611111111114,3.542373511904762,http://walker.dgf.uchile.cl/Mediciones/datos/csv/Crucero2.csv
Crucero2,Crucero II,II Región de Antofagasta,-69.57,-22.27,1183.0,2015-03-31,292.9170250896058,335.15042562724017,22.08092517921147,47.7959229390681,2.924271953405018,http://walker.dgf.uchile.cl/Mediciones/datos/csv/Crucero2.csv
Crucero2,Crucero II,II Región de Antofagasta,-69.57,-22.27,1183.0,2015-04-30,267.20310185185184,365.221087962963,20.80472453703704,31.406805555555554,2.5725925925925925,http://walker.dgf.uchile.cl/Mediciones/datos/csv/Crucero2.csv
Crucero2,Crucero II,II Región de Antofagasta,-69.57,-22.27,1183.0,2015-05-31,225.2858198924731,351.2222446236559,18.77034946236559,25.412141577060932,2.8842652329749106,http://walker.dgf.uchile.cl/Mediciones/datos/csv/Crucero2.csv
Crucero2,Crucero II,II Región de Antofagasta,-69.57,-22.27,1183.0,2015-06-30,204.23050925925926,327.6946527777778,17.06860648148148,15.49523148148148,2.615064814814815,http://walker.dgf.uchile.cl/Mediciones/datos/csv/Crucero2.csv
Crucero2,Crucero II,II Región de Antofagasta,-69.57,-22.27,1183.0,2015-07-31,213.98922491039428,337.82620967741934,15.101814516129032,19.819758064516126,2.9958288530465946,http://walker.dgf.uchile.cl/Mediciones/datos/csv/Crucero2.csv
Crucero2,Crucero II,II Región de Antofagasta,-69.57,-22.27,1183.0,2015-08-31,241.36453853046595,352.80651881720433,17.142618727598563,20.5644041218638,3.0085775089605735,http://walker.dgf.uchile.cl/Mediciones/datos/csv/Crucero2.csv
Crucero2,Crucero II,II Región de Antofagasta,-69.57,-22.27,1183.0,2015-09-30,300.7324074074074,429.1123148148148,20.025409722222225,13.052592592592593,3.0770902777777778,http://walker.dgf.uchile.cl/Mediciones/datos/csv/Crucero2.csv
Crucero2,Crucero II,II Región de Antofagasta,-69.57,-22.27,1183.0,2015-10-31,331.90798045602605,403.71549557933923,21.00277726001864,18.073941368078177,3.2872219637040483,http://walker.dgf.uchile.cl/Mediciones/datos/csv/Crucero2.csv
Crucero2,Crucero II,II Región de Antofagasta,-69.57,-22.27,1183.0,2015-11-30,383.6187037037037,479.1890509259259,21.124035697728324,20.309375,3.2558333333333334,http://walker.dgf.uchile.cl/Mediciones/datos/csv/Crucero2.csv
Crucero2,Crucero II,II Región de Antofagasta,-69.57,-22.27,1183.0,2015-12-31,388.3380152329749,471.29623655913974,22.921796594982077,19.52777777777778,3.1651993727598566,http://walker.dgf.uchile.cl/Mediciones/datos/csv/Crucero2.csv
Crucero2,Crucero II,II Región de Antofagasta,-69.57,-22.27,1183.0,2016-01-31,378.99052419354837,451.3955869175627,22.771919802867384,28.4206541218638,3.3248521505376343,http://walker.dgf.uchile.cl/Mediciones/datos/csv/Crucero2.csv
Crucero2,Crucero II,II Región de Antofagasta,-69.57,-22.27,1183.0,2016-02-29,342.34719827586207,374.24346264367813,23.539379343398036,39.6808908045977,3.243757183908046,http://walker.dgf.uchile.cl/Mediciones/datos/csv/Crucero2.csv
Crucero2,Crucero II,II Región de Antofagasta,-69.57,-22.27,1183.0,2016-03-31,318.39211292852343,413.55841362312344,22.47983643289267,39.94586600941071,3.003228769885727,http://walker.dgf.uchile.cl/Mediciones/datos/csv/Crucero2.csv
Crucero2,Crucero II,II Región de Antofagasta,-69.57,-22.27,1183.0,2016-04-30,260.84194444444444,357.4759027777778,20.449562094531974,38.96993055555556,2.9214837962962963,http://walker.dgf.uchile.cl/Mediciones/datos/csv/Crucero2.csv
Crucero2,Crucero II,II Región de Antofagasta,-69.57,-22.27,1183.0,2016-05-31,219.99108422939068,337.50506272401435,18.590654121863796,22.062227711655066,2.9366621863799285,http://walker.dgf.uchile.cl/Mediciones/datos/csv/Crucero2.csv
Crucero2,Crucero II,II Región de Antofagasta,-69.57,-22.27,1183.0,2016-06-30,200.96041666666667,324.3876388888889,16.2711875,18.484328703703703,2.9507222222222222,http://walker.dgf.uchile.cl/Mediciones/datos/csv/Crucero2.csv
Crucero2,Crucero II,II Región de Antofagasta,-69.57,-22.27,1183.0,2016-07-31,211.61028225806453,337.5694220430107,15.88026693584567,19.088547736441058,2.9151052867383513,http://walker.dgf.uchile.cl/Mediciones/datos/csv/Crucero2.csv
Crucero2,Crucero II,II Región de Antofagasta,-69.57,-22.27,1183.0,2016-08-31,259.0307571684588,391.9445564516129,17.28657482078853,15.113674250957423,3.0181048387096774,http://walker.dgf.uchile.cl/Mediciones/datos/csv/Crucero2.csv
Crucero2,Crucero II,II Región de Antofagasta,-69.57,-22.27,1183.0,2016-09-30,313.0375462962963,430.2700925925926,18.994217592592594,11.420092592592594,2.8553125,http://walker.dgf.uchile.cl/Mediciones/datos/csv/Crucero2.csv
Crucero2,Crucero II,II Región de Antofagasta,-69.57,-22.27,1183.0,2016-10-31,359.8356406810036,471.8341845878136,19.90945515695067,14.720815594891329,3.0708691756272404,http://walker.dgf.uchile.cl/Mediciones/datos/csv/Crucero2.csv
Crucero2,Crucero II,II Región de Antofagasta,-69.57,-22.27,1183.0,2016-11-30,384.8696990740741,468.9053009259259,20.83380787037037,16.20861111111111,3.0524722222222223,http://walker.dgf.uchile.cl/Mediciones/datos/csv/Crucero2.csv
Crucero2,Crucero II,II Región de Antofagasta,-69.57,-22.27,1183.0,2016-12-31,384.7146729390681,451.3378136200717,21.619560931899642,28.779166666666665,3.4414605734767028,http://walker.dgf.uchile.cl/Mediciones/datos/csv/Crucero2.csv
Crucero2,Crucero II,II Región de Antofagasta,-69.57,-22.27,1183.0,2017-01-31,354.37618727598567,372.99491487455197,23.29334229390681,43.079009856630826,3.2875672043010753,http://walker.dgf.uchile.cl/Mediciones/datos/csv/Crucero2.csv
Crucero2,Crucero II,II Región de Antofagasta,-69.57,-22.27,1183.0,2017-02-28,338.75850694444443,364.23782242063487,22.884295634920633,39.47844742063492,2.917095734126984,http://walker.dgf.uchile.cl/Mediciones/datos/csv/Crucero2.csv
Crucero2,Crucero II,II Región de Antofagasta,-69.57,-22.27,1183.0,2017-03-31,311.8861335125448,376.8683691756272,22.326131272401437,40.39563172043011,2.7030421146953403,http://walker.dgf.uchile.cl/Mediciones/datos/csv/Crucero2.csv
Crucero2,Crucero II,II Región de Antofagasta,-69.57,-22.27,1183.0,2017-04-30,271.22729166666664,388.40678240740743,19.724083333333333,33.066180555555555,2.817905092592593,http://walker.dgf.uchile.cl/Mediciones/datos/csv/Crucero2.csv
Crucero2,Crucero II,II Región de Antofagasta,-69.57,-22.27,1183.0,2017-05-31,206.97107974910395,307.69392921146954,16.958837365591396,35.88620071684588,3.075367383512545,http://walker.dgf.uchile.cl/Mediciones/datos/csv/Crucero2.csv
Crucero2,Crucero II,II Región de Antofagasta,-69.57,-22.27,1183.0,2017-06-30,199.00090277777778,330.9382638888889,16.08957638888889,25.927662037037038,2.936472222222222,http://walker.dgf.uchile.cl/Mediciones/datos/csv/Crucero2.csv
Crucero2,Crucero II,II Región de Antofagasta,-69.57,-22.27,1183.0,2017-07-31,216.8322580645161,355.97867383512545,16.93082661290323,14.483918918918919,2.8032437275985664,http://walker.dgf.uchile.cl/Mediciones/datos/csv/Crucero2.csv
Crucero2,Crucero II,II Región de Antofagasta,-69.57,-22.27,1183.0,2017-08-31,262.7385528673835,404.72811379928316,16.567820340501793,12.497055492638731,3.037573924731183,http://walker.dgf.uchile.cl/Mediciones/datos/csv/Crucero2.csv
Crucero2,Crucero II,II Región de Antofagasta,-69.57,-22.27,1183.0,2017-09-30,307.8867824074074,395.9738425925926,18.628074074074075,18.75595378448479,3.2099027777777778,http://walker.dgf.uchile.cl/Mediciones/datos/csv/Crucero2.csv
Crucero2,Crucero II,II Región de Antofagasta,-69.57,-22.27,1183.0,2017-10-31,359.71059587813625,454.6506048387097,20.264173952028692,11.694622451265964,3.1939986559139784,http://walker.dgf.uchile.cl/Mediciones/datos/csv/Crucero2.csv
Crucero2,Crucero II,II Región de Antofagasta,-69.57,-22.27,1183.0,2017-11-30,382.11976851851847,457.26615740740743,20.59422834461826,21.229930394431555,3.3597106481481482,http://walker.dgf.uchile.cl/Mediciones/datos/csv/Crucero2.csv
Crucero2,Crucero II,II Región de Antofagasta,-69.57,-22.27,1183.0,2017-12-31,384.74939516129035,441.760923145866,20.865421146953405,27.706720430107527,3.261402329749104,http://walker.dgf.uchile.cl/Mediciones/datos/csv/Crucero2.csv
Crucero2,Crucero II,II Región de Antofagasta,-69.57,-22.27,1183.0,2018-01-31,366.47842741935483,399.811917562724,21.487772798565985,32.97922921801479,3.1805936379928315,http://walker.dgf.uchile.cl/Mediciones/datos/csv/Crucero2.csv
Crucero2,Crucero II,II Región de Antofagasta,-69.57,-22.27,1183.0,2018-02-28,329.2590029761905,345.09781746031746,21.45981646825397,47.95835813492064,3.212214781746032,http://walker.dgf.uchile.cl/Mediciones/datos/csv/Crucero2.csv
Crucero2,Crucero II,II Región de Antofagasta,-69.57,-22.27,1183.0,2018-03-31,320.29242831541217,410.1125896057348,20.98420250896057,37.40219534050179,2.92883064516129,http://walker.dgf.uchile.cl/Mediciones/datos/csv/Crucero2.csv
Crucero2,Crucero II,II Región de Antofagasta,-69.57,-22.27,1183.0,2018-04-30,260.28733796296297,349.60497685185186,19.708069444444444,37.115069444444444,2.4515532407407403,http://walker.dgf.uchile.cl/Mediciones/datos/csv/Crucero2.csv
Crucero2,Crucero II,II Región de Antofagasta,-69.57,-22.27,1183.0,2018-05-31,228.91339605734768,367.94973118279574,16.862757616487457,23.047222222222224,2.7385125448028673,http://walker.dgf.uchile.cl/Mediciones/datos/csv/Crucero2.csv
Crucero2,Crucero II,II Región de Antofagasta,-69.57,-22.27,1183.0,2018-06-30,193.8703935185185,306.0246759259259,15.452268518518519,20.657939814814817,2.8458217592592594,http://walker.dgf.uchile.cl/Mediciones/datos/csv/Crucero2.csv
Crucero2,Crucero II,II Región de Antofagasta,-69.57,-22.27,1183.0,2018-07-31,194.6502240143369,276.98057795698924,16.723362455197133,20.955645161290324,2.568902329749104,http://walker.dgf.uchile.cl/Mediciones/datos/csv/Crucero2.csv
Crucero2,Crucero II,II Región de Antofagasta,-69.57,-22.27,1183.0,2018-08-31,258.8870071684588,395.1366711469534,17.2500291218638,12.627710573476703,2.8512679211469534,http://walker.dgf.uchile.cl/Mediciones/datos/csv/Crucero2.csv
Crucero2,Crucero II,II Región de Antofagasta,-69.57,-22.27,1183.0,2018-09-30,313.26472222222225,434.81604166666665,18.086585648148148,14.555730493169715,2.928256944444444,http://walker.dgf.uchile.cl/Mediciones/datos/csv/Crucero2.csv
Crucero2,Crucero II,II Región de Antofagasta,-69.57,-22.27,1183.0,2018-10-31,351.55358422939065,435.5523521505376,19.723136068146157,22.39769058295964,2.9990882616487458,http://walker.dgf.uchile.cl/Mediciones/datos/csv/Crucero2.csv
Crucero2,Crucero II,II Región de Antofagasta,-69.57,-22.27,1183.0,2018-11-30,384.6530787037037,481.1657407407407,20.313370370370368,27.131944444444443,3.1669050925925926,http://walker.dgf.uchile.cl/Mediciones/datos/csv/Crucero2.csv
Crucero2,Crucero II,II Región de Antofagasta,-69.57,-22.27,1183.0,2018-12-31,383.99383960573476,445.6799507168459,21.337107974910396,25.267898745519712,3.151433691756272,http://walker.dgf.uchile.cl/Mediciones/datos/csv/Crucero2.csv
Crucero2,Crucero II,II Región de Antofagasta,-69.57,-22.27,1183.0,2019-01-31,347.4929659498208,346.0526209677419,22.222743164500226,40.71443298969072,3.480040322580645,http://walker.dgf.uchile.cl/Mediciones/datos/csv/Crucero2.csv
Crucero2,Crucero II,II Región de Antofagasta,-69.57,-22.27,1183.0,2019-02-28,320.30662202380955,329.84456845238094,22.901669560903002,43.441925080625154,3.239451884920635,http://walker.dgf.uchile.cl/Mediciones/datos/csv/Crucero2.csv
Crucero2,Crucero II,II Región de Antofagasta,-69.57,-22.27,1183.0,2019-03-31,321.7529345878136,420.22327508960575,21.447181899641578,35.66857078853047,2.8786133512544803,http://walker.dgf.uchile.cl/Mediciones/datos/csv/Crucero2.csv
Crucero2,Crucero II,II Región de Antofagasta,-69.57,-22.27,1183.0,2019-04-30,270.4934490740741,383.6865509259259,18.893391203703704,35.01023148148148,2.9555949074074075,http://walker.dgf.uchile.cl/Mediciones/datos/csv/Crucero2.csv
Crucero2,Crucero II,II Región de Antofagasta,-69.57,-22.27,1183.0,2019-05-31,223.2899193548387,347.60477150537633,16.678539426523297,30.408803763440858,3.025649641577061,http://walker.dgf.uchile.cl/Mediciones/datos/csv/Crucero2.csv
Crucero2,Crucero II,II Región de Antofagasta,-69.57,-22.27,1183.0,2019-06-30,196.62724537037036,311.3979861111111,15.61318287037037,23.289074074074076,2.7072175925925928,http://walker.dgf.uchile.cl/Mediciones/datos/csv/Crucero2.csv
Crucero2,Crucero II,II Región de Antofagasta,-69.57,-22.27,1183.0,2019-07-31,216.31617383512545,354.26413530465953,15.793877688172042,19.506608422939067,2.9418839605734766,http://walker.dgf.uchile.cl/Mediciones/datos/csv/Crucero2.csv
Crucero2,Crucero II,II Región de Antofagasta,-69.57,-22.27,1183.0,2019-08-31,262.4863799283154,401.61155913978496,17.104778225806452,11.474053327358279,2.815741487455197,http://walker.dgf.uchile.cl/Mediciones/datos/csv/Crucero2.csv
Crucero2,Crucero II,II Región de Antofagasta,-69.57,-22.27,1183.0,2019-09-30,297.7762037037037,396.26453703703703,17.95811111111111,16.979976851851852,3.196527777777778,http://walker.dgf.uchile.cl/Mediciones/datos/csv/Crucero2.csv
Crucero2,Crucero II,II Región de Antofagasta,-69.57,-22.27,1183.0,2019-10-31,350.73239247311824,433.4747535842294,19.13822580645161,21.35537634408602,3.15049059139785,http://walker.dgf.uchile.cl/Mediciones/datos/csv/Crucero2.csv
Crucero2,Crucero II,II Región de Antofagasta,-69.57,-22.27,1183.0,2019-11-30,370.14700973574406,437.49012517385256,20.947260083449233,27.463653222067688,3.202607788595271,http://walker.dgf.uchile.cl/Mediciones/datos/csv/Crucero2.csv
Crucero2,Crucero II,II Región de Antofagasta,-69.57,-22.27,1183.0,2019-12-31,383.372311827957,463.0687724014337,21.816810035842295,26.27296146953405,2.883956093189964,http://walker.dgf.uchile.cl/Mediciones/datos/csv/Crucero2.csv
Crucero2,Crucero II,II Región de Antofagasta,-69.57,-22.27,1183.0,2020-01-31,345.3689740143369,364.23216845878136,22.460423387096775,45.56803315412186,3.6509543010752687,http://walker.dgf.uchile.cl/Mediciones/datos/csv/Crucero2.csv
Crucero2,Crucero II,II Región de Antofagasta,-69.57,-22.27,1183.0,2020-02-29,340.7327346743295,379.902346743295,22.85041427203065,41.934626436781606,3.1384123563218393,http://walker.dgf.uchile.cl/Mediciones/datos/csv/Crucero2.csv
Crucero2,Crucero II,II Región de Antofagasta,-69.57,-22.27,1183.0,2020-03-31,312.3804211469534,388.5252240143369,21.982287186379928,40.47110215053763,2.8750112007168456,http://walker.dgf.uchile.cl/Mediciones/datos/csv/Crucero2.csv
Crucero2,Crucero II,II Región de Antofagasta,-69.57,-22.27,1183.0,2020-04-30,269.1196990740741,387.1778472222222,20.009134259259262,32.01516203703704,2.6852569444444443,http://walker.dgf.uchile.cl/Mediciones/datos/csv/Crucero2.csv
Crucero2,Crucero II,II Región de Antofagasta,-69.57,-22.27,1183.0,2020-05-31,227.34457885304658,360.947020609319,17.84429659498208,20.417181899641577,2.6274574372759854,http://walker.dgf.uchile.cl/Mediciones/datos/csv/Crucero2.csv
Crucero2,Crucero II,II Región de Antofagasta,-69.57,-22.27,1183.0,2020-06-30,203.89280092592594,346.46905092592596,15.833050925925926,26.23090277777778,2.823928240740741,http://walker.dgf.uchile.cl/Mediciones/datos/csv/Crucero2.csv
Crucero2,Crucero II,II Región de Antofagasta,-69.57,-22.27,1183.0,2020-07-31,219.97972670250897,363.4241487455197,14.75907930107527,16.043727598566306,2.535891577060932,http://walker.dgf.uchile.cl/Mediciones/datos/csv/Crucero2.csv
Crucero2,Crucero II,II Región de Antofagasta,-69.57,-22.27,1183.0,2020-08-31,247.5399417562724,365.99491487455197,15.440073924731184,20.078651433691757,2.9805913978494627,http://walker.dgf.uchile.cl/Mediciones/datos/csv/Crucero2.csv
Crucero2,Crucero II,II Región de Antofagasta,-69.57,-22.27,1183.0,2020-09-30,304.80377314814814,411.3834259259259,18.13330324074074,16.23865740740741,2.899085648148148,http://walker.dgf.uchile.cl/Mediciones/datos/csv/Crucero2.csv
Crucero2,Crucero II,II Región de Antofagasta,-69.57,-22.27,1183.0,2020-10-31,351.62641720815594,441.0411158413623,20.317602509522743,19.900224064530583,3.059395025767421,http://walker.dgf.uchile.cl/Mediciones/datos/csv/Crucero2.csv
Crucero2,Crucero II,II Región de Antofagasta,-69.57,-22.27,1183.0,2020-11-30,392.1533107781537,484.34432092798454,19.732344127597873,20.95082165297245,3.2758530691155148,http://walker.dgf.uchile.cl/Mediciones/datos/csv/Crucero2.csv
Crucero2,Crucero II,II Región de Antofagasta,-69.57,-22.27,1183.0,2020-12-31,507.26941431670286,566.4062906724512,24.9595010845987,21.711930585683298,4.0390672451193055,http://walker.dgf.uchile.cl/Mediciones/datos/csv/Crucero2.csv
Crucero2,Crucero II,II Región de Antofagasta,-69.57,-22.27,1183.0,2021-01-31,377.0135091926459,431.87997601918465,21.448148,29.67418967587035,3.3654836131095127,http://walker.dgf.uchile.cl/Mediciones/datos/csv/Crucero2.csv
Crucero2,Crucero II,II Región de Antofagasta,-69.57,-22.27,1183.0,2021-02-28,360.51875,423.08157242063487,21.180716765873015,40.32929067460318,3.260171130952381,http://walker.dgf.uchile.cl/Mediciones/datos/csv/Crucero2.csv
Crucero2,Crucero II,II Región de Antofagasta,-69.57,-22.27,1183.0,2021-03-31,318.27598566308245,387.60952060931896,20.686653225806452,40.82878584229391,2.7841017025089605,http://walker.dgf.uchile.cl/Mediciones/datos/csv/Crucero2.csv
Crucero2,Crucero II,II Región de Antofagasta,-69.57,-22.27,1183.0,2021-04-30,273.7267361111111,386.69402777777776,18.36259722222222,34.99162037037037,2.997115740740741,http://walker.dgf.uchile.cl/Mediciones/datos/csv/Crucero2.csv
Crucero2,Crucero II,II Región de Antofagasta,-69.57,-22.27,1183.0,2021-05-31,213.84041218637992,306.105376344086,18.106821236559142,24.326568100358422,2.5797782258064514,http://walker.dgf.uchile.cl/Mediciones/datos/csv/Crucero2.csv
Crucero2,Crucero II,II Región de Antofagasta,-69.57,-22.27,1183.0,2021-06-30,200.86573280852048,311.4985181755036,15.068495021995833,21.511484139847187,2.888136142625608,http://walker.dgf.uchile.cl/Mediciones/datos/csv/Crucero2.csv
Crucero2,Crucero II,II Región de Antofagasta,-69.57,-22.27,1183.0,2021-07-31,213.75911738351255,330.8308915770609,16.594525089605735,14.5796549406229,2.6336200716845877,http://walker.dgf.uchile.cl/Mediciones/datos/csv/Crucero2.csv
Crucero2,Crucero II,II Región de Antofagasta,-69.57,-22.27,1183.0,2021-08-31,260.57739877855687,384.57807735806375,16.61817009726306,17.34858855462565,3.3637570685365303,http://walker.dgf.uchile.cl/Mediciones/datos/csv/Crucero2.csv
Crucero2,Crucero II,II Región de Antofagasta,-69.57,-22.27,1183.0,2021-09-30,307.3772476851852,387.5402569444444,18.63763888888889,15.722629629629628,3.4293171296296294,http://walker.dgf.uchile.cl/Mediciones/datos/csv/Crucero2.csv
Crucero2,Crucero II,II Región de Antofagasta,-69.57,-22.27,1183.0,2021-10-31,356.1052643369175,438.8314605734767,19.335412186379926,15.375430107526881,3.759363799283154,http://walker.dgf.uchile.cl/Mediciones/datos/csv/Crucero2.csv
Crucero2,Crucero II,II Región de Antofagasta,-69.57,-22.27,1183.0,2021-11-30,389.90665046296294,468.16688425925923,19.791905092592593,17.675816161148415,3.4424560185185187,http://walker.dgf.uchile.cl/Mediciones/datos/csv/Crucero2.csv
Crucero2,Crucero II,II Región de Antofagasta,-69.57,-22.27,1183.0,2021-12-31,360.5963194444444,366.5795273297491,20.95782258064516,31.781575173650015,4.019471326164874,http://walker.dgf.uchile.cl/Mediciones/datos/csv/Crucero2.csv
Crucero2,Crucero II,II Región de Antofagasta,-69.57,-22.27,1183.0,2022-01-31,373.9780174731183,398.61377464157704,21.329276433691756,36.830313620071685,3.8483445340501787,http://walker.dgf.uchile.cl/Mediciones/datos/csv/Crucero2.csv
Crucero2,Crucero II,II Región de Antofagasta,-69.57,-22.27,1183.0,2022-02-28,358.6302058531746,404.83160714285714,20.842132936507934,34.58283978174603,3.507413194444444,http://walker.dgf.uchile.cl/Mediciones/datos/csv/Crucero2.csv
Crucero2,Crucero II,II Región de Antofagasta,-69.57,-22.27,1183.0,2022-03-31,305.7127304964539,300.9628856382979,21.40323425022183,49.284667258207634,3.171449468085106,http://walker.dgf.uchile.cl/Mediciones/datos/csv/Crucero2.csv
IDEO,Inca de Oro,III Región de Atacama,-69.91,-26.75,1541.0,2010-03-31,,610.3694158075601,20.090828729281768,25.671491712707184,2.785093922651934,http://walker.dgf.uchile.cl/Mediciones/datos/csv/IDEO.csv
IDEO,Inca de Oro,III Región de Atacama,-69.91,-26.75,1541.0,2010-04-30,520.7388201712655,496.6549488054608,17.927685185185187,24.27425925925926,2.719958333333333,http://walker.dgf.uchile.cl/Mediciones/datos/csv/IDEO.csv
IDEO,Inca de Oro,III Región de Atacama,-69.91,-26.75,1541.0,2010-05-31,353.6903531438415,387.20547445255477,14.047804659498208,35.73662634408602,2.6557997311827957,http://walker.dgf.uchile.cl/Mediciones/datos/csv/IDEO.csv
IDEO,Inca de Oro,III Región de Atacama,-69.91,-26.75,1541.0,2010-06-30,387.7195185766614,349.61690450054886,13.512662037037037,19.655300925925925,2.375002314814815,http://walker.dgf.uchile.cl/Mediciones/datos/csv/IDEO.csv
IDEO,Inca de Oro,III Región de Atacama,-69.91,-26.75,1541.0,2010-07-31,414.7995294117647,436.08087706685836,10.31798835125448,20.132997311827957,2.650188172043011,http://walker.dgf.uchile.cl/Mediciones/datos/csv/IDEO.csv
IDEO,Inca de Oro,III Región de Atacama,-69.91,-26.75,1541.0,2010-08-31,492.3662628145387,498.1023890784983,14.531787634408602,15.856137992831542,2.893935931899642,http://walker.dgf.uchile.cl/Mediciones/datos/csv/IDEO.csv
IDEO,Inca de Oro,III Región de Atacama,-69.91,-26.75,1541.0,2010-09-30,541.032340425532,585.8014981273408,14.807777777777778,24.096921296296294,2.9211458333333336,http://walker.dgf.uchile.cl/Mediciones/datos/csv/IDEO.csv
IDEO,Inca de Oro,III Región de Atacama,-69.91,-26.75,1541.0,2010-10-31,653.9584372402328,653.0835419274092,16.20280017921147,20.365479390681003,2.9593817204301076,http://walker.dgf.uchile.cl/Mediciones/datos/csv/IDEO.csv
IDEO,Inca de Oro,III Región de Atacama,-69.91,-26.75,1541.0,2010-11-30,678.5395216862586,686.2203652120087,18.06215277777778,22.423680555555556,3.0451550925925925,http://walker.dgf.uchile.cl/Mediciones/datos/csv/IDEO.csv
IDEO,Inca de Oro,III Región de Atacama,-69.91,-26.75,1541.0,2010-12-31,684.5215731195112,728.0936630602782,19.099529569892475,23.13001792114695,3.050564516129032,http://walker.dgf.uchile.cl/Mediciones/datos/csv/IDEO.csv
IDEO,Inca de Oro,III Región de Atacama,-69.91,-26.75,1541.0,2011-01-31,665.0804774740085,705.498263340701,20.097401433691758,34.20060483870968,2.9335842293906813,http://walker.dgf.uchile.cl/Mediciones/datos/csv/IDEO.csv
IDEO,Inca de Oro,III Región de Atacama,-69.91,-26.75,1541.0,2011-02-28,598.781928757602,600.3033667621777,19.488566468253968,44.4421130952381,2.7947271825396824,http://walker.dgf.uchile.cl/Mediciones/datos/csv/IDEO.csv
IDEO,Inca de Oro,III Región de Atacama,-69.91,-26.75,1541.0,2011-03-31,601.8173614095401,628.9861626729665,18.459767025089604,30.904771505376342,2.8081070788530464,http://walker.dgf.uchile.cl/Mediciones/datos/csv/IDEO.csv
IDEO,Inca de Oro,III Región de Atacama,-69.91,-26.75,1541.0,2011-04-30,526.872461029759,564.9863165680473,17.576550925925925,25.480763888888887,2.754435185185185,http://walker.dgf.uchile.cl/Mediciones/datos/csv/IDEO.csv
IDEO,Inca de Oro,III Región de Atacama,-69.91,-26.75,1541.0,2011-05-31,424.27041564792177,375.71990585070614,16.88788082437276,15.561111111111112,2.6320990143369176,http://walker.dgf.uchile.cl/Mediciones/datos/csv/IDEO.csv
IDEO,Inca de Oro,III Región de Atacama,-69.91,-26.75,1541.0,2011-06-30,351.3713339640492,371.3205814843152,13.01050925925926,26.966574074074074,2.5281064814814815,http://walker.dgf.uchile.cl/Mediciones/datos/csv/IDEO.csv
IDEO,Inca de Oro,III Región de Atacama,-69.91,-26.75,1541.0,2011-07-31,341.02216427640155,381.38969465648853,12.245250896057348,32.39495967741936,2.5066509856630828,http://walker.dgf.uchile.cl/Mediciones/datos/csv/IDEO.csv
IDEO,Inca de Oro,III Región de Atacama,-69.91,-26.75,1541.0,2011-08-31,483.7743566176471,512.5467805051583,13.486536738351255,21.884498207885304,2.7980555555555555,http://walker.dgf.uchile.cl/Mediciones/datos/csv/IDEO.csv
IDEO,Inca de Oro,III Región de Atacama,-69.91,-26.75,1541.0,2011-09-30,589.9788408463661,661.596713965646,17.549814814814813,15.915092592592591,2.885060185185185,http://walker.dgf.uchile.cl/Mediciones/datos/csv/IDEO.csv
IDEO,Inca de Oro,III Región de Atacama,-69.91,-26.75,1541.0,2011-10-31,641.2854209445585,689.4926470588235,16.12233422939068,21.760999103942655,2.9719287634408604,http://walker.dgf.uchile.cl/Mediciones/datos/csv/IDEO.csv
IDEO,Inca de Oro,III Región de Atacama,-69.91,-26.75,1541.0,2011-11-30,673.0142276422764,733.898849797023,19.296435185185185,23.244537037037034,2.9317407407407408,http://walker.dgf.uchile.cl/Mediciones/datos/csv/IDEO.csv
IDEO,Inca de Oro,III Región de Atacama,-69.91,-26.75,1541.0,2011-12-31,655.8479174627436,683.0875981161695,19.925201612903226,29.313418458781364,2.924715501792115,http://walker.dgf.uchile.cl/Mediciones/datos/csv/IDEO.csv
IDEO,Inca de Oro,III Región de Atacama,-69.91,-26.75,1541.0,2012-01-31,646.6246638494046,665.0168644597127,20.166196236559138,39.63991935483871,2.9342831541218635,http://walker.dgf.uchile.cl/Mediciones/datos/csv/IDEO.csv
IDEO,Inca de Oro,III Región de Atacama,-69.91,-26.75,1541.0,2012-02-29,618.4526315789474,614.7770453664211,20.27303855486654,44.95872202750067,2.8153437584254517,http://walker.dgf.uchile.cl/Mediciones/datos/csv/IDEO.csv
IDEO,Inca de Oro,III Región de Atacama,-69.91,-26.75,1541.0,2012-07-31,435.9496296296296,450.6270131771596,13.701568100358424,12.537836021505377,2.742421594982079,http://walker.dgf.uchile.cl/Mediciones/datos/csv/IDEO.csv
IDEO,Inca de Oro,III Región de Atacama,-69.91,-26.75,1541.0,2012-08-31,487.68703358208955,479.65804002760524,14.060237455197132,19.403136200716848,2.669473566308244,http://walker.dgf.uchile.cl/Mediciones/datos/csv/IDEO.csv
IDEO,Inca de Oro,III Región de Atacama,-69.91,-26.75,1541.0,2012-09-30,572.2656391659111,594.7616707616708,17.140023148148146,18.952337962962964,2.794449074074074,http://walker.dgf.uchile.cl/Mediciones/datos/csv/IDEO.csv
IDEO,Inca de Oro,III Región de Atacama,-69.91,-26.75,1541.0,2012-10-31,651.8862973760932,665.2841091492777,17.46312724014337,17.16823476702509,3.000622759856631,http://walker.dgf.uchile.cl/Mediciones/datos/csv/IDEO.csv
IDEO,Inca de Oro,III Región de Atacama,-69.91,-26.75,1541.0,2012-11-30,683.9057527539779,730.726412014365,19.465694444444445,19.728958333333335,3.0501828703703704,http://walker.dgf.uchile.cl/Mediciones/datos/csv/IDEO.csv
IDEO,Inca de Oro,III Región de Atacama,-69.91,-26.75,1541.0,2012-12-31,677.1204727411362,730.0129460056836,20.359655017921146,30.588709677419356,2.942768817204301,http://walker.dgf.uchile.cl/Mediciones/datos/csv/IDEO.csv
IDEO,Inca de Oro,III Región de Atacama,-69.91,-26.75,1541.0,2013-01-31,656.7947530864197,682.8331777155306,21.207325268817204,29.68355734767025,2.9929099462365594,http://walker.dgf.uchile.cl/Mediciones/datos/csv/IDEO.csv
IDEO,Inca de Oro,III Región de Atacama,-69.91,-26.75,1541.0,2013-02-28,636.0951953300404,615.8967521367522,20.384598214285713,43.196527777777774,2.808784722222222,http://walker.dgf.uchile.cl/Mediciones/datos/csv/IDEO.csv
IDEO,Inca de Oro,III Región de Atacama,-69.91,-26.75,1541.0,2013-03-31,611.1748917748918,644.5421443020904,20.16606182795699,25.559117383512543,2.90997311827957,http://walker.dgf.uchile.cl/Mediciones/datos/csv/IDEO.csv
IDEO,Inca de Oro,III Región de Atacama,-69.91,-26.75,1541.0,2013-04-30,540.4207754906654,578.8919821826281,17.829351851851854,19.251944444444444,2.798537037037037,http://walker.dgf.uchile.cl/Mediciones/datos/csv/IDEO.csv
IDEO,Inca de Oro,III Región de Atacama,-69.91,-26.75,1541.0,2013-05-31,410.65495668912416,407.82933042212517,15.224260752688174,22.111850358422938,2.647414874551971,http://walker.dgf.uchile.cl/Mediciones/datos/csv/IDEO.csv
IDEO,Inca de Oro,III Región de Atacama,-69.91,-26.75,1541.0,2013-06-30,394.65302951838424,428.327140549273,14.414259259259259,20.620833333333334,2.7301203703703707,http://walker.dgf.uchile.cl/Mediciones/datos/csv/IDEO.csv
IDEO,Inca de Oro,III Región de Atacama,-69.91,-26.75,1541.0,2013-07-31,401.2493911349245,431.35593220338984,14.515972222222222,18.972513440860215,2.7177912186379927,http://walker.dgf.uchile.cl/Mediciones/datos/csv/IDEO.csv
IDEO,Inca de Oro,III Región de Atacama,-69.91,-26.75,1541.0,2013-08-31,493.4085820895522,538.806288398988,15.249596774193547,18.1584229390681,2.862508960573477,http://walker.dgf.uchile.cl/Mediciones/datos/csv/IDEO.csv
IDEO,Inca de Oro,III Región de Atacama,-69.91,-26.75,1541.0,2013-09-30,581.8112688960147,585.288766368022,16.15300925925926,16.86854166666667,3.055738425925926,http://walker.dgf.uchile.cl/Mediciones/datos/csv/IDEO.csv
IDEO,Inca de Oro,III Región de Atacama,-69.91,-26.75,1541.0,2013-10-31,648.5594841930116,660.8567270375162,17.97641129032258,14.856182795698924,3.0823969534050177,http://walker.dgf.uchile.cl/Mediciones/datos/csv/IDEO.csv
IDEO,Inca de Oro,III Región de Atacama,-69.91,-26.75,1541.0,2013-11-30,665.78903122498,741.4384021483719,18.59400462962963,25.30497685185185,3.1183055555555557,http://walker.dgf.uchile.cl/Mediciones/datos/csv/IDEO.csv
IDEO,Inca de Oro,III Región de Atacama,-69.91,-26.75,1541.0,2013-12-31,668.8658304827062,725.8140204865557,20.054525089605733,35.6932123655914,2.8706608422939066,http://walker.dgf.uchile.cl/Mediciones/datos/csv/IDEO.csv
IDEO,Inca de Oro,III Región de Atacama,-69.91,-26.75,1541.0,2014-01-31,651.0331662167374,688.1908914728682,20.082750896057345,48.376635304659494,2.9838866487455196,http://walker.dgf.uchile.cl/Mediciones/datos/csv/IDEO.csv
IDEO,Inca de Oro,III Región de Atacama,-69.91,-26.75,1541.0,2014-02-28,655.2871956717764,668.0382165605096,20.000372023809526,30.78643353174603,2.9374950396825397,http://walker.dgf.uchile.cl/Mediciones/datos/csv/IDEO.csv
IDEO,Inca de Oro,III Región de Atacama,-69.91,-26.75,1541.0,2014-03-31,603.8869227449288,620.6138613861386,18.988888888888887,33.14372759856631,2.931081989247312,http://walker.dgf.uchile.cl/Mediciones/datos/csv/IDEO.csv
IDEO,Inca de Oro,III Región de Atacama,-69.91,-26.75,1541.0,2014-04-30,523.3098524512137,544.3997809419496,18.26826388888889,22.81888888888889,2.7047453703703703,http://walker.dgf.uchile.cl/Mediciones/datos/csv/IDEO.csv
IDEO,Inca de Oro,III Región de Atacama,-69.91,-26.75,1541.0,2014-05-31,386.01555352241536,451.75974542561653,14.541554659498209,28.891756272401434,2.590082885304659,http://walker.dgf.uchile.cl/Mediciones/datos/csv/IDEO.csv
IDEO,Inca de Oro,III Región de Atacama,-69.91,-26.75,1541.0,2014-06-30,409.03783783783786,459.9349415204678,11.009346567411082,26.70062034739454,2.59227047146402,http://walker.dgf.uchile.cl/Mediciones/datos/csv/IDEO.csv
IDEO,Inca de Oro,III Región de Atacama,-69.91,-26.75,1541.0,2014-07-31,409.1852551984877,440.1822955738935,13.641353046594983,14.889448924731182,2.8403203405017923,http://walker.dgf.uchile.cl/Mediciones/datos/csv/IDEO.csv
IDEO,Inca de Oro,III Región de Atacama,-69.91,-26.75,1541.0,2014-08-31,493.8958333333333,487.98695054945057,16.867652329749102,16.353741039426524,2.9605017921146954,http://walker.dgf.uchile.cl/Mediciones/datos/csv/IDEO.csv
IDEO,Inca de Oro,III Región de Atacama,-69.91,-26.75,1541.0,2014-09-30,552.8800894854586,587.4580965909091,15.886828703703705,22.346273148148146,3.0165486111111113,http://walker.dgf.uchile.cl/Mediciones/datos/csv/IDEO.csv
IDEO,Inca de Oro,III Región de Atacama,-69.91,-26.75,1541.0,2014-10-31,617.298347107438,641.4848484848485,20.078875448028676,21.80638440860215,2.9144041218637993,http://walker.dgf.uchile.cl/Mediciones/datos/csv/IDEO.csv
IDEO,Inca de Oro,III Región de Atacama,-69.91,-26.75,1541.0,2014-11-30,673.8761118170266,733.7185877466251,19.57083184576937,22.194751874330596,3.1467761513745094,http://walker.dgf.uchile.cl/Mediciones/datos/csv/IDEO.csv
IDEO,Inca de Oro,III Región de Atacama,-69.91,-26.75,1541.0,2014-12-31,687.634473798181,764.9338933528122,19.952812975164726,25.761049163710087,3.131317790167258,http://walker.dgf.uchile.cl/Mediciones/datos/csv/IDEO.csv
IDEO,Inca de Oro,III Región de Atacama,-69.91,-26.75,1541.0,2015-01-31,665.2839937839938,692.3694968553459,21.31444892473118,31.826120071684585,3.0495609318996415,http://walker.dgf.uchile.cl/Mediciones/datos/csv/IDEO.csv
IDEO,Inca de Oro,III Región de Atacama,-69.91,-26.75,1541.0,2015-02-28,616.126149802891,590.3575268817204,19.95014880952381,47.11195436507936,2.847986111111111,http://walker.dgf.uchile.cl/Mediciones/datos/csv/IDEO.csv
IDEO,Inca de Oro,III Región de Atacama,-69.91,-26.75,1541.0,2015-03-31,531.5514469453376,548.8134158254641,19.64970878136201,49.88633512544803,2.6955824372759856,http://walker.dgf.uchile.cl/Mediciones/datos/csv/IDEO.csv
IDEO,Inca de Oro,III Región de Atacama,-69.91,-26.75,1541.0,2015-04-30,526.3454371715242,548.0332730560579,19.31745884535126,30.128518432645492,2.688332946904707,http://walker.dgf.uchile.cl/Mediciones/datos/csv/IDEO.csv
IDEO,Inca de Oro,III Región de Atacama,-69.91,-26.75,1541.0,2015-05-31,425.6178743961353,450.4195830230826,17.00752688172043,22.95750448028674,2.806910842293907,http://walker.dgf.uchile.cl/Mediciones/datos/csv/IDEO.csv
IDEO,Inca de Oro,III Región de Atacama,-69.91,-26.75,1541.0,2015-06-30,402.63373620599054,445.3376782077393,16.597800925925927,11.97888888888889,2.8946550925925925,http://walker.dgf.uchile.cl/Mediciones/datos/csv/IDEO.csv
IDEO,Inca de Oro,III Región de Atacama,-69.91,-26.75,1541.0,2015-07-31,373.8405587668593,389.6147448015123,13.488530465949822,26.308131720430108,2.688443100358423,http://walker.dgf.uchile.cl/Mediciones/datos/csv/IDEO.csv
IDEO,Inca de Oro,III Región de Atacama,-69.91,-26.75,1541.0,2015-08-31,398.54323630136986,439.01366826745476,14.62896505376344,32.717025089605734,2.7715546594982077,http://walker.dgf.uchile.cl/Mediciones/datos/csv/IDEO.csv
IDEO,Inca de Oro,III Región de Atacama,-69.91,-26.75,1541.0,2015-09-30,572.0354706684857,639.0189732142857,16.664837962962963,21.955671296296295,2.9571319444444444,http://walker.dgf.uchile.cl/Mediciones/datos/csv/IDEO.csv
IDEO,Inca de Oro,III Región de Atacama,-69.91,-26.75,1541.0,2015-10-31,603.6665302782324,624.8761578044597,17.492159498207887,25.391890681003584,3.039695340501792,http://walker.dgf.uchile.cl/Mediciones/datos/csv/IDEO.csv
IDEO,Inca de Oro,III Región de Atacama,-69.91,-26.75,1541.0,2015-11-30,664.7252344068488,703.8447332421341,18.204328703703702,24.73865740740741,3.123581018518519,http://walker.dgf.uchile.cl/Mediciones/datos/csv/IDEO.csv
IDEO,Inca de Oro,III Región de Atacama,-69.91,-26.75,1541.0,2015-12-31,688.8489623366642,759.1904915912031,21.51899641577061,21.545855734767024,3.1845833333333333,http://walker.dgf.uchile.cl/Mediciones/datos/csv/IDEO.csv
IDEO,Inca de Oro,III Región de Atacama,-69.91,-26.75,1541.0,2016-01-31,660.7871517027863,719.7082514734774,21.270766129032257,35.09872311827957,2.970828853046595,http://walker.dgf.uchile.cl/Mediciones/datos/csv/IDEO.csv
IDEO,Inca de Oro,III Región de Atacama,-69.91,-26.75,1541.0,2016-02-29,632.8615451388889,638.6933518969718,21.668151340996168,40.97248563218391,2.811855842911877,http://walker.dgf.uchile.cl/Mediciones/datos/csv/IDEO.csv
IDEO,Inca de Oro,III Región de Atacama,-69.91,-26.75,1541.0,2016-03-31,584.831678895123,610.1567164179105,20.592674731182797,35.61160394265233,2.8960035842293905,http://walker.dgf.uchile.cl/Mediciones/datos/csv/IDEO.csv
IDEO,Inca de Oro,III Región de Atacama,-69.91,-26.75,1541.0,2016-04-30,446.06575342465754,451.9635169646115,18.19662037037037,36.82356481481481,2.6147847222222222,http://walker.dgf.uchile.cl/Mediciones/datos/csv/IDEO.csv
IDEO,Inca de Oro,III Región de Atacama,-69.91,-26.75,1541.0,2016-05-31,338.1540307101727,281.8788554440728,15.965658602150537,27.968077956989248,2.4067562724014335,http://walker.dgf.uchile.cl/Mediciones/datos/csv/IDEO.csv
IDEO,Inca de Oro,III Región de Atacama,-69.91,-26.75,1541.0,2016-06-30,336.960794044665,329.0407920792079,13.917592592592593,26.083125000000003,2.722976851851852,http://walker.dgf.uchile.cl/Mediciones/datos/csv/IDEO.csv
IDEO,Inca de Oro,III Región de Atacama,-69.91,-26.75,1541.0,2016-07-31,381.389146567718,436.0642307692308,13.638866487455198,25.54706541218638,2.7459520609319,http://walker.dgf.uchile.cl/Mediciones/datos/csv/IDEO.csv
IDEO,Inca de Oro,III Región de Atacama,-69.91,-26.75,1541.0,2016-08-31,485.7518656716418,552.1224105461393,16.643772401433694,17.0141353046595,3.0644646057347673,http://walker.dgf.uchile.cl/Mediciones/datos/csv/IDEO.csv
IDEO,Inca de Oro,III Región de Atacama,-69.91,-26.75,1541.0,2016-09-30,591.3943014705883,652.7362075264889,18.234861111111112,17.522407407407407,3.066895833333333,http://walker.dgf.uchile.cl/Mediciones/datos/csv/IDEO.csv
IDEO,Inca de Oro,III Región de Atacama,-69.91,-26.75,1541.0,2016-10-31,630.9671052631579,665.210631895687,18.247289426523295,21.793436379928313,3.067022849462366,http://walker.dgf.uchile.cl/Mediciones/datos/csv/IDEO.csv
IDEO,Inca de Oro,III Región de Atacama,-69.91,-26.75,1541.0,2016-11-30,669.1924635332252,728.2358168147642,19.59976851851852,26.169999999999998,3.066939814814815,http://walker.dgf.uchile.cl/Mediciones/datos/csv/IDEO.csv
IDEO,Inca de Oro,III Región de Atacama,-69.91,-26.75,1541.0,2016-12-31,645.0231949120838,709.5632890903205,19.615793010752686,38.068436379928315,3.021301523297491,http://walker.dgf.uchile.cl/Mediciones/datos/csv/IDEO.csv
IDEO,Inca de Oro,III Región de Atacama,-69.91,-26.75,1541.0,2017-01-31,617.0445115050924,651.7264150943396,20.807302867383513,52.2239023297491,2.912728494623656,http://walker.dgf.uchile.cl/Mediciones/datos/csv/IDEO.csv
IDEO,Inca de Oro,III Región de Atacama,-69.91,-26.75,1541.0,2017-02-28,626.7114003590664,615.0304532577903,20.407589285714284,45.025843253968254,3.0495411706349205,http://walker.dgf.uchile.cl/Mediciones/datos/csv/IDEO.csv
IDEO,Inca de Oro,III Región de Atacama,-69.91,-26.75,1541.0,2017-03-31,587.4423823910229,598.3384055573933,20.029771505376342,40.64699820788531,2.876465053763441,http://walker.dgf.uchile.cl/Mediciones/datos/csv/IDEO.csv
IDEO,Inca de Oro,III Región de Atacama,-69.91,-26.75,1541.0,2017-04-30,510.7545839210155,540.8037884203002,17.703634259259257,32.976712962962964,2.7850347222222225,http://walker.dgf.uchile.cl/Mediciones/datos/csv/IDEO.csv
IDEO,Inca de Oro,III Región de Atacama,-69.91,-26.75,1541.0,2017-05-31,345.85327219674866,438.1688262195122,13.130197132616487,47.943301971326164,2.5545138888888888,http://walker.dgf.uchile.cl/Mediciones/datos/csv/IDEO.csv
IDEO,Inca de Oro,III Región de Atacama,-69.91,-26.75,1541.0,2017-06-30,362.1752831117676,374.2758878504673,13.569907407407408,34.53259259259259,2.598113425925926,http://walker.dgf.uchile.cl/Mediciones/datos/csv/IDEO.csv
IDEO,Inca de Oro,III Región de Atacama,-69.91,-26.75,1541.0,2017-07-31,434.3880893300248,482.09441896024464,15.655801971326165,19.244422043010754,2.8569556451612903,http://walker.dgf.uchile.cl/Mediciones/datos/csv/IDEO.csv
IDEO,Inca de Oro,III Región de Atacama,-69.91,-26.75,1541.0,2017-08-31,463.19766397124886,573.2740830310358,13.953248207885306,26.90318100358423,2.808082437275986,http://walker.dgf.uchile.cl/Mediciones/datos/csv/IDEO.csv
IDEO,Inca de Oro,III Región de Atacama,-69.91,-26.75,1541.0,2017-09-30,561.0677220756377,684.2547721075185,16.290185185185187,27.687291666666667,2.8385625,http://walker.dgf.uchile.cl/Mediciones/datos/csv/IDEO.csv
IDEO,Inca de Oro,III Región de Atacama,-69.91,-26.75,1541.0,2017-10-31,641.1985049833887,694.2984658298466,17.89527329749104,21.16747311827957,3.0931474014336917,http://walker.dgf.uchile.cl/Mediciones/datos/csv/IDEO.csv
IDEO,Inca de Oro,III Región de Atacama,-69.91,-26.75,1541.0,2017-11-30,672.68901453958,747.4613278576318,19.197222222222223,28.515023148148146,3.0970694444444447,http://walker.dgf.uchile.cl/Mediciones/datos/csv/IDEO.csv
IDEO,Inca de Oro,III Región de Atacama,-69.91,-26.75,1541.0,2017-12-31,682.1667302556276,735.9543994861914,19.863844086021505,34.53555107526882,3.1020138888888886,http://walker.dgf.uchile.cl/Mediciones/datos/csv/IDEO.csv
IDEO,Inca de Oro,III Región de Atacama,-69.91,-26.75,1541.0,2018-01-31,655.2023210831721,703.5724183437809,20.31339605734767,38.94307795698925,3.045891577060932,http://walker.dgf.uchile.cl/Mediciones/datos/csv/IDEO.csv
IDEO,Inca de Oro,III Región de Atacama,-69.91,-26.75,1541.0,2018-02-28,623.2804607886575,624.427445360086,19.538095238095238,51.271726190476194,2.8061309523809523,http://walker.dgf.uchile.cl/Mediciones/datos/csv/IDEO.csv
IDEO,Inca de Oro,III Región de Atacama,-69.91,-26.75,1541.0,2018-03-31,609.3770562770562,648.3501891984864,19.95405465949821,32.16579301075269,3.0206854838709676,http://walker.dgf.uchile.cl/Mediciones/datos/csv/IDEO.csv
IDEO,Inca de Oro,III Región de Atacama,-69.91,-26.75,1541.0,2018-04-30,507.518779342723,542.950296735905,18.60849537037037,34.44048611111111,2.7693125000000003,http://walker.dgf.uchile.cl/Mediciones/datos/csv/IDEO.csv
IDEO,Inca de Oro,III Región de Atacama,-69.91,-26.75,1541.0,2018-05-31,447.64150024354603,487.2689992475546,16.08581989247312,19.752553763440858,2.816077508960573,http://walker.dgf.uchile.cl/Mediciones/datos/csv/IDEO.csv
IDEO,Inca de Oro,III Región de Atacama,-69.91,-26.75,1541.0,2018-06-30,403.5976422347514,467.87176220806793,14.005995370370371,20.622569444444444,2.8590925925925927,http://walker.dgf.uchile.cl/Mediciones/datos/csv/IDEO.csv
IDEO,Inca de Oro,III Región de Atacama,-69.91,-26.75,1541.0,2018-07-31,378.32394366197184,442.39530004196394,13.833691756272401,23.535775089605735,2.9392674731182793,http://walker.dgf.uchile.cl/Mediciones/datos/csv/IDEO.csv
IDEO,Inca de Oro,III Región de Atacama,-69.91,-26.75,1541.0,2018-08-31,495.7702067669173,572.1605922551253,16.250560035842295,16.29540770609319,3.2114829749103944,http://walker.dgf.uchile.cl/Mediciones/datos/csv/IDEO.csv
IDEO,Inca de Oro,III Región de Atacama,-69.91,-26.75,1541.0,2018-09-30,591.1867829279486,660.7200149925037,17.308587962962964,18.787060185185187,3.117587962962963,http://walker.dgf.uchile.cl/Mediciones/datos/csv/IDEO.csv
IDEO,Inca de Oro,III Región de Atacama,-69.91,-26.75,1541.0,2018-10-31,623.3331946755408,649.8816383200277,18.915143369175627,23.890994623655914,3.0832437275985662,http://walker.dgf.uchile.cl/Mediciones/datos/csv/IDEO.csv
IDEO,Inca de Oro,III Región de Atacama,-69.91,-26.75,1541.0,2018-11-30,672.7675456389452,767.8395496129486,20.14877314814815,31.456898148148145,3.1297037037037034,http://walker.dgf.uchile.cl/Mediciones/datos/csv/IDEO.csv
IDEO,Inca de Oro,III Región de Atacama,-69.91,-26.75,1541.0,2018-12-31,689.4933027171833,763.579454787234,20.432997311827954,27.631249999999998,3.103216845878136,http://walker.dgf.uchile.cl/Mediciones/datos/csv/IDEO.csv
IDEO,Inca de Oro,III Región de Atacama,-69.91,-26.75,1541.0,2019-01-31,636.968582375479,674.868630046327,20.637522401433692,41.45152329749104,2.9543862007168458,http://walker.dgf.uchile.cl/Mediciones/datos/csv/IDEO.csv
IDEO,Inca de Oro,III Región de Atacama,-69.91,-26.75,1541.0,2019-02-28,623.1208053691275,618.0453547915142,21.534300595238097,43.50528273809523,2.9439136904761907,http://walker.dgf.uchile.cl/Mediciones/datos/csv/IDEO.csv
IDEO,Inca de Oro,III Región de Atacama,-69.91,-26.75,1541.0,2019-03-31,604.6791237113403,658.0895158481366,20.309094982078854,30.900672043010754,3.0504793906810037,http://walker.dgf.uchile.cl/Mediciones/datos/csv/IDEO.csv
IDEO,Inca de Oro,III Región de Atacama,-69.91,-26.75,1541.0,2019-04-30,517.4824684431977,580.1705223880597,17.945069444444442,32.28414351851852,2.8798101851851854,http://walker.dgf.uchile.cl/Mediciones/datos/csv/IDEO.csv
IDEO,Inca de Oro,III Región de Atacama,-69.91,-26.75,1541.0,2019-05-31,407.32889733840307,465.2325962325962,15.315008960573476,25.41310483870968,2.762524641577061,http://walker.dgf.uchile.cl/Mediciones/datos/csv/IDEO.csv
IDEO,Inca de Oro,III Región de Atacama,-69.91,-26.75,1541.0,2019-06-30,402.94783515910274,453.25879917184267,14.79050925925926,18.661250000000003,2.864863425925926,http://walker.dgf.uchile.cl/Mediciones/datos/csv/IDEO.csv
IDEO,Inca de Oro,III Región de Atacama,-69.91,-26.75,1541.0,2019-07-31,389.4954997631454,451.9714400643604,14.715972222222224,19.974641577060932,2.8729256272401433,http://walker.dgf.uchile.cl/Mediciones/datos/csv/IDEO.csv
IDEO,Inca de Oro,III Región de Atacama,-69.91,-26.75,1541.0,2019-08-31,518.6714217784117,550.0236331569665,16.7372311827957,14.037589605734768,3.176294802867383,http://walker.dgf.uchile.cl/Mediciones/datos/csv/IDEO.csv
IDEO,Inca de Oro,III Región de Atacama,-69.91,-26.75,1541.0,2019-09-30,566.0884875846501,646.9992395437263,15.36474537037037,23.08590277777778,3.074081018518519,http://walker.dgf.uchile.cl/Mediciones/datos/csv/IDEO.csv
IDEO,Inca de Oro,III Región de Atacama,-69.91,-26.75,1541.0,2019-10-31,605.0267489711935,666.2135581313663,17.613799283154123,26.054121863799285,2.922166218637993,http://walker.dgf.uchile.cl/Mediciones/datos/csv/IDEO.csv
IDEO,Inca de Oro,III Región de Atacama,-69.91,-26.75,1541.0,2019-11-30,601.7784989858012,683.3436426116839,20.81335648148148,30.73099537037037,2.8511203703703702,http://walker.dgf.uchile.cl/Mediciones/datos/csv/IDEO.csv
IDEO,Inca de Oro,III Región de Atacama,-69.91,-26.75,1541.0,2019-12-31,625.3268633540373,727.5209825997953,21.970474910394266,28.277038530465948,2.9407974910394263,http://walker.dgf.uchile.cl/Mediciones/datos/csv/IDEO.csv
IDEO,Inca de Oro,III Región de Atacama,-69.91,-26.75,1541.0,2020-01-31,591.7537190082645,633.7039030955585,19.993181818181817,48.27878787878788,2.594715909090909,http://walker.dgf.uchile.cl/Mediciones/datos/csv/IDEO.csv
IDEO,Inca de Oro,III Región de Atacama,-69.91,-26.75,1541.0,2021-02-28,614.0516499282639,612.8847874720358,20.785218702865762,37.959577677224736,2.543529411764706,http://walker.dgf.uchile.cl/Mediciones/datos/csv/IDEO.csv
IDEO,Inca de Oro,III Región de Atacama,-69.91,-26.75,1541.0,2021-03-31,571.1461405030356,578.5072511535926,19.355779569892473,41.06724910394266,2.548812724014337,http://walker.dgf.uchile.cl/Mediciones/datos/csv/IDEO.csv
IDEO,Inca de Oro,III Región de Atacama,-69.91,-26.75,1541.0,2021-04-30,507.015421686747,549.5972850678733,17.89523148148148,30.206435185185185,2.625997685185185,http://walker.dgf.uchile.cl/Mediciones/datos/csv/IDEO.csv
IDEO,Inca de Oro,III Región de Atacama,-69.91,-26.75,1541.0,2021-05-31,411.81234688878,424.4964055996973,16.231429211469536,26.0163082437276,2.602836021505376,http://walker.dgf.uchile.cl/Mediciones/datos/csv/IDEO.csv
IDEO,Inca de Oro,III Región de Atacama,-69.91,-26.75,1541.0,2021-06-30,370.9277721261445,466.2688723205965,13.512060185185184,24.097708333333333,2.6006666666666667,http://walker.dgf.uchile.cl/Mediciones/datos/csv/IDEO.csv
IDEO,Inca de Oro,III Región de Atacama,-69.91,-26.75,1541.0,2021-07-31,387.5186595582635,462.97121315969844,15.511296359305886,13.937461721674039,2.731320176930929,http://walker.dgf.uchile.cl/Mediciones/datos/csv/IDEO.csv
PALM,Pozo Almonte,I Región de Tarapacá,-69.78,-20.26,1024.0,2008-08-31,510.7083148065807,471.9060606060606,13.950426008968611,43.6254932735426,2.2100089686098654,http://walker.dgf.uchile.cl/Mediciones/datos/csv/PALM.csv
PALM,Pozo Almonte,I Región de Tarapacá,-69.78,-20.26,1024.0,2008-09-30,557.6608996539792,530.6299546142209,14.928630993745656,48.53423673847579,2.862661570535094,http://walker.dgf.uchile.cl/Mediciones/datos/csv/PALM.csv
PALM,Pozo Almonte,I Región de Tarapacá,-69.78,-20.26,1024.0,2008-10-31,624.2219471947195,610.8560121765602,16.230262273032952,48.971306881865054,3.302869311813495,http://walker.dgf.uchile.cl/Mediciones/datos/csv/PALM.csv
PALM,Pozo Almonte,I Región de Tarapacá,-69.78,-20.26,1024.0,2008-11-30,630.0847176079734,610.445568843913,17.909427843409777,57.180310400741256,3.612304841324994,http://walker.dgf.uchile.cl/Mediciones/datos/csv/PALM.csv
PALM,Pozo Almonte,I Región de Tarapacá,-69.78,-20.26,1024.0,2008-12-31,588.7793499043977,528.7390188248717,19.036000896659942,53.05595158036315,3.640551445864156,http://walker.dgf.uchile.cl/Mediciones/datos/csv/PALM.csv
PALM,Pozo Almonte,I Región de Tarapacá,-69.78,-20.26,1024.0,2009-01-31,610.9490994518402,550.6304895104895,19.76769782559964,63.57410894418291,3.7284801613987897,http://walker.dgf.uchile.cl/Mediciones/datos/csv/PALM.csv
PALM,Pozo Almonte,I Región de Tarapacá,-69.78,-20.26,1024.0,2009-02-28,542.6902842596521,451.60148367952524,20.49841151650534,65.2487465872425,3.7287738893025564,http://walker.dgf.uchile.cl/Mediciones/datos/csv/PALM.csv
PALM,Pozo Almonte,I Región de Tarapacá,-69.78,-20.26,1024.0,2009-03-31,556.4125,468.0315990193408,19.84203093476799,63.82447881640888,3.2188477919748935,http://walker.dgf.uchile.cl/Mediciones/datos/csv/PALM.csv
PALM,Pozo Almonte,I Región de Tarapacá,-69.78,-20.26,1024.0,2009-04-30,516.2670013692378,420.29163096258213,17.910632383599722,64.90254806578642,2.9032244614315497,http://walker.dgf.uchile.cl/Mediciones/datos/csv/PALM.csv
PALM,Pozo Almonte,I Región de Tarapacá,-69.78,-20.26,1024.0,2009-05-31,423.5228339735382,345.15542919036017,15.293678547410895,67.5923783904954,2.3780251064783684,http://walker.dgf.uchile.cl/Mediciones/datos/csv/PALM.csv
PALM,Pozo Almonte,I Región de Tarapacá,-69.78,-20.26,1024.0,2009-06-30,444.32881355932204,361.27980465383513,12.953231410701877,51.16536946953903,1.740203845262914,http://walker.dgf.uchile.cl/Mediciones/datos/csv/PALM.csv
PALM,Pozo Almonte,I Región de Tarapacá,-69.78,-20.26,1024.0,2009-07-31,425.9059032401243,330.3007315090761,13.420085182694462,48.32210266756333,1.818567585743107,http://walker.dgf.uchile.cl/Mediciones/datos/csv/PALM.csv
PALM,Pozo Almonte,I Región de Tarapacá,-69.78,-20.26,1024.0,2009-08-31,498.92594196621917,448.093820861678,13.586124187401927,41.479959650302625,2.2607240529029364,http://walker.dgf.uchile.cl/Mediciones/datos/csv/PALM.csv
PALM,Pozo Almonte,I Región de Tarapacá,-69.78,-20.26,1024.0,2009-09-30,543.8985695708712,512.3664841849148,16.107713690062543,46.64681491776697,2.697370859393097,http://walker.dgf.uchile.cl/Mediciones/datos/csv/PALM.csv
PALM,Pozo Almonte,I Región de Tarapacá,-69.78,-20.26,1024.0,2009-10-31,633.2611226611226,590.6470246734398,17.375857431069267,41.567383994620045,3.1403429724277068,http://walker.dgf.uchile.cl/Mediciones/datos/csv/PALM.csv
PALM,Pozo Almonte,I Región de Tarapacá,-69.78,-20.26,1024.0,2009-11-30,603.926298832058,527.2444319142937,18.008200138985405,62.73926337734538,3.8656289089645584,http://walker.dgf.uchile.cl/Mediciones/datos/csv/PALM.csv
PALM,Pozo Almonte,I Región de Tarapacá,-69.78,-20.26,1024.0,2009-12-31,575.2417331812999,511.3447820343461,18.703340058282897,71.7725397892849,3.8771015467383996,http://walker.dgf.uchile.cl/Mediciones/datos/csv/PALM.csv
PALM,Pozo Almonte,I Región de Tarapacá,-69.78,-20.26,1024.0,2010-01-31,601.1568932038834,513.4774848984075,19.755548083389375,74.90477471418964,3.7101053575431515,http://walker.dgf.uchile.cl/Mediciones/datos/csv/PALM.csv
PALM,Pozo Almonte,I Región de Tarapacá,-69.78,-20.26,1024.0,2010-02-28,505.86997155627796,399.81541415249586,20.972673119880863,84.7849590469099,3.6457979647555225,http://walker.dgf.uchile.cl/Mediciones/datos/csv/PALM.csv
PALM,Pozo Almonte,I Región de Tarapacá,-69.78,-20.26,1024.0,2010-03-31,563.59,494.5431034482759,19.277605917955615,82.87215870880969,3.442113875812598,http://walker.dgf.uchile.cl/Mediciones/datos/csv/PALM.csv
PALM,Pozo Almonte,I Región de Tarapacá,-69.78,-20.26,1024.0,2010-04-30,436.6122199592668,359.00406393931183,17.83252258512856,86.69312022237665,3.033567292100996,http://walker.dgf.uchile.cl/Mediciones/datos/csv/PALM.csv
PALM,Pozo Almonte,I Región de Tarapacá,-69.78,-20.26,1024.0,2010-05-31,402.5737152485257,326.15836251009966,15.89787043263842,69.62815512216991,2.240717327953374,http://walker.dgf.uchile.cl/Mediciones/datos/csv/PALM.csv
PALM,Pozo Almonte,I Región de Tarapacá,-69.78,-20.26,1024.0,2010-06-30,426.7784117926771,328.9415057374755,13.945726198749131,54.01797544591152,1.814415103080843,http://walker.dgf.uchile.cl/Mediciones/datos/csv/PALM.csv
PALM,Pozo Almonte,I Región de Tarapacá,-69.78,-20.26,1024.0,2010-07-31,440.27128623188406,357.36006591595714,10.981125308226856,54.418964357767315,2.0500044832997086,http://walker.dgf.uchile.cl/Mediciones/datos/csv/PALM.csv
PALM,Pozo Almonte,I Región de Tarapacá,-69.78,-20.26,1024.0,2010-08-31,502.34962239004886,416.23856026785717,14.43207800941493,46.26967047747142,2.404232234924905,http://walker.dgf.uchile.cl/Mediciones/datos/csv/PALM.csv
PALM,Pozo Almonte,I Región de Tarapacá,-69.78,-20.26,1024.0,2010-09-30,552.4741907261592,473.38461538461536,14.957146166319204,60.2489460273338,2.880407690525828,http://walker.dgf.uchile.cl/Mediciones/datos/csv/PALM.csv
PALM,Pozo Almonte,I Región de Tarapacá,-69.78,-20.26,1024.0,2010-10-31,588.1838174273859,542.2619640387276,15.751356198161847,60.30874243443174,3.177173279533737,http://walker.dgf.uchile.cl/Mediciones/datos/csv/PALM.csv
PALM,Pozo Almonte,I Región de Tarapacá,-69.78,-20.26,1024.0,2010-11-30,640.1414898044112,610.5616113744076,17.207829511234653,60.81887885105397,3.354167245772527,http://walker.dgf.uchile.cl/Mediciones/datos/csv/PALM.csv
PALM,Pozo Almonte,I Región de Tarapacá,-69.78,-20.26,1024.0,2010-12-31,623.138431372549,565.3407725321888,18.439094373458868,68.95718448778301,3.5574445191661064,http://walker.dgf.uchile.cl/Mediciones/datos/csv/PALM.csv
PALM,Pozo Almonte,I Región de Tarapacá,-69.78,-20.26,1024.0,2011-01-31,555.0584795321637,470.9342385516507,20.139228872450126,68.79616677874917,3.611674512441157,http://walker.dgf.uchile.cl/Mediciones/datos/csv/PALM.csv
PALM,Pozo Almonte,I Región de Tarapacá,-69.78,-20.26,1024.0,2011-02-28,442.39413447782545,367.8761643835616,21.22325639116406,80.46937205261851,3.3882253660958055,http://walker.dgf.uchile.cl/Mediciones/datos/csv/PALM.csv
PALM,Pozo Almonte,I Región de Tarapacá,-69.78,-20.26,1024.0,2011-03-31,602.9407894736842,495.4656362130831,18.68976140838545,69.62680101922632,3.1965415798007872,http://walker.dgf.uchile.cl/Mediciones/datos/csv/PALM.csv
PALM,Pozo Almonte,I Región de Tarapacá,-69.78,-20.26,1024.0,2011-04-30,513.887854609929,396.89742226946584,17.87959230947417,77.10470779220779,2.860947417187862,http://walker.dgf.uchile.cl/Mediciones/datos/csv/PALM.csv
PALM,Pozo Almonte,I Región de Tarapacá,-69.78,-20.26,1024.0,2011-05-31,443.06437389770724,336.4276094276094,16.10190540237615,48.405835679549526,2.1336337144138082,http://walker.dgf.uchile.cl/Mediciones/datos/csv/PALM.csv
PALM,Pozo Almonte,I Región de Tarapacá,-69.78,-20.26,1024.0,2011-06-30,401.3194002726034,314.59083191850596,13.856428075052118,65.67372280615987,2.1872990502663887,http://walker.dgf.uchile.cl/Mediciones/datos/csv/PALM.csv
PALM,Pozo Almonte,I Región de Tarapacá,-69.78,-20.26,1024.0,2011-07-31,352.5785411038209,295.9248256264531,13.457005155794665,66.61034355374954,2.245628782784129,http://walker.dgf.uchile.cl/Mediciones/datos/csv/PALM.csv
PALM,Pozo Almonte,I Región de Tarapacá,-69.78,-20.26,1024.0,2011-08-31,510.0964873277012,405.50567567567566,13.76003138309796,70.66890530557421,2.3224837480385565,http://walker.dgf.uchile.cl/Mediciones/datos/csv/PALM.csv
PALM,Pozo Almonte,I Región de Tarapacá,-69.78,-20.26,1024.0,2011-09-30,593.6752021563342,486.5493982647635,15.5532437442076,27.93927527761543,2.8679031510658017,http://walker.dgf.uchile.cl/Mediciones/datos/csv/PALM.csv
PALM,Pozo Almonte,I Región de Tarapacá,-69.78,-20.26,1024.0,2011-10-31,634.9610016420361,537.471965160588,16.29479937233804,35.12427706792199,3.127901815736382,http://walker.dgf.uchile.cl/Mediciones/datos/csv/PALM.csv
PALM,Pozo Almonte,I Región de Tarapacá,-69.78,-20.26,1024.0,2011-11-30,648.0599173553719,559.0491990846682,17.756520731989806,42.646977067407924,3.615288394718555,http://walker.dgf.uchile.cl/Mediciones/datos/csv/PALM.csv
PALM,Pozo Almonte,I Región de Tarapacá,-69.78,-20.26,1024.0,2011-12-31,555.2495330593948,446.8915695310382,19.121990585070613,50.22510647836808,3.7194014794889037,http://walker.dgf.uchile.cl/Mediciones/datos/csv/PALM.csv
PALM,Pozo Almonte,I Región de Tarapacá,-69.78,-20.26,1024.0,2012-01-31,524.153714481342,433.7560790273556,20.49820788530466,49.184184587813625,3.6796572580645166,http://walker.dgf.uchile.cl/Mediciones/datos/csv/PALM.csv
PALM,Pozo Almonte,I Región de Tarapacá,-69.78,-20.26,1024.0,2012-02-29,427.61026680175615,336.6163157894737,21.033644636015325,53.23386015325671,3.7033812260536396,http://walker.dgf.uchile.cl/Mediciones/datos/csv/PALM.csv
PALM,Pozo Almonte,I Región de Tarapacá,-69.78,-20.26,1024.0,2012-03-31,529.6558720249708,434.8048,20.539852150537634,57.062275985663085,3.46008064516129,http://walker.dgf.uchile.cl/Mediciones/datos/csv/PALM.csv
PALM,Pozo Almonte,I Región de Tarapacá,-69.78,-20.26,1024.0,2012-04-30,484.18873735151783,393.8132226504595,18.006597222222222,55.34800925925926,2.762770833333333,http://walker.dgf.uchile.cl/Mediciones/datos/csv/PALM.csv
PALM,Pozo Almonte,I Región de Tarapacá,-69.78,-20.26,1024.0,2012-05-31,468.386404293381,399.7294151876637,15.389829749103942,46.22260304659498,2.3844310035842295,http://walker.dgf.uchile.cl/Mediciones/datos/csv/PALM.csv
PALM,Pozo Almonte,I Región de Tarapacá,-69.78,-20.26,1024.0,2012-06-30,438.4308176100629,371.8988095238095,13.775764525993884,39.323776758409785,,http://walker.dgf.uchile.cl/Mediciones/datos/csv/PALM.csv
PALM,Pozo Almonte,I Región de Tarapacá,-69.78,-20.26,1024.0,2012-07-31,414.2034760491734,351.33966005665724,13.818010752688172,35.99724462365592,,http://walker.dgf.uchile.cl/Mediciones/datos/csv/PALM.csv
PALM,Pozo Almonte,I Región de Tarapacá,-69.78,-20.26,1024.0,2012-08-31,514.1886708296164,440.5001462415911,13.559139784946236,45.646841397849464,,http://walker.dgf.uchile.cl/Mediciones/datos/csv/PALM.csv
PALM,Pozo Almonte,I Región de Tarapacá,-69.78,-20.26,1024.0,2012-09-30,566.5817706061928,487.1547619047619,15.988518518518518,38.10453703703704,,http://walker.dgf.uchile.cl/Mediciones/datos/csv/PALM.csv
PALM,Pozo Almonte,I Región de Tarapacá,-69.78,-20.26,1024.0,2012-10-31,634.590701535907,553.9728276252476,16.652217741935484,40.5586917562724,,http://walker.dgf.uchile.cl/Mediciones/datos/csv/PALM.csv
PALM,Pozo Almonte,I Región de Tarapacá,-69.78,-20.26,1024.0,2012-11-30,644.9659609796596,568.026825633383,17.625671296296296,37.168495370370366,,http://walker.dgf.uchile.cl/Mediciones/datos/csv/PALM.csv
PALM,Pozo Almonte,I Región de Tarapacá,-69.78,-20.26,1024.0,2012-12-31,579.8922397940419,482.1512855209743,19.425672043010753,49.39368279569892,,http://walker.dgf.uchile.cl/Mediciones/datos/csv/PALM.csv
PALM,Pozo Almonte,I Región de Tarapacá,-69.78,-20.26,1024.0,2013-01-31,586.6722882330395,474.0022358859698,20.327307347670253,49.61599462365591,,http://walker.dgf.uchile.cl/Mediciones/datos/csv/PALM.csv
PALM,Pozo Almonte,I Región de Tarapacá,-69.78,-20.26,1024.0,2013-02-28,551.5296343001261,456.8510895883777,20.75528273809524,56.30808531746032,,http://walker.dgf.uchile.cl/Mediciones/datos/csv/PALM.csv
PALM,Pozo Almonte,I Región de Tarapacá,-69.78,-20.26,1024.0,2013-03-31,583.4305852199915,529.256205945449,19.712029569892472,50.5823476702509,,http://walker.dgf.uchile.cl/Mediciones/datos/csv/PALM.csv
PALM,Pozo Almonte,I Región de Tarapacá,-69.78,-20.26,1024.0,2013-04-30,545.6345885634588,490.6992125984252,16.48326388888889,44.73108796296296,,http://walker.dgf.uchile.cl/Mediciones/datos/csv/PALM.csv
PALM,Pozo Almonte,I Región de Tarapacá,-69.78,-20.26,1024.0,2013-05-31,417.26944806605826,343.30628346012963,15.838015232974909,44.26841397849463,,http://walker.dgf.uchile.cl/Mediciones/datos/csv/PALM.csv
PALM,Pozo Almonte,I Región de Tarapacá,-69.78,-20.26,1024.0,2013-06-30,386.21290322580643,321.41260830594564,14.854791666666666,38.52321759259259,,http://walker.dgf.uchile.cl/Mediciones/datos/csv/PALM.csv
PALM,Pozo Almonte,I Región de Tarapacá,-69.78,-20.26,1024.0,2013-07-31,444.9519586104952,380.60626506024096,14.753843324751745,31.475799926443543,,http://walker.dgf.uchile.cl/Mediciones/datos/csv/PALM.csv
PALM,Pozo Almonte,I Región de Tarapacá,-69.78,-20.26,1024.0,2013-08-31,460.95276942893946,413.10428196912324,14.048387096774194,35.14070340501792,,http://walker.dgf.uchile.cl/Mediciones/datos/csv/PALM.csv
PALM,Pozo Almonte,I Región de Tarapacá,-69.78,-20.26,1024.0,2013-09-30,582.8181007579135,542.2797377458633,16.720115740740738,34.59199074074074,,http://walker.dgf.uchile.cl/Mediciones/datos/csv/PALM.csv
PALM,Pozo Almonte,I Región de Tarapacá,-69.78,-20.26,1024.0,2013-10-31,619.5245158632056,552.4808647385335,16.997491039426524,33.96090949820788,,http://walker.dgf.uchile.cl/Mediciones/datos/csv/PALM.csv
PALM,Pozo Almonte,I Región de Tarapacá,-69.78,-20.26,1024.0,2013-11-30,623.5111200970481,595.9665771411519,16.87219907407407,43.089305555555555,,http://walker.dgf.uchile.cl/Mediciones/datos/csv/PALM.csv
PALM,Pozo Almonte,I Región de Tarapacá,-69.78,-20.26,1024.0,2013-12-31,601.2829754601227,556.4596125186289,19.126008064516128,52.70183691756272,,http://walker.dgf.uchile.cl/Mediciones/datos/csv/PALM.csv
PALM,Pozo Almonte,I Región de Tarapacá,-69.78,-20.26,1024.0,2014-01-31,541.9168784029038,495.79707233065443,20.660125448028676,54.53725358422939,,http://walker.dgf.uchile.cl/Mediciones/datos/csv/PALM.csv
PALM,Pozo Almonte,I Región de Tarapacá,-69.78,-20.26,1024.0,2014-02-28,574.3717015468608,518.4505738615328,19.231076388888887,50.282465277777774,,http://walker.dgf.uchile.cl/Mediciones/datos/csv/PALM.csv
PALM,Pozo Almonte,I Región de Tarapacá,-69.78,-20.26,1024.0,2014-03-31,480.8855090832277,386.8472365259183,19.03649193548387,54.26043906810036,,http://walker.dgf.uchile.cl/Mediciones/datos/csv/PALM.csv
PALM,Pozo Almonte,I Región de Tarapacá,-69.78,-20.26,1024.0,2014-04-30,479.4321780059906,417.6124297314179,17.371550925925927,53.44243055555555,,http://walker.dgf.uchile.cl/Mediciones/datos/csv/PALM.csv
PALM,Pozo Almonte,I Región de Tarapacá,-69.78,-20.26,1024.0,2014-05-31,443.89952360329147,402.9754276827372,14.512500000000001,51.51926523297491,,http://walker.dgf.uchile.cl/Mediciones/datos/csv/PALM.csv
PALM,Pozo Almonte,I Región de Tarapacá,-69.78,-20.26,1024.0,2014-06-30,413.4475806451613,365.57142857142856,11.318175720992624,56.467940979208585,,http://walker.dgf.uchile.cl/Mediciones/datos/csv/PALM.csv
PALM,Pozo Almonte,I Región de Tarapacá,-69.78,-20.26,1024.0,2014-07-31,477.1257197696737,439.61181154611813,13.663505346350535,27.894514179451416,,http://walker.dgf.uchile.cl/Mediciones/datos/csv/PALM.csv
PALM,Pozo Almonte,I Región de Tarapacá,-69.78,-20.26,1024.0,2014-08-31,478.0157273918742,429.4665233415233,16.112544802867383,29.990120967741934,,http://walker.dgf.uchile.cl/Mediciones/datos/csv/PALM.csv
PALM,Pozo Almonte,I Región de Tarapacá,-69.78,-20.26,1024.0,2014-09-30,529.255076142132,467.1076286221171,16.892708333333335,39.852106481481485,,http://walker.dgf.uchile.cl/Mediciones/datos/csv/PALM.csv
PALM,Pozo Almonte,I Región de Tarapacá,-69.78,-20.26,1024.0,2014-10-31,583.4307565109549,527.6915244085055,17.84695340501792,38.26460573476703,,http://walker.dgf.uchile.cl/Mediciones/datos/csv/PALM.csv
PALM,Pozo Almonte,I Región de Tarapacá,-69.78,-20.26,1024.0,2014-11-30,621.8482563619227,612.091888011486,17.68131394722671,46.283844911147014,,http://walker.dgf.uchile.cl/Mediciones/datos/csv/PALM.csv
PALM,Pozo Almonte,I Región de Tarapacá,-69.78,-20.26,1024.0,2014-12-31,583.5690248565966,562.324548839874,18.251881720430106,53.36650985663083,,http://walker.dgf.uchile.cl/Mediciones/datos/csv/PALM.csv
PALM,Pozo Almonte,I Región de Tarapacá,-69.78,-20.26,1024.0,2015-01-31,559.5027216174184,478.4911177917464,20.12513440860215,49.0089605734767,,http://walker.dgf.uchile.cl/Mediciones/datos/csv/PALM.csv
PALM,Pozo Almonte,I Región de Tarapacá,-69.78,-20.26,1024.0,2015-02-28,442.5692425401683,361.89616879511385,21.389608134920632,58.961309523809526,,http://walker.dgf.uchile.cl/Mediciones/datos/csv/PALM.csv
PALM,Pozo Almonte,I Región de Tarapacá,-69.78,-20.26,1024.0,2015-03-31,497.8062068965517,409.263453439401,21.27640094711918,57.52498026835043,,http://walker.dgf.uchile.cl/Mediciones/datos/csv/PALM.csv
PALM,Pozo Almonte,I Región de Tarapacá,-69.78,-20.26,1024.0,2015-06-30,440.8771384136858,387.0374100719424,14.882324099043883,44.66202500612895,,http://walker.dgf.uchile.cl/Mediciones/datos/csv/PALM.csv
PALM,Pozo Almonte,I Región de Tarapacá,-69.78,-20.26,1024.0,2015-07-31,417.14488392089424,377.90263319044703,13.411648745519713,44.901008064516134,,http://walker.dgf.uchile.cl/Mediciones/datos/csv/PALM.csv
PALM,Pozo Almonte,I Región de Tarapacá,-69.78,-20.26,1024.0,2015-08-31,454.38124741842216,397.7511778563015,15.575268817204302,39.53835125448029,,http://walker.dgf.uchile.cl/Mediciones/datos/csv/PALM.csv
PALM,Pozo Almonte,I Región de Tarapacá,-69.78,-20.26,1024.0,2015-09-30,580.3878276321635,483.08852025836757,16.95927297985645,36.621614100185525,,http://walker.dgf.uchile.cl/Mediciones/datos/csv/PALM.csv
PALM,Pozo Almonte,I Región de Tarapacá,-69.78,-20.26,1024.0,2015-10-31,568.3475397132894,437.88546583850933,18.200828853046595,25.87883064516129,,http://walker.dgf.uchile.cl/Mediciones/datos/csv/PALM.csv
PALM,Pozo Almonte,I Región de Tarapacá,-69.78,-20.26,1024.0,2015-11-30,630.0634028892456,499.7430769230769,17.905671296296298,29.79659722222222,,http://walker.dgf.uchile.cl/Mediciones/datos/csv/PALM.csv
PALM,Pozo Almonte,I Región de Tarapacá,-69.78,-20.26,1024.0,2015-12-31,635.9499806126405,493.09648012154975,20.07753136200717,28.001859318996416,,http://walker.dgf.uchile.cl/Mediciones/datos/csv/PALM.csv
PALM,Pozo Almonte,I Región de Tarapacá,-69.78,-20.26,1024.0,2016-01-31,631.6280606296152,491.975068561456,20.491173835125448,32.324999999999996,,http://walker.dgf.uchile.cl/Mediciones/datos/csv/PALM.csv
PALM,Pozo Almonte,I Región de Tarapacá,-69.78,-20.26,1024.0,2016-02-29,527.5494672754946,387.63337547408344,21.735632183908045,35.892552681992335,,http://walker.dgf.uchile.cl/Mediciones/datos/csv/PALM.csv
PALM,Pozo Almonte,I Región de Tarapacá,-69.78,-20.26,1024.0,2016-03-31,582.5191188694929,425.17165086311695,20.444310035842292,36.46778673835126,,http://walker.dgf.uchile.cl/Mediciones/datos/csv/PALM.csv
PALM,Pozo Almonte,I Región de Tarapacá,-69.78,-20.26,1024.0,2016-04-30,438.43414245921207,326.22978303747533,18.44071759259259,36.025300925925926,,http://walker.dgf.uchile.cl/Mediciones/datos/csv/PALM.csv
PALM,Pozo Almonte,I Región de Tarapacá,-69.78,-20.26,1024.0,2016-05-31,477.9574565416286,338.29732408325077,17.288552867383515,26.18853046594982,,http://walker.dgf.uchile.cl/Mediciones/datos/csv/PALM.csv
PALM,Pozo Almonte,I Región de Tarapacá,-69.78,-20.26,1024.0,2016-06-30,419.1006463527239,289.5605493133583,14.776828703703703,22.42921296296296,,http://walker.dgf.uchile.cl/Mediciones/datos/csv/PALM.csv
PALM,Pozo Almonte,I Región de Tarapacá,-69.78,-20.26,1024.0,2016-07-31,447.62854609929076,323.9258160237389,14.850694444444445,24.71747311827957,,http://walker.dgf.uchile.cl/Mediciones/datos/csv/PALM.csv
PALM,Pozo Almonte,I Región de Tarapacá,-69.78,-20.26,1024.0,2016-08-31,522.3067781690141,387.42906746031747,14.88111559139785,23.31951164874552,,http://walker.dgf.uchile.cl/Mediciones/datos/csv/PALM.csv
PALM,Pozo Almonte,I Región de Tarapacá,-69.78,-20.26,1024.0,2016-09-30,595.5830013280213,453.7455345586332,16.60564814814815,19.785648148148148,,http://walker.dgf.uchile.cl/Mediciones/datos/csv/PALM.csv
PALM,Pozo Almonte,I Región de Tarapacá,-69.78,-20.26,1024.0,2016-10-31,648.6737323358271,502.32858214553636,17.007370071684587,25.35600358422939,,http://walker.dgf.uchile.cl/Mediciones/datos/csv/PALM.csv
PALM,Pozo Almonte,I Región de Tarapacá,-69.78,-20.26,1024.0,2016-11-30,643.3479688141157,503.3374345549738,18.826249999999998,23.381319444444443,,http://walker.dgf.uchile.cl/Mediciones/datos/csv/PALM.csv
PALM,Pozo Almonte,I Región de Tarapacá,-69.78,-20.26,1024.0,2016-12-31,624.9393119443371,465.67848350566226,19.55056003584229,30.11953405017921,,http://walker.dgf.uchile.cl/Mediciones/datos/csv/PALM.csv
PALM,Pozo Almonte,I Región de Tarapacá,-69.78,-20.26,1024.0,2017-01-31,454.1566978193146,345.50465766185374,22.146886200716846,34.39787186379928,,http://walker.dgf.uchile.cl/Mediciones/datos/csv/PALM.csv
PALM,Pozo Almonte,I Región de Tarapacá,-69.78,-20.26,1024.0,2017-02-28,489.061989606533,384.6259220231823,22.269717261904763,32.59645337301587,,http://walker.dgf.uchile.cl/Mediciones/datos/csv/PALM.csv
PALM,Pozo Almonte,I Región de Tarapacá,-69.78,-20.26,1024.0,2017-03-31,535.4892114554727,382.17140105922005,21.033288530465953,33.899753584229394,,http://walker.dgf.uchile.cl/Mediciones/datos/csv/PALM.csv
PALM,Pozo Almonte,I Región de Tarapacá,-69.78,-20.26,1024.0,2017-04-30,523.4778368794326,379.99568637401677,17.774282407407405,33.543078703703706,,http://walker.dgf.uchile.cl/Mediciones/datos/csv/PALM.csv
PALM,Pozo Almonte,I Región de Tarapacá,-69.78,-20.26,1024.0,2017-05-31,377.9125248508946,266.0928280163109,16.387836021505375,34.68400537634408,,http://walker.dgf.uchile.cl/Mediciones/datos/csv/PALM.csv
PALM,Pozo Almonte,I Región de Tarapacá,-69.78,-20.26,1024.0,2017-06-30,409.1060262800181,285.76168108776267,14.473078703703703,28.855578703703706,,http://walker.dgf.uchile.cl/Mediciones/datos/csv/PALM.csv
PALM,Pozo Almonte,I Región de Tarapacá,-69.78,-20.26,1024.0,2017-07-31,443.8837622005324,314.580427987497,14.745452508960573,23.372647849462364,,http://walker.dgf.uchile.cl/Mediciones/datos/csv/PALM.csv
PALM,Pozo Almonte,I Región de Tarapacá,-69.78,-20.26,1024.0,2017-08-31,528.5074626865671,395.4412768031189,14.205555555555556,22.937410394265235,,http://walker.dgf.uchile.cl/Mediciones/datos/csv/PALM.csv
PALM,Pozo Almonte,I Región de Tarapacá,-69.78,-20.26,1024.0,2017-09-30,539.6422965716646,413.44083874188715,15.516226851851853,27.050486111111113,,http://walker.dgf.uchile.cl/Mediciones/datos/csv/PALM.csv
PALM,Pozo Almonte,I Región de Tarapacá,-69.78,-20.26,1024.0,2017-10-31,643.1039014373716,503.5579367057065,16.851278026905828,27.589934992154223,,http://walker.dgf.uchile.cl/Mediciones/datos/csv/PALM.csv
PALM,Pozo Almonte,I Región de Tarapacá,-69.78,-20.26,1024.0,2017-11-30,639.2291497975708,503.83722721437744,17.40020833333333,41.53201388888888,,http://walker.dgf.uchile.cl/Mediciones/datos/csv/PALM.csv
PALM,Pozo Almonte,I Región de Tarapacá,-69.78,-20.26,1024.0,2017-12-31,620.7141753572809,456.53617125984255,18.813373655913978,47.69876792114695,,http://walker.dgf.uchile.cl/Mediciones/datos/csv/PALM.csv
PALM,Pozo Almonte,I Región de Tarapacá,-69.78,-20.26,1024.0,2018-01-31,602.3010955799018,437.45073832001935,19.74896953405018,48.61886200716846,,http://walker.dgf.uchile.cl/Mediciones/datos/csv/PALM.csv
PALM,Pozo Almonte,I Región de Tarapacá,-69.78,-20.26,1024.0,2018-02-28,486.6478149100257,373.89758106021617,20.35106646825397,56.9874007936508,,http://walker.dgf.uchile.cl/Mediciones/datos/csv/PALM.csv
PALM,Pozo Almonte,I Región de Tarapacá,-69.78,-20.26,1024.0,2018-03-31,593.0100250626566,432.4239608801956,19.236245519713265,54.12703853046595,,http://walker.dgf.uchile.cl/Mediciones/datos/csv/PALM.csv
PALM,Pozo Almonte,I Región de Tarapacá,-69.78,-20.26,1024.0,2018-04-30,502.4113475177305,346.0666331405582,18.03763888888889,53.458078703703706,,http://walker.dgf.uchile.cl/Mediciones/datos/csv/PALM.csv
PALM,Pozo Almonte,I Región de Tarapacá,-69.78,-20.26,1024.0,2018-05-31,492.1328413284133,342.610608653141,15.341285842293907,43.42748655913978,,http://walker.dgf.uchile.cl/Mediciones/datos/csv/PALM.csv
PALM,Pozo Almonte,I Región de Tarapacá,-69.78,-20.26,1024.0,2018-06-30,370.78153846153845,256.1266732771443,15.562037037037037,35.88590277777778,,http://walker.dgf.uchile.cl/Mediciones/datos/csv/PALM.csv
PALM,Pozo Almonte,I Región de Tarapacá,-69.78,-20.26,1024.0,2018-07-31,385.9165596919127,252.56801909307876,16.288664874551973,32.52403673835125,,http://walker.dgf.uchile.cl/Mediciones/datos/csv/PALM.csv
PALM,Pozo Almonte,I Región de Tarapacá,-69.78,-20.26,1024.0,2018-08-31,509.3218038528897,363.4150808753568,15.582258064516129,24.47936827956989,,http://walker.dgf.uchile.cl/Mediciones/datos/csv/PALM.csv
PALM,Pozo Almonte,I Región de Tarapacá,-69.78,-20.26,1024.0,2018-09-30,609.2515666965085,451.70542244640603,15.941273148148149,29.968171296296298,,http://walker.dgf.uchile.cl/Mediciones/datos/csv/PALM.csv
PALM,Pozo Almonte,I Región de Tarapacá,-69.78,-20.26,1024.0,2018-10-31,597.2511829652997,450.68872727272725,16.90076164874552,43.87972670250896,,http://walker.dgf.uchile.cl/Mediciones/datos/csv/PALM.csv
PALM,Pozo Almonte,I Región de Tarapacá,-69.78,-20.26,1024.0,2018-11-30,655.8927108927109,510.92065906210394,17.161527777777778,48.02236111111111,,http://walker.dgf.uchile.cl/Mediciones/datos/csv/PALM.csv
PALM,Pozo Almonte,I Región de Tarapacá,-69.78,-20.26,1024.0,2018-12-31,617.1768292682926,454.2903069857385,18.590568996415772,48.76883960573477,,http://walker.dgf.uchile.cl/Mediciones/datos/csv/PALM.csv
PALM,Pozo Almonte,I Región de Tarapacá,-69.78,-20.26,1024.0,2019-01-31,494.50742484607025,356.1738480697385,20.667581227436823,56.28839951865222,,http://walker.dgf.uchile.cl/Mediciones/datos/csv/PALM.csv
PALM,Pozo Almonte,I Región de Tarapacá,-69.78,-20.26,1024.0,2019-02-28,483.90820165537997,355.0700489312387,21.531671626984128,57.42296626984127,,http://walker.dgf.uchile.cl/Mediciones/datos/csv/PALM.csv
PALM,Pozo Almonte,I Región de Tarapacá,-69.78,-20.26,1024.0,2019-03-31,599.5172124265323,433.20612397311425,19.475224014336916,54.28035394265233,,http://walker.dgf.uchile.cl/Mediciones/datos/csv/PALM.csv
PALM,Pozo Almonte,I Región de Tarapacá,-69.78,-20.26,1024.0,2019-04-30,523.2818821459982,368.627735431522,17.704351851851854,54.13703703703704,,http://walker.dgf.uchile.cl/Mediciones/datos/csv/PALM.csv
PALM,Pozo Almonte,I Región de Tarapacá,-69.78,-20.26,1024.0,2019-05-31,443.890901250539,312.0219702338767,15.486117963668985,49.689795918367345,,http://walker.dgf.uchile.cl/Mediciones/datos/csv/PALM.csv
PALM,Pozo Almonte,I Región de Tarapacá,-69.78,-20.26,1024.0,2019-06-30,405.84311050477487,275.6834549878345,14.489953703703703,43.07108796296296,,http://walker.dgf.uchile.cl/Mediciones/datos/csv/PALM.csv
PALM,Pozo Almonte,I Región de Tarapacá,-69.78,-20.26,1024.0,2019-07-31,438.76865997381054,310.1516998827667,14.450291218637993,33.558422939068095,,http://walker.dgf.uchile.cl/Mediciones/datos/csv/PALM.csv
PALM,Pozo Almonte,I Región de Tarapacá,-69.78,-20.26,1024.0,2019-08-31,545.424145785877,372.1136896390061,15.383042114695339,23.295474910394265,,http://walker.dgf.uchile.cl/Mediciones/datos/csv/PALM.csv
PALM,Pozo Almonte,I Región de Tarapacá,-69.78,-20.26,1024.0,2019-09-30,536.1156747694887,397.44080100125154,16.239722222222223,35.42060185185185,,http://walker.dgf.uchile.cl/Mediciones/datos/csv/PALM.csv
PALM,Pozo Almonte,I Región de Tarapacá,-69.78,-20.26,1024.0,2019-10-31,621.56191636216,474.6302562826574,16.734655017921146,37.738239247311824,,http://walker.dgf.uchile.cl/Mediciones/datos/csv/PALM.csv
PALM,Pozo Almonte,I Región de Tarapacá,-69.78,-20.26,1024.0,2019-11-30,623.1189320388349,479.0012853470437,18.567523148148148,43.145949074074075,,http://walker.dgf.uchile.cl/Mediciones/datos/csv/PALM.csv
PALM,Pozo Almonte,I Región de Tarapacá,-69.78,-20.26,1024.0,2019-12-31,630.3196153846154,495.96174043510877,19.251814516129034,45.318010752688174,,http://walker.dgf.uchile.cl/Mediciones/datos/csv/PALM.csv
PALM,Pozo Almonte,I Región de Tarapacá,-69.78,-20.26,1024.0,2020-01-31,488.04326047358836,366.1983204134367,20.430721393034826,56.73177860696517,,http://walker.dgf.uchile.cl/Mediciones/datos/csv/PALM.csv
PALM,Pozo Almonte,I Región de Tarapacá,-69.78,-20.26,1024.0,2021-06-30,399.37565582371457,260.97768878718534,13.17602122015915,45.64546419098143,,http://walker.dgf.uchile.cl/Mediciones/datos/csv/PALM.csv
PALM,Pozo Almonte,I Región de Tarapacá,-69.78,-20.26,1024.0,2021-07-31,450.4901511681173,290.9992723744846,15.371729390681002,28.448387096774194,,http://walker.dgf.uchile.cl/Mediciones/datos/csv/PALM.csv
PALM,Pozo Almonte,I Región de Tarapacá,-69.78,-20.26,1024.0,2021-08-31,507.9422653151168,336.5126237623762,15.619534050179213,29.886469534050182,,http://walker.dgf.uchile.cl/Mediciones/datos/csv/PALM.csv
PALM,Pozo Almonte,I Región de Tarapacá,-69.78,-20.26,1024.0,2021-09-30,572.7453166815343,361.2178580780309,16.371712962962963,30.811759259259258,,http://walker.dgf.uchile.cl/Mediciones/datos/csv/PALM.csv
PALM,Pozo Almonte,I Región de Tarapacá,-69.78,-20.26,1024.0,2021-10-31,612.6409727947238,383.8159229208925,17.366129032258062,30.501657706093187,,http://walker.dgf.uchile.cl/Mediciones/datos/csv/PALM.csv
PALM,Pozo Almonte,I Región de Tarapacá,-69.78,-20.26,1024.0,2021-11-30,644.7974379503603,406.7050025786488,17.222763864042932,36.82468694096601,,http://walker.dgf.uchile.cl/Mediciones/datos/csv/PALM.csv
PANG,Puerto Angamos,II Región de Antofagasta,-70.39,-23.07,10.0,2010-05-31,210.44333529066353,177.19292292777507,16.24649162516976,68.71727725011307,3.0561846846846845,http://walker.dgf.uchile.cl/Mediciones/datos/csv/PANG.csv
PANG,Puerto Angamos,II Región de Antofagasta,-70.39,-23.07,10.0,2010-06-30,193.88795779019242,159.53311258278146,14.325601851851852,69.19081018518519,2.9368773148148146,http://walker.dgf.uchile.cl/Mediciones/datos/csv/PANG.csv
PANG,Puerto Angamos,II Región de Antofagasta,-70.39,-23.07,10.0,2010-07-31,207.89652173913043,201.99676616915423,13.394601254480287,65.50311379928316,2.9956406810035845,http://walker.dgf.uchile.cl/Mediciones/datos/csv/PANG.csv
PANG,Puerto Angamos,II Región de Antofagasta,-70.39,-23.07,10.0,2010-08-31,223.0159447249535,198.15256723716382,13.938284050179211,69.36317204301075,2.829298835125448,http://walker.dgf.uchile.cl/Mediciones/datos/csv/PANG.csv
PANG,Puerto Angamos,II Región de Antofagasta,-70.39,-23.07,10.0,2010-09-30,305.75312227708395,270.3889731917046,15.061712962962963,68.17921296296296,3.3694398148148146,http://walker.dgf.uchile.cl/Mediciones/datos/csv/PANG.csv
PANG,Puerto Angamos,II Región de Antofagasta,-70.39,-23.07,10.0,2010-10-31,368.83411408101404,349.5421779141104,16.49323476702509,64.76097670250896,3.4014605734767027,http://walker.dgf.uchile.cl/Mediciones/datos/csv/PANG.csv
PANG,Puerto Angamos,II Región de Antofagasta,-70.39,-23.07,10.0,2010-11-30,422.21931884908986,417.72823147647375,18.12849537037037,64.41324074074075,3.605821759259259,http://walker.dgf.uchile.cl/Mediciones/datos/csv/PANG.csv
PANG,Puerto Angamos,II Región de Antofagasta,-70.39,-23.07,10.0,2010-12-31,482.65997603355305,463.69119917653114,19.28622311827957,64.11451612903227,3.817804659498208,http://walker.dgf.uchile.cl/Mediciones/datos/csv/PANG.csv
PANG,Puerto Angamos,II Región de Antofagasta,-70.39,-23.07,10.0,2011-01-31,524.6670016750419,442.78824721377913,21.244690860215055,65.25519713261649,3.727340949820788,http://walker.dgf.uchile.cl/Mediciones/datos/csv/PANG.csv
PANG,Puerto Angamos,II Región de Antofagasta,-70.39,-23.07,10.0,2011-02-28,517.5268101761252,397.49380764163374,22.239037698412698,63.789161706349205,3.6509499007936506,http://walker.dgf.uchile.cl/Mediciones/datos/csv/PANG.csv
PANG,Puerto Angamos,II Región de Antofagasta,-70.39,-23.07,10.0,2011-03-31,558.6118968386023,481.4832312627588,20.206317204301076,67.20416666666667,3.6202374551971324,http://walker.dgf.uchile.cl/Mediciones/datos/csv/PANG.csv
PANG,Puerto Angamos,II Región de Antofagasta,-70.39,-23.07,10.0,2011-04-30,392.3484441029581,327.1466519092418,18.078773148148148,70.57856481481483,3.155715277777778,http://walker.dgf.uchile.cl/Mediciones/datos/csv/PANG.csv
PANG,Puerto Angamos,II Región de Antofagasta,-70.39,-23.07,10.0,2011-05-31,227.3927304964539,188.63438493519197,16.059632616487455,71.76803315412187,2.7228539426523297,http://walker.dgf.uchile.cl/Mediciones/datos/csv/PANG.csv
PANG,Puerto Angamos,II Región de Antofagasta,-70.39,-23.07,10.0,2011-06-30,182.96462264150944,141.0214664737096,15.916481481481481,70.55143518518518,2.611997685185185,http://walker.dgf.uchile.cl/Mediciones/datos/csv/PANG.csv
PANG,Puerto Angamos,II Región de Antofagasta,-70.39,-23.07,10.0,2011-07-31,159.99688068624903,134.16634707574306,14.183870967741937,72.42645609318997,2.8755712365591397,http://walker.dgf.uchile.cl/Mediciones/datos/csv/PANG.csv
PANG,Puerto Angamos,II Región de Antofagasta,-70.39,-23.07,10.0,2011-08-31,246.97303247110622,231.74472361809046,14.34861111111111,70.77004928315412,3.2162074372759855,http://walker.dgf.uchile.cl/Mediciones/datos/csv/PANG.csv
PANG,Puerto Angamos,II Región de Antofagasta,-70.39,-23.07,10.0,2011-09-30,277.5394402035623,264.8039406470445,15.414699074074074,68.81956018518518,3.338907407407407,http://walker.dgf.uchile.cl/Mediciones/datos/csv/PANG.csv
PANG,Puerto Angamos,II Región de Antofagasta,-70.39,-23.07,10.0,2011-10-31,381.05196304849886,353.4323903451856,16.158579749103943,69.90504032258065,3.3460394265232973,http://walker.dgf.uchile.cl/Mediciones/datos/csv/PANG.csv
PANG,Puerto Angamos,II Región de Antofagasta,-70.39,-23.07,10.0,2011-11-30,400.09931310818547,376.6186780840246,17.671944444444446,68.623125,3.424828703703704,http://walker.dgf.uchile.cl/Mediciones/datos/csv/PANG.csv
PANG,Puerto Angamos,II Región de Antofagasta,-70.39,-23.07,10.0,2011-12-31,448.38281020827225,411.3216510903427,20.34439964157706,67.51019265232975,3.439142025089606,http://walker.dgf.uchile.cl/Mediciones/datos/csv/PANG.csv
PANG,Puerto Angamos,II Región de Antofagasta,-70.39,-23.07,10.0,2012-01-31,571.8462664714494,500.50968456004426,21.323611111111113,65.50313620071685,4.029233870967742,http://walker.dgf.uchile.cl/Mediciones/datos/csv/PANG.csv
PANG,Puerto Angamos,II Región de Antofagasta,-70.39,-23.07,10.0,2012-02-29,495.4639175257732,383.49933155080214,22.148080438756857,67.10453991468617,3.548586227909811,http://walker.dgf.uchile.cl/Mediciones/datos/csv/PANG.csv
PANG,Puerto Angamos,II Región de Antofagasta,-70.39,-23.07,10.0,2012-05-31,219.09640437727984,199.89881956155142,16.7322247706422,74.58126911314984,2.51394495412844,http://walker.dgf.uchile.cl/Mediciones/datos/csv/PANG.csv
PANG,Puerto Angamos,II Región de Antofagasta,-70.39,-23.07,10.0,2012-06-30,163.17624060150376,147.52947313510694,16.405879629629627,74.77081018518518,2.7316458333333333,http://walker.dgf.uchile.cl/Mediciones/datos/csv/PANG.csv
PANG,Puerto Angamos,II Región de Antofagasta,-70.39,-23.07,10.0,2012-07-31,157.22225252249797,149.83977495107632,14.365949820788531,72.75257616487455,2.930833333333333,http://walker.dgf.uchile.cl/Mediciones/datos/csv/PANG.csv
PANG,Puerto Angamos,II Región de Antofagasta,-70.39,-23.07,10.0,2012-08-31,209.8919840818647,201.35196374622356,14.763642473118278,72.69059139784946,3.1509722222222223,http://walker.dgf.uchile.cl/Mediciones/datos/csv/PANG.csv
PANG,Puerto Angamos,II Región de Antofagasta,-70.39,-23.07,10.0,2012-09-30,255.79533314590947,240.9854356306892,15.486296296296297,72.26752314814816,3.3346574074074073,http://walker.dgf.uchile.cl/Mediciones/datos/csv/PANG.csv
PANG,Puerto Angamos,II Región de Antofagasta,-70.39,-23.07,10.0,2012-10-31,340.54787379972566,316.24211070874287,16.09912634408602,70.0937051971326,3.5466621863799284,http://walker.dgf.uchile.cl/Mediciones/datos/csv/PANG.csv
PANG,Puerto Angamos,II Región de Antofagasta,-70.39,-23.07,10.0,2012-11-30,402.2555964862567,390.3252401280683,17.937662037037036,69.38247685185185,3.3962962962962964,http://walker.dgf.uchile.cl/Mediciones/datos/csv/PANG.csv
PANG,Puerto Angamos,II Región de Antofagasta,-70.39,-23.07,10.0,2012-12-31,474.2119547657512,411.13261836254253,19.621594982078854,70.43443100358422,3.353879928315412,http://walker.dgf.uchile.cl/Mediciones/datos/csv/PANG.csv
PANG,Puerto Angamos,II Región de Antofagasta,-70.39,-23.07,10.0,2013-01-31,501.95015055202407,442.1659011078087,21.070094086021506,68.84816308243728,3.4862051971326165,http://walker.dgf.uchile.cl/Mediciones/datos/csv/PANG.csv
PANG,Puerto Angamos,II Región de Antofagasta,-70.39,-23.07,10.0,2013-02-28,552.6416424720034,463.5020636792453,22.001165674603175,68.71974206349206,3.5107514880952384,http://walker.dgf.uchile.cl/Mediciones/datos/csv/PANG.csv
PANG,Puerto Angamos,II Región de Antofagasta,-70.39,-23.07,10.0,2013-03-31,446.37221448467966,392.69697841726617,19.20423387096774,73.30595878136201,3.0399439964157704,http://walker.dgf.uchile.cl/Mediciones/datos/csv/PANG.csv
PANG,Puerto Angamos,II Región de Antofagasta,-70.39,-23.07,10.0,2013-04-30,419.91993464052285,368.34665427509293,16.637268518518518,75.29618055555555,2.872449074074074,http://walker.dgf.uchile.cl/Mediciones/datos/csv/PANG.csv
PANG,Puerto Angamos,II Región de Antofagasta,-70.39,-23.07,10.0,2013-05-31,249.7586319218241,205.99316282603192,15.882706093189963,76.51944444444445,2.534361559139785,http://walker.dgf.uchile.cl/Mediciones/datos/csv/PANG.csv
PANG,Puerto Angamos,II Región de Antofagasta,-70.39,-23.07,10.0,2013-06-30,202.17788309636651,173.2806603773585,14.43523148148148,76.69256944444444,2.533865740740741,http://walker.dgf.uchile.cl/Mediciones/datos/csv/PANG.csv
PANG,Puerto Angamos,II Región de Antofagasta,-70.39,-23.07,10.0,2013-07-31,198.19154370034053,165.50571637071272,13.918548387096774,76.42155017921147,2.5713978494623655,http://walker.dgf.uchile.cl/Mediciones/datos/csv/PANG.csv
PANG,Puerto Angamos,II Región de Antofagasta,-70.39,-23.07,10.0,2013-08-31,220.6644402885386,202.12345679012347,14.535147849462366,74.8823028673835,2.7276052867383513,http://walker.dgf.uchile.cl/Mediciones/datos/csv/PANG.csv
PANG,Puerto Angamos,II Región de Antofagasta,-70.39,-23.07,10.0,2013-09-30,295.99534748473394,256.35983263598325,15.087592592592593,75.70539351851852,3.201013888888889,http://walker.dgf.uchile.cl/Mediciones/datos/csv/PANG.csv
PANG,Puerto Angamos,II Región de Antofagasta,-70.39,-23.07,10.0,2013-10-31,353.08223948566837,332.46886166411434,16.195900537634408,72.01395609318996,3.3576097670250897,http://walker.dgf.uchile.cl/Mediciones/datos/csv/PANG.csv
PANG,Puerto Angamos,II Región de Antofagasta,-70.39,-23.07,10.0,2013-11-30,422.6258782201405,400.28719346049047,18.040671296296296,70.88236111111111,3.2417685185185188,http://walker.dgf.uchile.cl/Mediciones/datos/csv/PANG.csv
PANG,Puerto Angamos,II Región de Antofagasta,-70.39,-23.07,10.0,2013-12-31,468.33840644583705,447.5772928033255,20.60799731182796,69.61375448028673,3.107421594982079,http://walker.dgf.uchile.cl/Mediciones/datos/csv/PANG.csv
PANG,Puerto Angamos,II Región de Antofagasta,-70.39,-23.07,10.0,2014-01-31,574.8308605341247,476.3203019681855,22.314471326164874,69.45956541218638,3.355510752688172,http://walker.dgf.uchile.cl/Mediciones/datos/csv/PANG.csv
PANG,Puerto Angamos,II Región de Antofagasta,-70.39,-23.07,10.0,2014-02-28,512.5314930015552,496.7619680851064,20.647569444444443,69.95483630952381,3.43922123015873,http://walker.dgf.uchile.cl/Mediciones/datos/csv/PANG.csv
PANG,Puerto Angamos,II Región de Antofagasta,-70.39,-23.07,10.0,2014-03-31,417.0626063286832,390.39468690702085,20.297759856630822,70.9480958781362,3.1604121863799284,http://walker.dgf.uchile.cl/Mediciones/datos/csv/PANG.csv
PANG,Puerto Angamos,II Región de Antofagasta,-70.39,-23.07,10.0,2014-04-30,301.7932436659368,265.04918877156837,17.944861111111113,74.04263888888889,2.893675925925926,http://walker.dgf.uchile.cl/Mediciones/datos/csv/PANG.csv
PANG,Puerto Angamos,II Región de Antofagasta,-70.39,-23.07,10.0,2014-05-31,231.1342981186686,213.9509727626459,16.943929211469534,72.26715949820787,2.621617383512545,http://walker.dgf.uchile.cl/Mediciones/datos/csv/PANG.csv
PANG,Puerto Angamos,II Región de Antofagasta,-70.39,-23.07,10.0,2014-06-30,212.53076923076924,199.38658777120315,14.816260869565218,72.43182608695653,2.557,http://walker.dgf.uchile.cl/Mediciones/datos/csv/PANG.csv
PANG,Puerto Angamos,II Región de Antofagasta,-70.39,-23.07,10.0,2014-07-31,195.5689084895259,201.1222874648966,13.855757168458782,73.16279121863799,2.75288082437276,http://walker.dgf.uchile.cl/Mediciones/datos/csv/PANG.csv
PANG,Puerto Angamos,II Región de Antofagasta,-70.39,-23.07,10.0,2014-08-31,191.4974834437086,194.95807021975247,14.770318100358422,76.74516129032259,2.5901120071684587,http://walker.dgf.uchile.cl/Mediciones/datos/csv/PANG.csv
PANG,Puerto Angamos,II Región de Antofagasta,-70.39,-23.07,10.0,2014-09-30,256.0022290331569,262.09812714323397,15.403842592592595,75.23293981481481,3.053865740740741,http://walker.dgf.uchile.cl/Mediciones/datos/csv/PANG.csv
PANG,Puerto Angamos,II Región de Antofagasta,-70.39,-23.07,10.0,2014-10-31,303.9259055982437,281.67525773195877,16.985931899641578,73.85376344086022,2.9390367383512546,http://walker.dgf.uchile.cl/Mediciones/datos/csv/PANG.csv
PANG,Puerto Angamos,II Región de Antofagasta,-70.39,-23.07,10.0,2014-11-30,369.68878890138734,352.0386221294363,17.855716630196937,71.06162472647702,3.0117915754923414,http://walker.dgf.uchile.cl/Mediciones/datos/csv/PANG.csv
PANG,Puerto Angamos,II Región de Antofagasta,-70.39,-23.07,10.0,2015-01-31,437.5187214611872,438.67848206839034,21.155025940337225,69.67480544747082,3.0618904020752273,http://walker.dgf.uchile.cl/Mediciones/datos/csv/PANG.csv
PANG,Puerto Angamos,II Región de Antofagasta,-70.39,-23.07,10.0,2015-02-28,449.6642137877614,432.6767041694242,22.759027777777778,67.99578373015873,3.033720238095238,http://walker.dgf.uchile.cl/Mediciones/datos/csv/PANG.csv
PANG,Puerto Angamos,II Región de Antofagasta,-70.39,-23.07,10.0,2015-03-31,400.4979831316465,352.6080740117746,21.657952508960573,75.2698252688172,2.682334229390681,http://walker.dgf.uchile.cl/Mediciones/datos/csv/PANG.csv
PANG,Puerto Angamos,II Región de Antofagasta,-70.39,-23.07,10.0,2015-04-30,337.70552964690205,343.42191283292976,20.144189814814812,72.46405092592593,2.7761296296296294,http://walker.dgf.uchile.cl/Mediciones/datos/csv/PANG.csv
PANG,Puerto Angamos,II Región de Antofagasta,-70.39,-23.07,10.0,2015-05-31,232.41723496590205,202.32344213649853,17.7619645660462,75.51381475667189,2.6855999102937878,http://walker.dgf.uchile.cl/Mediciones/datos/csv/PANG.csv
PANG,Puerto Angamos,II Región de Antofagasta,-70.39,-23.07,10.0,2015-06-30,182.41773962804007,159.44870830198144,16.55523148148148,74.60967592592593,2.402884259259259,http://walker.dgf.uchile.cl/Mediciones/datos/csv/PANG.csv
PANG,Puerto Angamos,II Región de Antofagasta,-70.39,-23.07,10.0,2015-07-31,173.23232603271416,160.20141428919774,15.60049283154122,74.91841397849463,2.545929659498208,http://walker.dgf.uchile.cl/Mediciones/datos/csv/PANG.csv
PANG,Puerto Angamos,II Región de Antofagasta,-70.39,-23.07,10.0,2015-08-31,215.44845501777414,193.7013274336283,15.701500896057349,77.4255600358423,2.651021505376344,http://walker.dgf.uchile.cl/Mediciones/datos/csv/PANG.csv
PANG,Puerto Angamos,II Región de Antofagasta,-70.39,-23.07,10.0,2015-09-30,299.0865081638499,283.4784293464221,17.230972222222224,73.46435185185184,2.9465185185185185,http://walker.dgf.uchile.cl/Mediciones/datos/csv/PANG.csv
PANG,Puerto Angamos,II Región de Antofagasta,-70.39,-23.07,10.0,2015-10-31,365.26173913043476,317.25372023809524,17.415703405017922,73.68248207885304,3.0709856630824373,http://walker.dgf.uchile.cl/Mediciones/datos/csv/PANG.csv
PANG,Puerto Angamos,II Región de Antofagasta,-70.39,-23.07,10.0,2015-11-30,410.8794577070439,384.4514196405314,18.73898148148148,68.70814814814815,3.2283749999999998,http://walker.dgf.uchile.cl/Mediciones/datos/csv/PANG.csv
PANG,Puerto Angamos,II Región de Antofagasta,-70.39,-23.07,10.0,2015-12-31,414.8061081535444,392.11328422656845,20.394332437275985,69.31312724014337,3.323109318996416,http://walker.dgf.uchile.cl/Mediciones/datos/csv/PANG.csv
PANG,Puerto Angamos,II Región de Antofagasta,-70.39,-23.07,10.0,2016-01-31,481.0066730219256,437.4206736950373,22.076142473118278,69.57370071684588,3.0189986559139785,http://walker.dgf.uchile.cl/Mediciones/datos/csv/PANG.csv
PANG,Puerto Angamos,II Región de Antofagasta,-70.39,-23.07,10.0,2016-02-29,508.4919908466819,387.83076923076925,22.962021072796933,69.3827346743295,3.1205387931034485,http://walker.dgf.uchile.cl/Mediciones/datos/csv/PANG.csv
PANG,Puerto Angamos,II Región de Antofagasta,-70.39,-23.07,10.0,2016-03-31,448.14327272727274,342.1424118916327,21.720855734767024,71.15761648745519,2.9411536738351254,http://walker.dgf.uchile.cl/Mediciones/datos/csv/PANG.csv
PANG,Puerto Angamos,II Región de Antofagasta,-70.39,-23.07,10.0,2016-04-30,337.11034231609614,256.40159243592933,19.024907407407408,75.1337962962963,2.8341203703703703,http://walker.dgf.uchile.cl/Mediciones/datos/csv/PANG.csv
PANG,Puerto Angamos,II Región de Antofagasta,-70.39,-23.07,10.0,2016-05-31,246.24053091615409,203.39414246711343,17.1638664874552,78.10884856630825,2.4213866487455196,http://walker.dgf.uchile.cl/Mediciones/datos/csv/PANG.csv
PANG,Puerto Angamos,II Región de Antofagasta,-70.39,-23.07,10.0,2016-06-30,192.67018021081265,152.0994910941476,15.04861111111111,80.56108796296297,2.221946759259259,http://walker.dgf.uchile.cl/Mediciones/datos/csv/PANG.csv
PANG,Puerto Angamos,II Región de Antofagasta,-70.39,-23.07,10.0,2016-07-31,180.92922114837975,153.79711884753902,15.439448924731183,77.50631720430108,2.470645161290322,http://walker.dgf.uchile.cl/Mediciones/datos/csv/PANG.csv
PANG,Puerto Angamos,II Región de Antofagasta,-70.39,-23.07,10.0,2016-08-31,221.8460130718954,204.74224573214715,15.985752688172042,74.31258960573477,2.593037634408602,http://walker.dgf.uchile.cl/Mediciones/datos/csv/PANG.csv
PANG,Puerto Angamos,II Región de Antofagasta,-70.39,-23.07,10.0,2016-09-30,285.2247495261305,272.1038346613546,16.250787037037036,73.45736111111111,2.795523148148148,http://walker.dgf.uchile.cl/Mediciones/datos/csv/PANG.csv
PANG,Puerto Angamos,II Región de Antofagasta,-70.39,-23.07,10.0,2016-10-31,366.1275204359673,346.0658415841584,17.44681899641577,72.83508064516128,3.0252688172043007,http://walker.dgf.uchile.cl/Mediciones/datos/csv/PANG.csv
PANG,Puerto Angamos,II Región de Antofagasta,-70.39,-23.07,10.0,2016-11-30,463.5042016806723,420.52291610828195,19.01046296296296,72.97777777777777,2.9930925925925926,http://walker.dgf.uchile.cl/Mediciones/datos/csv/PANG.csv
PANG,Puerto Angamos,II Región de Antofagasta,-70.39,-23.07,10.0,2016-12-31,539.0945992432061,487.8574847115129,20.71545698924731,70.34327956989247,3.1958221326164873,http://walker.dgf.uchile.cl/Mediciones/datos/csv/PANG.csv
PANG,Puerto Angamos,II Región de Antofagasta,-70.39,-23.07,10.0,2017-01-31,506.8978349120433,393.28684886708714,23.735349462365594,72.18570788530467,2.6726680107526883,http://walker.dgf.uchile.cl/Mediciones/datos/csv/PANG.csv
PANG,Puerto Angamos,II Región de Antofagasta,-70.39,-23.07,10.0,2017-02-28,573.9542882020027,420.5571390158645,23.20999503968254,68.88831845238096,3.0397495039682543,http://walker.dgf.uchile.cl/Mediciones/datos/csv/PANG.csv
PANG,Puerto Angamos,II Región de Antofagasta,-70.39,-23.07,10.0,2017-03-31,517.2118780096308,359.57104817235535,21.14108422939068,74.12376792114695,3.033924731182796,http://walker.dgf.uchile.cl/Mediciones/datos/csv/PANG.csv
PANG,Puerto Angamos,II Región de Antofagasta,-70.39,-23.07,10.0,2017-04-30,385.4552845528455,310.1303669008587,18.395671296296296,76.50759259259259,2.548506944444444,http://walker.dgf.uchile.cl/Mediciones/datos/csv/PANG.csv
PANG,Puerto Angamos,II Región de Antofagasta,-70.39,-23.07,10.0,2017-05-31,286.1896921975662,232.56138563423332,17.030421146953405,75.44262992831541,2.6985215053763443,http://walker.dgf.uchile.cl/Mediciones/datos/csv/PANG.csv
PANG,Puerto Angamos,II Región de Antofagasta,-70.39,-23.07,10.0,2017-06-30,175.97824773413896,142.61884422110552,15.704328703703704,78.84770833333333,2.3429953703703705,http://walker.dgf.uchile.cl/Mediciones/datos/csv/PANG.csv
PANG,Puerto Angamos,II Región de Antofagasta,-70.39,-23.07,10.0,2017-07-31,180.58515167642364,166.01826923076922,15.144422043010753,75.7975582437276,2.399426523297491,http://walker.dgf.uchile.cl/Mediciones/datos/csv/PANG.csv
PANG,Puerto Angamos,II Región de Antofagasta,-70.39,-23.07,10.0,2017-08-31,250.5712282669658,245.24653040625788,15.179099462365592,73.65031362007169,2.825712365591398,http://walker.dgf.uchile.cl/Mediciones/datos/csv/PANG.csv
PANG,Puerto Angamos,II Región de Antofagasta,-70.39,-23.07,10.0,2017-09-30,290.57043815862454,268.3614457831325,15.562199074074073,73.84106481481481,3.0489166666666665,http://walker.dgf.uchile.cl/Mediciones/datos/csv/PANG.csv
PANG,Puerto Angamos,II Región de Antofagasta,-70.39,-23.07,10.0,2017-10-31,362.6603351955307,332.386673151751,15.52771392081737,74.44291187739464,3.1269646658152404,http://walker.dgf.uchile.cl/Mediciones/datos/csv/PANG.csv
SALV,Aerodromo Salvador,III Región de Atacama,-69.75,-26.31,1617.0,2010-08-31,504.5377604166667,353.11736641221376,14.149875,19.445375,3.8816125,http://walker.dgf.uchile.cl/Mediciones/datos/csv/SALV.csv
SALV,Aerodromo Salvador,III Región de Atacama,-69.75,-26.31,1617.0,2010-09-30,550.6321490467938,418.2114796518466,14.236226851851852,23.517060185185183,3.8576203703703698,http://walker.dgf.uchile.cl/Mediciones/datos/csv/SALV.csv
SALV,Aerodromo Salvador,III Región de Atacama,-69.75,-26.31,1617.0,2010-10-31,653.2897040433514,496.0679167619483,15.52331989247312,21.28100358422939,3.671137992831541,http://walker.dgf.uchile.cl/Mediciones/datos/csv/SALV.csv
SALV,Aerodromo Salvador,III Región de Atacama,-69.75,-26.31,1617.0,2010-11-30,681.7501020824826,536.2321005215742,17.01196759259259,23.850856481481483,3.8584583333333335,http://walker.dgf.uchile.cl/Mediciones/datos/csv/SALV.csv
SALV,Aerodromo Salvador,III Región de Atacama,-69.75,-26.31,1617.0,2010-12-31,682.736660268714,542.3121559633028,17.90687724014337,26.24733422939068,3.6395990143369175,http://walker.dgf.uchile.cl/Mediciones/datos/csv/SALV.csv
SALV,Aerodromo Salvador,III Región de Atacama,-69.75,-26.31,1617.0,2011-01-31,668.5852713178294,518.9268404206675,18.731586021505375,35.91214157706093,3.445409946236559,http://walker.dgf.uchile.cl/Mediciones/datos/csv/SALV.csv
SALV,Aerodromo Salvador,III Región de Atacama,-69.75,-26.31,1617.0,2011-02-28,614.7021276595744,438.6671759612936,18.329588293650794,44.81388888888889,3.292562003968254,http://walker.dgf.uchile.cl/Mediciones/datos/csv/SALV.csv
SALV,Aerodromo Salvador,III Región de Atacama,-69.75,-26.31,1617.0,2011-03-31,607.4952667814114,441.3030649588289,17.47329749103943,32.75418906810036,3.507152777777778,http://walker.dgf.uchile.cl/Mediciones/datos/csv/SALV.csv
SALV,Aerodromo Salvador,III Región de Atacama,-69.75,-26.31,1617.0,2011-04-30,526.0761949834359,363.846696449565,16.688865740740738,28.22946759259259,3.6430162037037035,http://walker.dgf.uchile.cl/Mediciones/datos/csv/SALV.csv
SALV,Aerodromo Salvador,III Región de Atacama,-69.75,-26.31,1617.0,2011-05-31,424.0306718597858,260.13027606662104,16.758579749103944,16.080913978494625,3.9282168458781364,http://walker.dgf.uchile.cl/Mediciones/datos/csv/SALV.csv
SALV,Aerodromo Salvador,III Región de Atacama,-69.75,-26.31,1617.0,2011-06-30,371.10141394441735,243.90037860861335,12.992824074074074,25.545347222222222,3.770747685185185,http://walker.dgf.uchile.cl/Mediciones/datos/csv/SALV.csv
SALV,Aerodromo Salvador,III Región de Atacama,-69.75,-26.31,1617.0,2011-07-31,361.4293453724605,239.5442254812099,12.992025089605734,27.11350806451613,4.361642025089606,http://walker.dgf.uchile.cl/Mediciones/datos/csv/SALV.csv
SALV,Aerodromo Salvador,III Región de Atacama,-69.75,-26.31,1617.0,2011-08-31,497.29725963771483,341.13741154987446,13.734610215053763,19.43418458781362,4.153187724014337,http://walker.dgf.uchile.cl/Mediciones/datos/csv/SALV.csv
SALV,Aerodromo Salvador,III Región de Atacama,-69.75,-26.31,1617.0,2011-09-30,590.9715099715099,427.22531769305965,16.62361111111111,17.51875,3.804492337164751,http://walker.dgf.uchile.cl/Mediciones/datos/csv/SALV.csv
SALV,Aerodromo Salvador,III Región de Atacama,-69.75,-26.31,1617.0,2011-10-31,643.9854892205639,485.36686663590217,15.350313620071685,22.957818100358423,3.7529704301075264,http://walker.dgf.uchile.cl/Mediciones/datos/csv/SALV.csv
SALV,Aerodromo Salvador,III Región de Atacama,-69.75,-26.31,1617.0,2011-11-30,674.1121533442088,523.7252799618775,18.080162037037038,25.37071759259259,3.560729166666667,http://walker.dgf.uchile.cl/Mediciones/datos/csv/SALV.csv
SALV,Aerodromo Salvador,III Región de Atacama,-69.75,-26.31,1617.0,2011-12-31,660.7871608712265,516.1955967555041,18.67141577060932,30.744937275985663,3.444247311827957,http://walker.dgf.uchile.cl/Mediciones/datos/csv/SALV.csv
SALV,Aerodromo Salvador,III Región de Atacama,-69.75,-26.31,1617.0,2012-01-31,657.1318340442032,503.8222222222222,18.790703405017922,40.130510752688174,3.448366935483871,http://walker.dgf.uchile.cl/Mediciones/datos/csv/SALV.csv
SALV,Aerodromo Salvador,III Región de Atacama,-69.75,-26.31,1617.0,2012-02-29,621.9237068965517,456.54855448480356,18.944085249042146,44.73397988505747,3.433896072796935,http://walker.dgf.uchile.cl/Mediciones/datos/csv/SALV.csv
SALV,Aerodromo Salvador,III Región de Atacama,-69.75,-26.31,1617.0,2012-03-31,602.3542387543253,442.0023057412958,19.436514336917565,34.22797939068101,3.454784946236559,http://walker.dgf.uchile.cl/Mediciones/datos/csv/SALV.csv
SALV,Aerodromo Salvador,III Región de Atacama,-69.75,-26.31,1617.0,2012-04-30,461.92160437556976,327.55787972426907,16.196203703703706,41.141412037037036,3.3744976851851853,http://walker.dgf.uchile.cl/Mediciones/datos/csv/SALV.csv
SALV,Aerodromo Salvador,III Región de Atacama,-69.75,-26.31,1617.0,2012-05-31,437.62205103514685,292.486739826246,16.6119623655914,21.795318100358422,3.9378494623655915,http://walker.dgf.uchile.cl/Mediciones/datos/csv/SALV.csv
SALV,Aerodromo Salvador,III Región de Atacama,-69.75,-26.31,1617.0,2012-06-30,411.2920766442258,261.1529632232373,14.759513888888888,19.226990740740742,4.178247685185185,http://walker.dgf.uchile.cl/Mediciones/datos/csv/SALV.csv
SALV,Aerodromo Salvador,III Región de Atacama,-69.75,-26.31,1617.0,2012-07-31,430.9574888779041,274.98552036199095,13.451836917562725,13.74693100358423,4.1122468637992835,http://walker.dgf.uchile.cl/Mediciones/datos/csv/SALV.csv
SALV,Aerodromo Salvador,III Región de Atacama,-69.75,-26.31,1617.0,2012-08-31,492.7029288702929,329.14791143574524,13.868817204301076,19.01736111111111,3.717040770609319,http://walker.dgf.uchile.cl/Mediciones/datos/csv/SALV.csv
SALV,Aerodromo Salvador,III Región de Atacama,-69.75,-26.31,1617.0,2012-09-30,577.5015801354402,418.0456500956023,16.632291666666667,19.339560185185185,3.5785092592592593,http://walker.dgf.uchile.cl/Mediciones/datos/csv/SALV.csv
SALV,Aerodromo Salvador,III Región de Atacama,-69.75,-26.31,1617.0,2012-10-31,647.2350730688935,484.53959146201515,16.74222670250896,18.36783154121864,3.6585058243727597,http://walker.dgf.uchile.cl/Mediciones/datos/csv/SALV.csv
SALV,Aerodromo Salvador,III Región de Atacama,-69.75,-26.31,1617.0,2012-11-30,679.8408163265306,530.4537102473498,18.273935185185184,22.537037037037038,3.647219907407407,http://walker.dgf.uchile.cl/Mediciones/datos/csv/SALV.csv
SALV,Aerodromo Salvador,III Región de Atacama,-69.75,-26.31,1617.0,2012-12-31,666.7012241775058,531.6387665198238,18.87535842293907,30.974036738351256,3.4856317204301077,http://walker.dgf.uchile.cl/Mediciones/datos/csv/SALV.csv
SALV,Aerodromo Salvador,III Región de Atacama,-69.75,-26.31,1617.0,2013-01-31,652.878257487359,509.1677883499652,19.767674731182794,30.713776881720428,3.581339605734767,http://walker.dgf.uchile.cl/Mediciones/datos/csv/SALV.csv
SALV,Aerodromo Salvador,III Región de Atacama,-69.75,-26.31,1617.0,2013-02-28,644.6408237431859,492.03454291695743,18.661837217156364,46.48318135764945,3.28515704154002,http://walker.dgf.uchile.cl/Mediciones/datos/csv/SALV.csv
SLAR,Salar (Chuquicamata),II Región de Antofagasta,-68.88,-22.34,2407.0,2010-05-31,454.7612551159618,370.29062768701635,12.352478839177751,29.02263126131563,2.2190404345202173,http://walker.dgf.uchile.cl/Mediciones/datos/csv/SLAR.csv
SLAR,Salar (Chuquicamata),II Región de Antofagasta,-68.88,-22.34,2407.0,2010-06-30,434.3970362800204,427.60565656565655,12.46175925925926,17.95236111111111,1.93806712962963,http://walker.dgf.uchile.cl/Mediciones/datos/csv/SLAR.csv
SLAR,Salar (Chuquicamata),II Región de Antofagasta,-68.88,-22.34,2407.0,2010-07-31,477.3519061583578,548.1093951093951,11.075425627240143,11.725918458781361,3.0654793906810034,http://walker.dgf.uchile.cl/Mediciones/datos/csv/SLAR.csv
SLAR,Salar (Chuquicamata),II Región de Antofagasta,-68.88,-22.34,2407.0,2010-08-31,542.6189354686765,257.89638281838734,14.000604838709677,12.085125448028673,2.423754480286738,http://walker.dgf.uchile.cl/Mediciones/datos/csv/SLAR.csv
SLAR,Salar (Chuquicamata),II Región de Antofagasta,-68.88,-22.34,2407.0,2010-09-30,619.4433179723502,523.2412134665187,14.390810185185186,14.825532407407408,2.7872222222222223,http://walker.dgf.uchile.cl/Mediciones/datos/csv/SLAR.csv
SLAR,Salar (Chuquicamata),II Región de Antofagasta,-68.88,-22.34,2407.0,2010-10-31,664.4803216250529,681.1348575215375,14.389134125636671,33.95336021505376,2.7033669354838707,http://walker.dgf.uchile.cl/Mediciones/datos/csv/SLAR.csv
SLAR,Salar (Chuquicamata),II Región de Antofagasta,-68.88,-22.34,2407.0,2010-11-30,700.9316951270304,671.404480775053,15.166982737661076,21.37662037037037,2.9790370370370374,http://walker.dgf.uchile.cl/Mediciones/datos/csv/SLAR.csv
SLAR,Salar (Chuquicamata),II Región de Antofagasta,-68.88,-22.34,2407.0,2010-12-31,674.88147566719,550.4740834386852,15.725291218637992,25.506025985663083,3.1133960573476704,http://walker.dgf.uchile.cl/Mediciones/datos/csv/SLAR.csv
SLAR,Salar (Chuquicamata),II Región de Antofagasta,-68.88,-22.34,2407.0,2011-01-31,662.2894005557761,513.5242179616549,16.440098566308244,32.64509408602151,3.052452956989247,http://walker.dgf.uchile.cl/Mediciones/datos/csv/SLAR.csv
SLAR,Salar (Chuquicamata),II Región de Antofagasta,-68.88,-22.34,2407.0,2011-02-28,538.9655773420479,331.91983232905426,15.97127976190476,46.76128472222222,2.9486904761904764,http://walker.dgf.uchile.cl/Mediciones/datos/csv/SLAR.csv
SLAR,Salar (Chuquicamata),II Región de Antofagasta,-68.88,-22.34,2407.0,2011-03-31,627.6267361111111,531.9249651324965,15.711805555555555,28.796326164874554,2.774529569892473,http://walker.dgf.uchile.cl/Mediciones/datos/csv/SLAR.csv
SLAR,Salar (Chuquicamata),II Región de Antofagasta,-68.88,-22.34,2407.0,2011-04-30,559.1463182897862,473.4420600858369,14.61474537037037,33.06525462962963,2.6582962962962964,http://walker.dgf.uchile.cl/Mediciones/datos/csv/SLAR.csv
SLAR,Salar (Chuquicamata),II Región de Antofagasta,-68.88,-22.34,2407.0,2011-05-31,477.50578592092575,442.1390820584145,14.758579749103943,17.51312724014337,2.054838709677419,http://walker.dgf.uchile.cl/Mediciones/datos/csv/SLAR.csv
SLAR,Salar (Chuquicamata),II Región de Antofagasta,-68.88,-22.34,2407.0,2011-06-30,439.58367346938775,371.3234492160872,12.953287037037036,22.291782407407407,2.2141550925925926,http://walker.dgf.uchile.cl/Mediciones/datos/csv/SLAR.csv
SLAR,Salar (Chuquicamata),II Región de Antofagasta,-68.88,-22.34,2407.0,2011-07-31,451.63383715260846,366.8495356037152,12.150940860215055,22.533131720430106,2.8391890681003584,http://walker.dgf.uchile.cl/Mediciones/datos/csv/SLAR.csv
SLAR,Salar (Chuquicamata),II Región de Antofagasta,-68.88,-22.34,2407.0,2011-08-31,536.3926553672317,515.8306731436502,13.612365591397849,13.1706541218638,2.406709229390681,http://walker.dgf.uchile.cl/Mediciones/datos/csv/SLAR.csv
SLAR,Salar (Chuquicamata),II Región de Antofagasta,-68.88,-22.34,2407.0,2011-09-30,616.6429561200924,633.9217018233823,15.54986111111111,11.244907407407407,2.530053240740741,http://walker.dgf.uchile.cl/Mediciones/datos/csv/SLAR.csv
SLAR,Salar (Chuquicamata),II Región de Antofagasta,-68.88,-22.34,2407.0,2011-10-31,666.836717428088,609.064106351551,14.397759856630824,15.693593189964156,2.7545340501792115,http://walker.dgf.uchile.cl/Mediciones/datos/csv/SLAR.csv
SLAR,Salar (Chuquicamata),II Región de Antofagasta,-68.88,-22.34,2407.0,2011-11-30,688.321503131524,609.825588066552,16.390578703703703,19.13287037037037,3.2050185185185187,http://walker.dgf.uchile.cl/Mediciones/datos/csv/SLAR.csv
SLAR,Salar (Chuquicamata),II Región de Antofagasta,-68.88,-22.34,2407.0,2011-12-31,647.2927308447937,494.3061379136146,16.54339157706093,28.967137096774195,3.2289023297491037,http://walker.dgf.uchile.cl/Mediciones/datos/csv/SLAR.csv
SLAR,Salar (Chuquicamata),II Región de Antofagasta,-68.88,-22.34,2407.0,2012-01-31,649.7655692185641,478.3333333333333,16.564314516129034,38.405085125448025,3.2849977598566307,http://walker.dgf.uchile.cl/Mediciones/datos/csv/SLAR.csv
SLAR,Salar (Chuquicamata),II Región de Antofagasta,-68.88,-22.34,2407.0,2012-02-29,522.3110657827639,303.59821976672805,16.245926800472255,52.26965761511216,2.9098288075560803,http://walker.dgf.uchile.cl/Mediciones/datos/csv/SLAR.csv
SLAR,Salar (Chuquicamata),II Región de Antofagasta,-68.88,-22.34,2407.0,2012-11-30,563.7929978118162,557.1428101349128,16.9417841516772,15.03169664560039,2.904124939231891,http://walker.dgf.uchile.cl/Mediciones/datos/csv/SLAR.csv
SLAR,Salar (Chuquicamata),II Región de Antofagasta,-68.88,-22.34,2407.0,2012-12-31,541.276134122288,427.7220812182741,17.052844982078852,26.985237455197133,2.969065860215054,http://walker.dgf.uchile.cl/Mediciones/datos/csv/SLAR.csv
SPED,San Pedro de Atacama,II Región de Antofagasta,-68.16,-22.98,2390.0,2009-05-31,461.384140969163,400.90791690061764,10.578004905968928,21.032174979558462,1.5265494685200327,http://walker.dgf.uchile.cl/Mediciones/datos/csv/SPED.csv
SPED,San Pedro de Atacama,II Región de Antofagasta,-68.16,-22.98,2390.0,2009-06-30,452.677879714577,374.1907630522088,7.511605281445448,12.2711141996757,1.3218670372944175,http://walker.dgf.uchile.cl/Mediciones/datos/csv/SPED.csv
SPED,San Pedro de Atacama,II Región de Antofagasta,-68.16,-22.98,2390.0,2009-07-31,406.7593950504125,344.22863381160323,7.410087424344318,15.371575879847569,1.6564156018829859,http://walker.dgf.uchile.cl/Mediciones/datos/csv/SPED.csv
SPED,San Pedro de Atacama,II Región de Antofagasta,-68.16,-22.98,2390.0,2009-08-31,534.0360318203088,554.0148788927336,9.58646043488007,10.660726294552791,1.6387020847343645,http://walker.dgf.uchile.cl/Mediciones/datos/csv/SPED.csv
SPED,San Pedro de Atacama,II Región de Antofagasta,-68.16,-22.98,2390.0,2009-09-30,569.5997316636851,541.7776337115073,12.658512856150105,12.392286309937457,2.355800324299282,http://walker.dgf.uchile.cl/Mediciones/datos/csv/SPED.csv
SPED,San Pedro de Atacama,II Región de Antofagasta,-68.16,-22.98,2390.0,2009-10-31,664.6762860727729,626.9580502215657,15.678995740865277,12.679735485317194,2.1351894194126877,http://walker.dgf.uchile.cl/Mediciones/datos/csv/SPED.csv
SPED,San Pedro de Atacama,II Región de Antofagasta,-68.16,-22.98,2390.0,2009-11-30,667.979012345679,580.9741654571843,18.09717396340051,18.866620338197823,1.9385105397266618,http://walker.dgf.uchile.cl/Mediciones/datos/csv/SPED.csv
SPED,San Pedro de Atacama,II Región de Antofagasta,-68.16,-22.98,2390.0,2009-12-31,658.1524767801858,538.5495712754555,18.28773817529702,21.776597175521182,2.01318538444295,http://walker.dgf.uchile.cl/Mediciones/datos/csv/SPED.csv
SPED,San Pedro de Atacama,II Región de Antofagasta,-68.16,-22.98,2390.0,2010-01-31,663.6446442533229,536.0025806451613,18.876597175521184,25.136269894642457,1.97546738399462,http://walker.dgf.uchile.cl/Mediciones/datos/csv/SPED.csv
SPED,San Pedro de Atacama,II Región de Antofagasta,-68.16,-22.98,2390.0,2010-02-28,594.3426724137931,464.79219320415615,19.918863241499132,31.75440555969223,1.9531372549019608,http://walker.dgf.uchile.cl/Mediciones/datos/csv/SPED.csv
SPED,San Pedro de Atacama,II Región de Antofagasta,-68.16,-22.98,2390.0,2010-03-31,631.7064141196728,562.8250140213124,17.96003138309796,22.58829858776059,1.7010311589329747,http://walker.dgf.uchile.cl/Mediciones/datos/csv/SPED.csv
SPED,San Pedro de Atacama,II Región de Antofagasta,-68.16,-22.98,2390.0,2010-04-30,522.7253983130272,446.7334133893726,15.05767894371091,21.01591382904795,1.6422538800092656,http://walker.dgf.uchile.cl/Mediciones/datos/csv/SPED.csv
SPED,San Pedro de Atacama,II Región de Antofagasta,-68.16,-22.98,2390.0,2010-05-31,432.6378428637843,367.60114388922335,10.463304191885229,23.576283344541583,1.7842591347231562,http://walker.dgf.uchile.cl/Mediciones/datos/csv/SPED.csv
SPED,San Pedro de Atacama,II Región de Antofagasta,-68.16,-22.98,2390.0,2010-06-30,422.5369807497467,356.289124668435,8.742344220523512,18.088116747741484,1.4395112346536947,http://walker.dgf.uchile.cl/Mediciones/datos/csv/SPED.csv
SPED,San Pedro de Atacama,II Región de Antofagasta,-68.16,-22.98,2390.0,2010-07-31,468.67333984375,416.41442898738273,5.846984980945977,11.791773145034746,1.830795785698274,http://walker.dgf.uchile.cl/Mediciones/datos/csv/SPED.csv
SPED,San Pedro de Atacama,II Región de Antofagasta,-68.16,-22.98,2390.0,2010-08-31,527.696014828545,502.0875280538634,10.47099305088545,11.025734140327282,1.6031584846446985,http://walker.dgf.uchile.cl/Mediciones/datos/csv/SPED.csv
SPED,San Pedro de Atacama,II Región de Antofagasta,-68.16,-22.98,2390.0,2010-09-30,588.3383630544124,567.4927627438641,12.313157285151727,11.506509149872596,2.1777160064859857,http://walker.dgf.uchile.cl/Mediciones/datos/csv/SPED.csv
SPED,San Pedro de Atacama,II Región de Antofagasta,-68.16,-22.98,2390.0,2010-10-31,656.4265997490589,625.4413309982486,13.499708585518942,13.851244115669132,2.1928155122169914,http://walker.dgf.uchile.cl/Mediciones/datos/csv/SPED.csv
SPED,San Pedro de Atacama,II Región de Antofagasta,-68.16,-22.98,2390.0,2010-11-30,695.1522548613984,648.117185228264,15.001088719017837,15.866782487838776,2.1176140838545288,http://walker.dgf.uchile.cl/Mediciones/datos/csv/SPED.csv
SPED,San Pedro de Atacama,II Región de Antofagasta,-68.16,-22.98,2390.0,2010-12-31,658.7842907385698,574.6437779531702,16.753642681013226,23.129813943062096,1.9060165882089217,http://walker.dgf.uchile.cl/Mediciones/datos/csv/SPED.csv
SPED,San Pedro de Atacama,II Región de Antofagasta,-68.16,-22.98,2390.0,2011-01-31,614.4905222437137,495.5680020413371,17.900044832997086,27.85597399686169,1.8320107599193007,http://walker.dgf.uchile.cl/Mediciones/datos/csv/SPED.csv
SPED,San Pedro de Atacama,II Región de Antofagasta,-68.16,-22.98,2390.0,2011-02-28,404.9710144927536,289.5550744248985,18.10839124839125,45.75356499356499,1.780146718146718,http://walker.dgf.uchile.cl/Mediciones/datos/csv/SPED.csv
SPED,San Pedro de Atacama,II Región de Antofagasta,-68.16,-22.98,2390.0,2011-03-31,610.1251596424011,477.33511859219584,16.039565119928266,26.918314279309573,1.606086079354405,http://walker.dgf.uchile.cl/Mediciones/datos/csv/SPED.csv
SPED,San Pedro de Atacama,II Región de Antofagasta,-68.16,-22.98,2390.0,2011-04-30,544.9827264239029,450.4625967325881,14.432198285846653,26.05079916608756,1.5556497567755385,http://walker.dgf.uchile.cl/Mediciones/datos/csv/SPED.csv
SPED,San Pedro de Atacama,II Región de Antofagasta,-68.16,-22.98,2390.0,2011-05-31,459.5836448598131,384.9143865842895,11.637547635059404,18.47280878726743,1.383797354853172,http://walker.dgf.uchile.cl/Mediciones/datos/csv/SPED.csv
SPED,San Pedro de Atacama,II Región de Antofagasta,-68.16,-22.98,2390.0,2011-06-30,373.5305931807567,297.86081871345027,9.576673615936993,25.11378271948112,1.7001876302988186,http://walker.dgf.uchile.cl/Mediciones/datos/csv/SPED.csv
SPED,San Pedro de Atacama,II Región de Antofagasta,-68.16,-22.98,2390.0,2011-07-31,389.9798422436459,331.93710144927536,8.596637525218561,25.212754987670927,1.8317507285362025,http://walker.dgf.uchile.cl/Mediciones/datos/csv/SPED.csv
SPED,San Pedro de Atacama,II Región de Antofagasta,-68.16,-22.98,2390.0,2011-08-31,530.6742459396752,476.9785847299814,10.038175297018606,13.171934543824255,1.857200179331988,http://walker.dgf.uchile.cl/Mediciones/datos/csv/SPED.csv
SPED,San Pedro de Atacama,II Región de Antofagasta,-68.16,-22.98,2390.0,2011-09-30,616.9844179651695,575.281017369727,13.542807505211954,9.970025480657863,1.9153555709983785,http://walker.dgf.uchile.cl/Mediciones/datos/csv/SPED.csv
SPED,San Pedro de Atacama,II Región de Antofagasta,-68.16,-22.98,2390.0,2011-10-31,655.3712974551523,589.2801247519138,13.72066801165658,12.937323470073975,2.280880968392737,http://walker.dgf.uchile.cl/Mediciones/datos/csv/SPED.csv
SPED,San Pedro de Atacama,II Región de Antofagasta,-68.16,-22.98,2390.0,2011-11-30,678.4888705688376,594.9220272904483,17.00687977762335,17.540908037989347,1.9735974056057448,http://walker.dgf.uchile.cl/Mediciones/datos/csv/SPED.csv
SPED,San Pedro de Atacama,II Región de Antofagasta,-68.16,-22.98,2390.0,2011-12-31,635.4883809523809,485.37481481481484,17.871620712844653,25.686639766868417,2.042564447433311,http://walker.dgf.uchile.cl/Mediciones/datos/csv/SPED.csv
SPED,San Pedro de Atacama,II Región de Antofagasta,-68.16,-22.98,2390.0,2012-01-31,574.8566715542522,429.2266539288273,18.144063620071687,35.144578853046596,1.9861111111111112,http://walker.dgf.uchile.cl/Mediciones/datos/csv/SPED.csv
SPED,San Pedro de Atacama,II Región de Antofagasta,-68.16,-22.98,2390.0,2012-02-29,418.23155737704917,309.2304391721353,18.038864942528736,53.05816570881226,1.724133141762452,http://walker.dgf.uchile.cl/Mediciones/datos/csv/SPED.csv
SPED,San Pedro de Atacama,II Región de Antofagasta,-68.16,-22.98,2390.0,2012-03-31,585.245508982036,443.4181438998957,18.98136200716846,36.133848566308245,1.6497580645161292,http://walker.dgf.uchile.cl/Mediciones/datos/csv/SPED.csv
SPED,San Pedro de Atacama,II Región de Antofagasta,-68.16,-22.98,2390.0,2012-04-30,506.39990817263543,398.83432624113476,14.837638888888888,31.235046296296296,1.5184791666666666,http://walker.dgf.uchile.cl/Mediciones/datos/csv/SPED.csv
SPED,San Pedro de Atacama,II Región de Antofagasta,-68.16,-22.98,2390.0,2012-05-31,488.7219535783366,412.93197278911566,11.533534946236559,19.80855734767025,1.328980734767025,http://walker.dgf.uchile.cl/Mediciones/datos/csv/SPED.csv
SPED,San Pedro de Atacama,II Región de Antofagasta,-68.16,-22.98,2390.0,2012-06-30,415.19272727272727,332.79788172992056,8.389495365602471,20.420940611053894,,http://walker.dgf.uchile.cl/Mediciones/datos/csv/SPED.csv
SPED,San Pedro de Atacama,II Región de Antofagasta,-68.16,-22.98,2390.0,2012-07-31,434.8893557422969,362.5849443468073,8.254950716845878,16.08682795698925,,http://walker.dgf.uchile.cl/Mediciones/datos/csv/SPED.csv
SPED,San Pedro de Atacama,II Región de Antofagasta,-68.16,-22.98,2390.0,2012-08-31,528.9127391507233,459.5886169271601,11.044668458781363,13.131160394265233,,http://walker.dgf.uchile.cl/Mediciones/datos/csv/SPED.csv
SPED,San Pedro de Atacama,II Región de Antofagasta,-68.16,-22.98,2390.0,2012-09-30,592.4022935779816,518.0178938105016,14.740115740740741,12.820856481481481,,http://walker.dgf.uchile.cl/Mediciones/datos/csv/SPED.csv
SPED,San Pedro de Atacama,II Región de Antofagasta,-68.16,-22.98,2390.0,2012-10-31,666.2071996651318,595.6198879551821,15.412522401433693,12.839023297491039,,http://walker.dgf.uchile.cl/Mediciones/datos/csv/SPED.csv
SPED,San Pedro de Atacama,II Región de Antofagasta,-68.16,-22.98,2390.0,2012-11-30,689.0977630488816,593.1827195467422,17.01324074074074,14.420416666666666,,http://walker.dgf.uchile.cl/Mediciones/datos/csv/SPED.csv
SPED,San Pedro de Atacama,II Región de Antofagasta,-68.16,-22.98,2390.0,2012-12-31,657.3009295120062,502.4167084796789,18.356653225806454,24.115905017921147,,http://walker.dgf.uchile.cl/Mediciones/datos/csv/SPED.csv
SPED,San Pedro de Atacama,II Región de Antofagasta,-68.16,-22.98,2390.0,2013-01-31,595.352417794971,440.52082300446204,18.875336021505376,22.552620967741934,,http://walker.dgf.uchile.cl/Mediciones/datos/csv/SPED.csv
SPED,San Pedro de Atacama,II Región de Antofagasta,-68.16,-22.98,2390.0,2013-02-28,570.6748850814877,440.8000548546352,19.010739087301587,40.31381448412698,,http://walker.dgf.uchile.cl/Mediciones/datos/csv/SPED.csv
SPED,San Pedro de Atacama,II Región de Antofagasta,-68.16,-22.98,2390.0,2013-03-31,626.5627162629758,511.14590075512405,17.11075268817204,26.49119623655914,,http://walker.dgf.uchile.cl/Mediciones/datos/csv/SPED.csv
SPED,San Pedro de Atacama,II Región de Antofagasta,-68.16,-22.98,2390.0,2013-04-30,571.6475332068311,479.3261183261183,14.20710648148148,16.04662037037037,,http://walker.dgf.uchile.cl/Mediciones/datos/csv/SPED.csv
SPED,San Pedro de Atacama,II Región de Antofagasta,-68.16,-22.98,2390.0,2013-05-31,423.6089065255732,316.2636477987421,11.524641577060931,28.40560035842294,,http://walker.dgf.uchile.cl/Mediciones/datos/csv/SPED.csv
SPED,San Pedro de Atacama,II Región de Antofagasta,-68.16,-22.98,2390.0,2013-06-30,383.34833091436866,360.92350877192985,9.274282407407409,28.713101851851853,,http://walker.dgf.uchile.cl/Mediciones/datos/csv/SPED.csv
SPED,San Pedro de Atacama,II Región de Antofagasta,-68.16,-22.98,2390.0,2013-07-31,425.8830135704258,423.2948056415549,9.959677419354838,22.286402329749105,,http://walker.dgf.uchile.cl/Mediciones/datos/csv/SPED.csv
SPED,San Pedro de Atacama,II Región de Antofagasta,-68.16,-22.98,2390.0,2013-08-31,499.24518790100825,441.6601089588378,10.172043010752688,17.834386200716846,,http://walker.dgf.uchile.cl/Mediciones/datos/csv/SPED.csv
SPED,San Pedro de Atacama,II Región de Antofagasta,-68.16,-22.98,2390.0,2013-09-30,583.2988192552225,494.70527859237535,13.451053972666204,16.527356960852444,,http://walker.dgf.uchile.cl/Mediciones/datos/csv/SPED.csv
SPED,San Pedro de Atacama,II Región de Antofagasta,-68.16,-22.98,2390.0,2013-10-31,664.2479131886478,594.0759349129318,14.998924731182795,13.652508960573478,,http://walker.dgf.uchile.cl/Mediciones/datos/csv/SPED.csv
SPED,San Pedro de Atacama,II Región de Antofagasta,-68.16,-22.98,2390.0,2013-11-30,699.5723766072169,605.4281379310345,16.632060185185185,16.423819444444444,,http://walker.dgf.uchile.cl/Mediciones/datos/csv/SPED.csv
SPED,San Pedro de Atacama,II Región de Antofagasta,-68.16,-22.98,2390.0,2013-12-31,663.6079192546584,520.1545772886443,18.77208781362007,24.181586021505378,,http://walker.dgf.uchile.cl/Mediciones/datos/csv/SPED.csv
SPED,San Pedro de Atacama,II Región de Antofagasta,-68.16,-22.98,2390.0,2014-01-31,560.5229257641921,413.5930725730443,19.060237455197132,39.18859767025089,,http://walker.dgf.uchile.cl/Mediciones/datos/csv/SPED.csv
SPED,San Pedro de Atacama,II Región de Antofagasta,-68.16,-22.98,2390.0,2014-02-28,668.3822202166065,528.1828316610926,17.574776785714285,25.572594246031745,,http://walker.dgf.uchile.cl/Mediciones/datos/csv/SPED.csv
SPED,San Pedro de Atacama,II Región de Antofagasta,-68.16,-22.98,2390.0,2014-03-31,610.3817409766455,484.8999228196553,16.09437724014337,31.012791218637993,,http://walker.dgf.uchile.cl/Mediciones/datos/csv/SPED.csv
SPED,San Pedro de Atacama,II Región de Antofagasta,-68.16,-22.98,2390.0,2014-04-30,541.0798872180451,448.6393831553974,14.766180555555556,20.424351851851853,,http://walker.dgf.uchile.cl/Mediciones/datos/csv/SPED.csv
SPED,San Pedro de Atacama,II Región de Antofagasta,-68.16,-22.98,2390.0,2014-05-31,453.62142197599263,383.9985414235706,9.759520609318997,26.243413978494626,,http://walker.dgf.uchile.cl/Mediciones/datos/csv/SPED.csv
SPED,San Pedro de Atacama,II Región de Antofagasta,-68.16,-22.98,2390.0,2014-06-30,463.33029612756263,385.10724233983285,8.162250262881178,18.301156677181915,,http://walker.dgf.uchile.cl/Mediciones/datos/csv/SPED.csv
