estacion,nombre,region,longitud,latitud,elevacion_m,fecha,wind_speed_mean_ms,wind_direction_mean_deg,temperatura_mean_c,humedad_mean_pct,presion_mean_hpa,ghi_mean_wm2,fuente_datos
ARMAZ,Armazones 60m,II Región de Antofagasta,-70.24,-24.65,2588.0,2010-10-31,7.823351413074508,99.18783899514702,12.505252640593778,,744.5120753639737,,http://walker.dgf.uchile.cl/Mediciones/datos/csv/ARMAZ.csv
ARMAZ,Armazones 60m,II Región de Antofagasta,-70.24,-24.65,2588.0,2010-11-30,7.024953703703703,126.1494212962963,13.013981481481482,,744.3510416666667,,http://walker.dgf.uchile.cl/Mediciones/datos/csv/ARMAZ.csv
ARMAZ,Armazones 60m,II Región de Antofagasta,-70.24,-24.65,2588.0,2010-12-31,7.30459229390681,108.63888888888889,14.049193548387096,,743.9449820788531,,http://walker.dgf.uchile.cl/Mediciones/datos/csv/ARMAZ.csv
ARMAZ,Armazones 60m,II Región de Antofagasta,-70.24,-24.65,2588.0,2011-01-31,5.451030465949821,154.98521505376345,15.174305555555557,,744.1173611111111,,http://walker.dgf.uchile.cl/Mediciones/datos/csv/ARMAZ.csv
ARMAZ,Armazones 60m,II Región de Antofagasta,-70.24,-24.65,2588.0,2011-02-28,6.364732142857142,139.34600694444444,14.780877976190476,,744.5204613095239,,http://walker.dgf.uchile.cl/Mediciones/datos/csv/ARMAZ.csv
ARMAZ,Armazones 60m,II Región de Antofagasta,-70.24,-24.65,2588.0,2011-03-31,6.435797491039427,119.42665770609318,13.938911290322581,,744.6514336917563,,http://walker.dgf.uchile.cl/Mediciones/datos/csv/ARMAZ.csv
ARMAZ,Armazones 60m,II Región de Antofagasta,-70.24,-24.65,2588.0,2011-04-30,6.249050925925927,133.94171296296295,13.370625,,745.0082638888889,,http://walker.dgf.uchile.cl/Mediciones/datos/csv/ARMAZ.csv
ARMAZ,Armazones 60m,II Región de Antofagasta,-70.24,-24.65,2588.0,2011-05-31,6.78304211469534,113.7814964157706,13.237567204301076,,745.2794130824373,,http://walker.dgf.uchile.cl/Mediciones/datos/csv/ARMAZ.csv
ARMAZ,Armazones 60m,II Región de Antofagasta,-70.24,-24.65,2588.0,2011-06-30,8.419374999999999,106.35340277777777,10.429976851851851,,743.7194212962962,,http://walker.dgf.uchile.cl/Mediciones/datos/csv/ARMAZ.csv
ARMAZ,Armazones 60m,II Región de Antofagasta,-70.24,-24.65,2588.0,2011-07-31,9.0559811827957,79.79914874551972,8.864359318996415,,742.7626568100359,,http://walker.dgf.uchile.cl/Mediciones/datos/csv/ARMAZ.csv
ARMAZ,Armazones 60m,II Región de Antofagasta,-70.24,-24.65,2588.0,2011-08-31,7.0394713261648745,111.17401433691757,10.717809139784947,,743.6145609318996,,http://walker.dgf.uchile.cl/Mediciones/datos/csv/ARMAZ.csv
ARMAZ,Armazones 60m,II Región de Antofagasta,-70.24,-24.65,2588.0,2011-09-30,5.7058333333333335,153.41675925925927,13.738287037037038,,745.0269444444444,,http://walker.dgf.uchile.cl/Mediciones/datos/csv/ARMAZ.csv
ARMAZ,Armazones 60m,II Región de Antofagasta,-70.24,-24.65,2588.0,2011-10-31,8.452060931899641,122.24979838709677,11.745945340501793,,743.1474686379928,,http://walker.dgf.uchile.cl/Mediciones/datos/csv/ARMAZ.csv
ARMAZ,Armazones 60m,II Región de Antofagasta,-70.24,-24.65,2588.0,2011-11-30,5.828287037037037,166.05587962962963,15.063796296296296,,744.0784027777778,,http://walker.dgf.uchile.cl/Mediciones/datos/csv/ARMAZ.csv
ARMAZ,Armazones 60m,II Región de Antofagasta,-70.24,-24.65,2588.0,2011-12-31,6.141851851851852,155.27745370370369,15.357245370370372,,743.752037037037,,http://walker.dgf.uchile.cl/Mediciones/datos/csv/ARMAZ.csv
Lengua_Vaca,Lengua de Vaca,IV Región de Coquimbo,-71.63,-30.25,53.0,2006-09-30,5.575493421052632,196.33388157894737,,,,,http://walker.dgf.uchile.cl/Mediciones/datos/csv/Lengua_Vaca.csv
Lengua_Vaca,Lengua de Vaca,IV Región de Coquimbo,-71.63,-30.25,53.0,2006-10-31,7.176993727598566,195.4910394265233,,,,,http://walker.dgf.uchile.cl/Mediciones/datos/csv/Lengua_Vaca.csv
Lengua_Vaca,Lengua de Vaca,IV Región de Coquimbo,-71.63,-30.25,53.0,2006-11-30,7.276041666666667,198.61388888888888,,,,,http://walker.dgf.uchile.cl/Mediciones/datos/csv/Lengua_Vaca.csv
Lengua_Vaca,Lengua de Vaca,IV Región de Coquimbo,-71.63,-30.25,53.0,2006-12-31,7.161021505376344,199.146729390681,,,,,http://walker.dgf.uchile.cl/Mediciones/datos/csv/Lengua_Vaca.csv
Lengua_Vaca,Lengua de Vaca,IV Región de Coquimbo,-71.63,-30.25,53.0,2007-01-31,6.494198028673835,196.61648745519713,,,,,http://walker.dgf.uchile.cl/Mediciones/datos/csv/Lengua_Vaca.csv
Lengua_Vaca,Lengua de Vaca,IV Región de Coquimbo,-71.63,-30.25,53.0,2007-02-28,5.787772817460318,201.35590277777777,,,,,http://walker.dgf.uchile.cl/Mediciones/datos/csv/Lengua_Vaca.csv
Lengua_Vaca,Lengua de Vaca,IV Región de Coquimbo,-71.63,-30.25,53.0,2007-03-31,5.581608422939068,189.81608422939067,,,,,http://walker.dgf.uchile.cl/Mediciones/datos/csv/Lengua_Vaca.csv
Lengua_Vaca,Lengua de Vaca,IV Región de Coquimbo,-71.63,-30.25,53.0,2007-04-30,5.148472222222223,181.3134259259259,,,,,http://walker.dgf.uchile.cl/Mediciones/datos/csv/Lengua_Vaca.csv
Lengua_Vaca,Lengua de Vaca,IV Región de Coquimbo,-71.63,-30.25,53.0,2007-05-31,5.079390681003584,179.64180107526883,,,,,http://walker.dgf.uchile.cl/Mediciones/datos/csv/Lengua_Vaca.csv
Lengua_Vaca,Lengua de Vaca,IV Región de Coquimbo,-71.63,-30.25,53.0,2007-06-30,4.969328703703703,170.9300925925926,,,,,http://walker.dgf.uchile.cl/Mediciones/datos/csv/Lengua_Vaca.csv
Lengua_Vaca,Lengua de Vaca,IV Región de Coquimbo,-71.63,-30.25,53.0,2007-07-31,6.468481182795699,185.60237455197134,,,,,http://walker.dgf.uchile.cl/Mediciones/datos/csv/Lengua_Vaca.csv
Lengua_Vaca,Lengua de Vaca,IV Región de Coquimbo,-71.63,-30.25,53.0,2007-08-31,7.057235663082437,188.41106630824373,,,,,http://walker.dgf.uchile.cl/Mediciones/datos/csv/Lengua_Vaca.csv
Lengua_Vaca,Lengua de Vaca,IV Región de Coquimbo,-71.63,-30.25,53.0,2007-09-30,6.681921296296297,192.51342592592593,,,,,http://walker.dgf.uchile.cl/Mediciones/datos/csv/Lengua_Vaca.csv
Lengua_Vaca,Lengua de Vaca,IV Región de Coquimbo,-71.63,-30.25,53.0,2007-10-31,6.876747311827957,191.0062724014337,,,,,http://walker.dgf.uchile.cl/Mediciones/datos/csv/Lengua_Vaca.csv
Lengua_Vaca,Lengua de Vaca,IV Región de Coquimbo,-71.63,-30.25,53.0,2007-11-30,6.98125,196.13101851851852,,,,,http://walker.dgf.uchile.cl/Mediciones/datos/csv/Lengua_Vaca.csv
Lengua_Vaca,Lengua de Vaca,IV Región de Coquimbo,-71.63,-30.25,53.0,2007-12-31,5.930645161290323,202.77262544802866,,,,,http://walker.dgf.uchile.cl/Mediciones/datos/csv/Lengua_Vaca.csv
Lengua_Vaca,Lengua de Vaca,IV Región de Coquimbo,-71.63,-30.25,53.0,2008-01-31,5.993100358422939,188.0396505376344,,,,,http://walker.dgf.uchile.cl/Mediciones/datos/csv/Lengua_Vaca.csv
Lengua_Vaca,Lengua de Vaca,IV Región de Coquimbo,-71.63,-30.25,53.0,2008-02-29,5.66242816091954,205.05866858237547,,,,,http://walker.dgf.uchile.cl/Mediciones/datos/csv/Lengua_Vaca.csv
Lengua_Vaca,Lengua de Vaca,IV Región de Coquimbo,-71.63,-30.25,53.0,2008-03-31,5.7700044802867385,196.3877688172043,,,,,http://walker.dgf.uchile.cl/Mediciones/datos/csv/Lengua_Vaca.csv
Lengua_Vaca,Lengua de Vaca,IV Región de Coquimbo,-71.63,-30.25,53.0,2008-04-30,5.032916666666667,185.43425925925925,,,,,http://walker.dgf.uchile.cl/Mediciones/datos/csv/Lengua_Vaca.csv
Lengua_Vaca,Lengua de Vaca,IV Región de Coquimbo,-71.63,-30.25,53.0,2008-05-31,4.827531362007168,169.21236559139786,,,,,http://walker.dgf.uchile.cl/Mediciones/datos/csv/Lengua_Vaca.csv
Lengua_Vaca,Lengua de Vaca,IV Región de Coquimbo,-71.63,-30.25,53.0,2008-06-30,5.053402777777778,167.5775462962963,,,,,http://walker.dgf.uchile.cl/Mediciones/datos/csv/Lengua_Vaca.csv
Lengua_Vaca,Lengua de Vaca,IV Región de Coquimbo,-71.63,-30.25,53.0,2008-07-31,4.940479390681004,162.00044802867384,,,,,http://walker.dgf.uchile.cl/Mediciones/datos/csv/Lengua_Vaca.csv
Lengua_Vaca,Lengua de Vaca,IV Región de Coquimbo,-71.63,-30.25,53.0,2008-08-31,5.770094086021506,182.01232078853047,,,,,http://walker.dgf.uchile.cl/Mediciones/datos/csv/Lengua_Vaca.csv
Lengua_Vaca,Lengua de Vaca,IV Región de Coquimbo,-71.63,-30.25,53.0,2008-09-30,6.394768518518519,190.6486111111111,,,,,http://walker.dgf.uchile.cl/Mediciones/datos/csv/Lengua_Vaca.csv
Lengua_Vaca,Lengua de Vaca,IV Región de Coquimbo,-71.63,-30.25,53.0,2008-10-31,7.467450716845877,198.89471326164875,,,,,http://walker.dgf.uchile.cl/Mediciones/datos/csv/Lengua_Vaca.csv
Lengua_Vaca,Lengua de Vaca,IV Región de Coquimbo,-71.63,-30.25,53.0,2008-11-30,6.201736111111111,204.0625,,,,,http://walker.dgf.uchile.cl/Mediciones/datos/csv/Lengua_Vaca.csv
Lengua_Vaca,Lengua de Vaca,IV Región de Coquimbo,-71.63,-30.25,53.0,2008-12-31,6.182213261648746,207.93458781362008,,,,,http://walker.dgf.uchile.cl/Mediciones/datos/csv/Lengua_Vaca.csv
Lengua_Vaca,Lengua de Vaca,IV Región de Coquimbo,-71.63,-30.25,53.0,2009-01-31,6.135605381165919,199.60291479820629,,,,,http://walker.dgf.uchile.cl/Mediciones/datos/csv/Lengua_Vaca.csv
Lengua_Vaca,Lengua de Vaca,IV Región de Coquimbo,-71.63,-30.25,53.0,2009-02-28,5.481671626984126,195.02232142857142,,,,,http://walker.dgf.uchile.cl/Mediciones/datos/csv/Lengua_Vaca.csv
Lengua_Vaca,Lengua de Vaca,IV Región de Coquimbo,-71.63,-30.25,53.0,2009-03-31,4.777844982078853,176.4576612903226,,,,,http://walker.dgf.uchile.cl/Mediciones/datos/csv/Lengua_Vaca.csv
Lengua_Vaca,Lengua de Vaca,IV Región de Coquimbo,-71.63,-30.25,53.0,2009-04-30,3.8548327137546465,177.52385377943,,,,,http://walker.dgf.uchile.cl/Mediciones/datos/csv/Lengua_Vaca.csv
Lengua_Vaca,Lengua de Vaca,IV Región de Coquimbo,-71.63,-30.25,53.0,2009-07-31,5.50944669365722,186.20715249662618,,,,,http://walker.dgf.uchile.cl/Mediciones/datos/csv/Lengua_Vaca.csv
Lengua_Vaca,Lengua de Vaca,IV Región de Coquimbo,-71.63,-30.25,53.0,2009-08-31,5.522289426523297,180.83490143369175,,,,,http://walker.dgf.uchile.cl/Mediciones/datos/csv/Lengua_Vaca.csv
Lengua_Vaca,Lengua de Vaca,IV Región de Coquimbo,-71.63,-30.25,53.0,2009-09-30,7.503402777777778,199.03078703703704,,,,,http://walker.dgf.uchile.cl/Mediciones/datos/csv/Lengua_Vaca.csv
Lengua_Vaca,Lengua de Vaca,IV Región de Coquimbo,-71.63,-30.25,53.0,2009-10-31,6.509767025089605,193.09117383512546,,,,,http://walker.dgf.uchile.cl/Mediciones/datos/csv/Lengua_Vaca.csv
Lengua_Vaca,Lengua de Vaca,IV Región de Coquimbo,-71.63,-30.25,53.0,2009-11-30,8.603379629629629,207.89305555555555,,,,,http://walker.dgf.uchile.cl/Mediciones/datos/csv/Lengua_Vaca.csv
Lengua_Vaca,Lengua de Vaca,IV Región de Coquimbo,-71.63,-30.25,53.0,2009-12-31,7.77054211469534,200.23790322580646,,,,,http://walker.dgf.uchile.cl/Mediciones/datos/csv/Lengua_Vaca.csv
Lengua_Vaca,Lengua de Vaca,IV Región de Coquimbo,-71.63,-30.25,53.0,2010-01-31,6.379861111111111,198.36111111111111,,,,,http://walker.dgf.uchile.cl/Mediciones/datos/csv/Lengua_Vaca.csv
Lengua_Vaca,Lengua de Vaca,IV Región de Coquimbo,-71.63,-30.25,53.0,2010-02-28,5.986904761904762,195.78794642857142,,,,,http://walker.dgf.uchile.cl/Mediciones/datos/csv/Lengua_Vaca.csv
Lengua_Vaca,Lengua de Vaca,IV Región de Coquimbo,-71.63,-30.25,53.0,2010-03-31,5.233893369175627,189.65031362007167,,,,,http://walker.dgf.uchile.cl/Mediciones/datos/csv/Lengua_Vaca.csv
Lengua_Vaca,Lengua de Vaca,IV Región de Coquimbo,-71.63,-30.25,53.0,2010-04-30,5.380162037037037,186.1800925925926,,,,,http://walker.dgf.uchile.cl/Mediciones/datos/csv/Lengua_Vaca.csv
Lengua_Vaca,Lengua de Vaca,IV Región de Coquimbo,-71.63,-30.25,53.0,2010-05-31,4.6712365591397855,168.69758064516128,,,,,http://walker.dgf.uchile.cl/Mediciones/datos/csv/Lengua_Vaca.csv
Lengua_Vaca,Lengua de Vaca,IV Región de Coquimbo,-71.63,-30.25,53.0,2010-06-30,4.801875,166.7675925925926,,,,,http://walker.dgf.uchile.cl/Mediciones/datos/csv/Lengua_Vaca.csv
Lengua_Vaca,Lengua de Vaca,IV Región de Coquimbo,-71.63,-30.25,53.0,2010-07-31,5.5724462365591405,174.46370967741936,,,,,http://walker.dgf.uchile.cl/Mediciones/datos/csv/Lengua_Vaca.csv
Lengua_Vaca,Lengua de Vaca,IV Región de Coquimbo,-71.63,-30.25,53.0,2010-08-31,5.5643145161290315,172.31675627240142,,,,,http://walker.dgf.uchile.cl/Mediciones/datos/csv/Lengua_Vaca.csv
Lengua_Vaca,Lengua de Vaca,IV Región de Coquimbo,-71.63,-30.25,53.0,2010-09-30,6.607777777777778,187.10462962962964,,,,,http://walker.dgf.uchile.cl/Mediciones/datos/csv/Lengua_Vaca.csv
Lengua_Vaca,Lengua de Vaca,IV Región de Coquimbo,-71.63,-30.25,53.0,2010-10-31,6.6997535842293905,194.50784050179212,,,,,http://walker.dgf.uchile.cl/Mediciones/datos/csv/Lengua_Vaca.csv
Lengua_Vaca,Lengua de Vaca,IV Región de Coquimbo,-71.63,-30.25,53.0,2010-11-30,7.307779578606159,217.7240101875434,,,,,http://walker.dgf.uchile.cl/Mediciones/datos/csv/Lengua_Vaca.csv
Lengua_Vaca,Lengua de Vaca,IV Región de Coquimbo,-71.63,-30.25,53.0,2010-12-31,6.940389784946237,219.09206989247312,,,,,http://walker.dgf.uchile.cl/Mediciones/datos/csv/Lengua_Vaca.csv
Lengua_Vaca,Lengua de Vaca,IV Región de Coquimbo,-71.63,-30.25,53.0,2011-01-31,6.443772401433692,222.61066308243727,,,,,http://walker.dgf.uchile.cl/Mediciones/datos/csv/Lengua_Vaca.csv
Lengua_Vaca,Lengua de Vaca,IV Región de Coquimbo,-71.63,-30.25,53.0,2011-02-28,5.982390873015873,223.9858630952381,,,,,http://walker.dgf.uchile.cl/Mediciones/datos/csv/Lengua_Vaca.csv
Lengua_Vaca,Lengua de Vaca,IV Región de Coquimbo,-71.63,-30.25,53.0,2011-03-31,5.946953405017921,212.1019265232975,,,,,http://walker.dgf.uchile.cl/Mediciones/datos/csv/Lengua_Vaca.csv
Lengua_Vaca,Lengua de Vaca,IV Región de Coquimbo,-71.63,-30.25,53.0,2011-04-30,5.123611111111111,200.55902777777777,,,,,http://walker.dgf.uchile.cl/Mediciones/datos/csv/Lengua_Vaca.csv
Lengua_Vaca,Lengua de Vaca,IV Región de Coquimbo,-71.63,-30.25,53.0,2011-05-31,4.375940860215054,182.79413082437276,,,,,http://walker.dgf.uchile.cl/Mediciones/datos/csv/Lengua_Vaca.csv
Lengua_Vaca,Lengua de Vaca,IV Región de Coquimbo,-71.63,-30.25,53.0,2011-06-30,5.407199074074073,178.21458333333334,,,,,http://walker.dgf.uchile.cl/Mediciones/datos/csv/Lengua_Vaca.csv
Lengua_Vaca,Lengua de Vaca,IV Región de Coquimbo,-71.63,-30.25,53.0,2011-07-31,5.000425627240143,176.48835125448028,,,,,http://walker.dgf.uchile.cl/Mediciones/datos/csv/Lengua_Vaca.csv
Lengua_Vaca,Lengua de Vaca,IV Región de Coquimbo,-71.63,-30.25,53.0,2011-08-31,5.804009856630824,188.10103046594983,,,,,http://walker.dgf.uchile.cl/Mediciones/datos/csv/Lengua_Vaca.csv
Lengua_Vaca,Lengua de Vaca,IV Región de Coquimbo,-71.63,-30.25,53.0,2011-09-30,6.317731481481482,183.49050925925926,,,,,http://walker.dgf.uchile.cl/Mediciones/datos/csv/Lengua_Vaca.csv
Lengua_Vaca,Lengua de Vaca,IV Región de Coquimbo,-71.63,-30.25,53.0,2011-10-31,6.384094982078853,185.99641577060933,,,,,http://walker.dgf.uchile.cl/Mediciones/datos/csv/Lengua_Vaca.csv
Lengua_Vaca,Lengua de Vaca,IV Región de Coquimbo,-71.63,-30.25,53.0,2012-01-31,6.188552867383513,200.59408602150538,,,,,http://walker.dgf.uchile.cl/Mediciones/datos/csv/Lengua_Vaca.csv
Lengua_Vaca,Lengua de Vaca,IV Región de Coquimbo,-71.63,-30.25,53.0,2012-02-29,6.376340996168582,194.99497126436782,,,,,http://walker.dgf.uchile.cl/Mediciones/datos/csv/Lengua_Vaca.csv
Lengua_Vaca,Lengua de Vaca,IV Región de Coquimbo,-71.63,-30.25,53.0,2012-03-31,5.392204301075268,173.67271505376345,,,,,http://walker.dgf.uchile.cl/Mediciones/datos/csv/Lengua_Vaca.csv
Lengua_Vaca,Lengua de Vaca,IV Región de Coquimbo,-71.63,-30.25,53.0,2012-04-30,4.477731481481482,185.30416666666667,,,,,http://walker.dgf.uchile.cl/Mediciones/datos/csv/Lengua_Vaca.csv
Lengua_Vaca,Lengua de Vaca,IV Región de Coquimbo,-71.63,-30.25,53.0,2012-05-31,5.2250000000000005,161.89717741935485,,,,,http://walker.dgf.uchile.cl/Mediciones/datos/csv/Lengua_Vaca.csv
Lengua_Vaca,Lengua de Vaca,IV Región de Coquimbo,-71.63,-30.25,53.0,2012-06-30,4.883263888888889,150.13657407407408,,,,,http://walker.dgf.uchile.cl/Mediciones/datos/csv/Lengua_Vaca.csv
Lengua_Vaca,Lengua de Vaca,IV Región de Coquimbo,-71.63,-30.25,53.0,2012-07-31,6.188686342592592,168.71903935185185,,,,,http://walker.dgf.uchile.cl/Mediciones/datos/csv/Lengua_Vaca.csv
Lengua_Vaca,Lengua de Vaca,IV Región de Coquimbo,-71.63,-30.25,53.0,2012-12-31,7.846216768916156,192.57259713701433,,,,,http://walker.dgf.uchile.cl/Mediciones/datos/csv/Lengua_Vaca.csv
Lengua_Vaca,Lengua de Vaca,IV Región de Coquimbo,-71.63,-30.25,53.0,2013-01-31,5.405577956989247,203.18279569892474,,,,,http://walker.dgf.uchile.cl/Mediciones/datos/csv/Lengua_Vaca.csv
Lengua_Vaca,Lengua de Vaca,IV Región de Coquimbo,-71.63,-30.25,53.0,2013-02-28,6.621081349206349,192.55059523809524,,,,,http://walker.dgf.uchile.cl/Mediciones/datos/csv/Lengua_Vaca.csv
Lengua_Vaca,Lengua de Vaca,IV Región de Coquimbo,-71.63,-30.25,53.0,2013-03-31,5.526299283154122,186.7997311827957,,,,,http://walker.dgf.uchile.cl/Mediciones/datos/csv/Lengua_Vaca.csv
Lengua_Vaca,Lengua de Vaca,IV Región de Coquimbo,-71.63,-30.25,53.0,2013-04-30,4.940439814814815,180.6300925925926,,,,,http://walker.dgf.uchile.cl/Mediciones/datos/csv/Lengua_Vaca.csv
Lengua_Vaca,Lengua de Vaca,IV Región de Coquimbo,-71.63,-30.25,53.0,2013-05-31,4.493033154121864,148.45340501792114,,,,,http://walker.dgf.uchile.cl/Mediciones/datos/csv/Lengua_Vaca.csv
Lengua_Vaca,Lengua de Vaca,IV Región de Coquimbo,-71.63,-30.25,53.0,2013-06-30,4.525671296296297,164.12384259259258,,,,,http://walker.dgf.uchile.cl/Mediciones/datos/csv/Lengua_Vaca.csv
Lengua_Vaca,Lengua de Vaca,IV Región de Coquimbo,-71.63,-30.25,53.0,2013-07-31,4.746393369175627,153.44690860215053,,,,,http://walker.dgf.uchile.cl/Mediciones/datos/csv/Lengua_Vaca.csv
Lengua_Vaca,Lengua de Vaca,IV Región de Coquimbo,-71.63,-30.25,53.0,2013-08-31,6.105465949820788,174.25963261648747,,,,,http://walker.dgf.uchile.cl/Mediciones/datos/csv/Lengua_Vaca.csv
Lengua_Vaca,Lengua de Vaca,IV Región de Coquimbo,-71.63,-30.25,53.0,2013-09-30,7.760925925925926,186.4912037037037,,,,,http://walker.dgf.uchile.cl/Mediciones/datos/csv/Lengua_Vaca.csv
Lengua_Vaca,Lengua de Vaca,IV Región de Coquimbo,-71.63,-30.25,53.0,2013-10-31,6.506541218637993,203.9578853046595,,,,,http://walker.dgf.uchile.cl/Mediciones/datos/csv/Lengua_Vaca.csv
Lengua_Vaca,Lengua de Vaca,IV Región de Coquimbo,-71.63,-30.25,53.0,2013-11-30,6.728839672604718,194.32883967260472,,,,,http://walker.dgf.uchile.cl/Mediciones/datos/csv/Lengua_Vaca.csv
Lengua_Vaca,Lengua de Vaca,IV Región de Coquimbo,-71.63,-30.25,53.0,2013-12-31,5.839336917562724,198.48835125448028,,,,,http://walker.dgf.uchile.cl/Mediciones/datos/csv/Lengua_Vaca.csv
Lengua_Vaca,Lengua de Vaca,IV Región de Coquimbo,-71.63,-30.25,53.0,2014-01-31,7.758982974910394,195.4554211469534,,,,,http://walker.dgf.uchile.cl/Mediciones/datos/csv/Lengua_Vaca.csv
Lengua_Vaca,Lengua de Vaca,IV Región de Coquimbo,-71.63,-30.25,53.0,2014-02-28,7.960515873015873,203.76388888888889,,,,,http://walker.dgf.uchile.cl/Mediciones/datos/csv/Lengua_Vaca.csv
Lengua_Vaca,Lengua de Vaca,IV Región de Coquimbo,-71.63,-30.25,53.0,2014-03-31,6.507795698924731,186.25044802867384,,,,,http://walker.dgf.uchile.cl/Mediciones/datos/csv/Lengua_Vaca.csv
Lengua_Vaca,Lengua de Vaca,IV Región de Coquimbo,-71.63,-30.25,53.0,2014-04-30,6.640717592592593,186.03472222222223,,,,,http://walker.dgf.uchile.cl/Mediciones/datos/csv/Lengua_Vaca.csv
Lengua_Vaca,Lengua de Vaca,IV Región de Coquimbo,-71.63,-30.25,53.0,2014-05-31,5.234968637992832,172.3891129032258,,,,,http://walker.dgf.uchile.cl/Mediciones/datos/csv/Lengua_Vaca.csv
Lengua_Vaca,Lengua de Vaca,IV Región de Coquimbo,-71.63,-30.25,53.0,2014-06-30,5.615925925925926,162.57638888888889,,,,,http://walker.dgf.uchile.cl/Mediciones/datos/csv/Lengua_Vaca.csv
Lengua_Vaca,Lengua de Vaca,IV Región de Coquimbo,-71.63,-30.25,53.0,2014-07-31,5.790210573476703,178.14471326164875,,,,,http://walker.dgf.uchile.cl/Mediciones/datos/csv/Lengua_Vaca.csv
Lengua_Vaca,Lengua de Vaca,IV Región de Coquimbo,-71.63,-30.25,53.0,2014-08-31,5.3116935483870975,171.58333333333334,,,,,http://walker.dgf.uchile.cl/Mediciones/datos/csv/Lengua_Vaca.csv
Lengua_Vaca,Lengua de Vaca,IV Región de Coquimbo,-71.63,-30.25,53.0,2014-09-30,6.8657407407407405,192.64976851851853,,,,,http://walker.dgf.uchile.cl/Mediciones/datos/csv/Lengua_Vaca.csv
Lengua_Vaca,Lengua de Vaca,IV Región de Coquimbo,-71.63,-30.25,53.0,2014-10-31,5.952553763440861,184.3405017921147,,,,,http://walker.dgf.uchile.cl/Mediciones/datos/csv/Lengua_Vaca.csv
Lengua_Vaca,Lengua de Vaca,IV Región de Coquimbo,-71.63,-30.25,53.0,2014-11-30,7.986157407407407,208.54699074074074,,,,,http://walker.dgf.uchile.cl/Mediciones/datos/csv/Lengua_Vaca.csv
Lengua_Vaca,Lengua de Vaca,IV Región de Coquimbo,-71.63,-30.25,53.0,2014-12-31,6.792562724014337,198.09139784946237,,,,,http://walker.dgf.uchile.cl/Mediciones/datos/csv/Lengua_Vaca.csv
Lengua_Vaca,Lengua de Vaca,IV Región de Coquimbo,-71.63,-30.25,53.0,2015-01-31,5.309677419354839,196.8353494623656,,,,,http://walker.dgf.uchile.cl/Mediciones/datos/csv/Lengua_Vaca.csv
Lengua_Vaca,Lengua de Vaca,IV Región de Coquimbo,-71.63,-30.25,53.0,2015-02-28,5.642683531746032,192.9625496031746,,,,,http://walker.dgf.uchile.cl/Mediciones/datos/csv/Lengua_Vaca.csv
Lengua_Vaca,Lengua de Vaca,IV Región de Coquimbo,-71.63,-30.25,53.0,2015-03-31,5.197603046594982,172.87544802867384,,,,,http://walker.dgf.uchile.cl/Mediciones/datos/csv/Lengua_Vaca.csv
Lengua_Vaca,Lengua de Vaca,IV Región de Coquimbo,-71.63,-30.25,53.0,2015-04-30,4.397800925925926,173.63981481481483,,,,,http://walker.dgf.uchile.cl/Mediciones/datos/csv/Lengua_Vaca.csv
Lengua_Vaca,Lengua de Vaca,IV Región de Coquimbo,-71.63,-30.25,53.0,2015-05-31,4.729189068100358,180.3747759856631,,,,,http://walker.dgf.uchile.cl/Mediciones/datos/csv/Lengua_Vaca.csv
Lengua_Vaca,Lengua de Vaca,IV Región de Coquimbo,-71.63,-30.25,53.0,2015-06-30,4.941828703703704,170.00185185185185,,,,,http://walker.dgf.uchile.cl/Mediciones/datos/csv/Lengua_Vaca.csv
Lengua_Vaca,Lengua de Vaca,IV Región de Coquimbo,-71.63,-30.25,53.0,2015-07-31,5.3891053227633074,178.21109852774632,,,,,http://walker.dgf.uchile.cl/Mediciones/datos/csv/Lengua_Vaca.csv
Lengua_Vaca,Lengua de Vaca,IV Región de Coquimbo,-71.63,-30.25,53.0,2015-08-31,5.54426523297491,5.0,,,,,http://walker.dgf.uchile.cl/Mediciones/datos/csv/Lengua_Vaca.csv
Lengua_Vaca,Lengua de Vaca,IV Región de Coquimbo,-71.63,-30.25,53.0,2015-09-30,5.957893518518518,5.0,,,,,http://walker.dgf.uchile.cl/Mediciones/datos/csv/Lengua_Vaca.csv
Lengua_Vaca,Lengua de Vaca,IV Región de Coquimbo,-71.63,-30.25,53.0,2015-10-31,7.390322580645162,93.93929211469533,,,,,http://walker.dgf.uchile.cl/Mediciones/datos/csv/Lengua_Vaca.csv
Lengua_Vaca,Lengua de Vaca,IV Región de Coquimbo,-71.63,-30.25,53.0,2015-11-30,7.242106481481482,204.40231481481482,,,,,http://walker.dgf.uchile.cl/Mediciones/datos/csv/Lengua_Vaca.csv
Lengua_Vaca,Lengua de Vaca,IV Región de Coquimbo,-71.63,-30.25,53.0,2015-12-31,7.109206989247312,204.18010752688173,,,,,http://walker.dgf.uchile.cl/Mediciones/datos/csv/Lengua_Vaca.csv
Lengua_Vaca,Lengua de Vaca,IV Región de Coquimbo,-71.63,-30.25,53.0,2016-01-31,5.771057347670251,203.3904569892473,,,,,http://walker.dgf.uchile.cl/Mediciones/datos/csv/Lengua_Vaca.csv
Lengua_Vaca,Lengua de Vaca,IV Región de Coquimbo,-71.63,-30.25,53.0,2016-02-29,5.816786398467434,195.11374521072796,,,,,http://walker.dgf.uchile.cl/Mediciones/datos/csv/Lengua_Vaca.csv
Lengua_Vaca,Lengua de Vaca,IV Región de Coquimbo,-71.63,-30.25,53.0,2016-03-31,4.462724014336917,199.61827956989248,,,,,http://walker.dgf.uchile.cl/Mediciones/datos/csv/Lengua_Vaca.csv
Lengua_Vaca,Lengua de Vaca,IV Región de Coquimbo,-71.63,-30.25,53.0,2016-04-30,5.399282407407408,190.23888888888888,,,,,http://walker.dgf.uchile.cl/Mediciones/datos/csv/Lengua_Vaca.csv
Lengua_Vaca,Lengua de Vaca,IV Región de Coquimbo,-71.63,-30.25,53.0,2016-05-31,4.011581541218638,171.37186379928315,,,,,http://walker.dgf.uchile.cl/Mediciones/datos/csv/Lengua_Vaca.csv
Lengua_Vaca,Lengua de Vaca,IV Región de Coquimbo,-71.63,-30.25,53.0,2016-06-30,4.5581249999999995,177.47592592592594,,,,,http://walker.dgf.uchile.cl/Mediciones/datos/csv/Lengua_Vaca.csv
Lengua_Vaca,Lengua de Vaca,IV Región de Coquimbo,-71.63,-30.25,53.0,2016-07-31,4.667025089605734,163.68279569892474,,,,,http://walker.dgf.uchile.cl/Mediciones/datos/csv/Lengua_Vaca.csv
Lengua_Vaca,Lengua de Vaca,IV Región de Coquimbo,-71.63,-30.25,53.0,2016-08-31,6.4155017921146955,180.45967741935485,,,,,http://walker.dgf.uchile.cl/Mediciones/datos/csv/Lengua_Vaca.csv
Lengua_Vaca,Lengua de Vaca,IV Región de Coquimbo,-71.63,-30.25,53.0,2016-09-30,5.590439814814815,173.84652777777777,,,,,http://walker.dgf.uchile.cl/Mediciones/datos/csv/Lengua_Vaca.csv
Lengua_Vaca,Lengua de Vaca,IV Región de Coquimbo,-71.63,-30.25,53.0,2016-10-31,7.020586917562724,191.32616487455198,,,,,http://walker.dgf.uchile.cl/Mediciones/datos/csv/Lengua_Vaca.csv
Lengua_Vaca,Lengua de Vaca,IV Región de Coquimbo,-71.63,-30.25,53.0,2016-11-30,5.833240740740741,195.46342592592592,,,,,http://walker.dgf.uchile.cl/Mediciones/datos/csv/Lengua_Vaca.csv
Lengua_Vaca,Lengua de Vaca,IV Región de Coquimbo,-71.63,-30.25,53.0,2016-12-31,6.141532258064516,192.18279569892474,,,,,http://walker.dgf.uchile.cl/Mediciones/datos/csv/Lengua_Vaca.csv
Lengua_Vaca,Lengua de Vaca,IV Región de Coquimbo,-71.63,-30.25,53.0,2017-01-31,5.710931899641577,190.00470430107526,,,,,http://walker.dgf.uchile.cl/Mediciones/datos/csv/Lengua_Vaca.csv
Lengua_Vaca,Lengua de Vaca,IV Región de Coquimbo,-71.63,-30.25,53.0,2017-02-28,5.844667658730159,202.07713293650792,,,,,http://walker.dgf.uchile.cl/Mediciones/datos/csv/Lengua_Vaca.csv
Lengua_Vaca,Lengua de Vaca,IV Región de Coquimbo,-71.63,-30.25,53.0,2017-03-31,5.450089605734767,192.87791218637992,,,,,http://walker.dgf.uchile.cl/Mediciones/datos/csv/Lengua_Vaca.csv
Lengua_Vaca,Lengua de Vaca,IV Región de Coquimbo,-71.63,-30.25,53.0,2017-04-30,5.782523148148148,186.4398148148148,,,,,http://walker.dgf.uchile.cl/Mediciones/datos/csv/Lengua_Vaca.csv
Lengua_Vaca,Lengua de Vaca,IV Región de Coquimbo,-71.63,-30.25,53.0,2017-05-31,4.750784050179211,164.00940860215053,,,,,http://walker.dgf.uchile.cl/Mediciones/datos/csv/Lengua_Vaca.csv
Lengua_Vaca,Lengua de Vaca,IV Región de Coquimbo,-71.63,-30.25,53.0,2017-06-30,5.213726851851852,144.07199074074074,,,,,http://walker.dgf.uchile.cl/Mediciones/datos/csv/Lengua_Vaca.csv
Lengua_Vaca,Lengua de Vaca,IV Región de Coquimbo,-71.63,-30.25,53.0,2017-07-31,4.806899641577061,154.600582437276,,,,,http://walker.dgf.uchile.cl/Mediciones/datos/csv/Lengua_Vaca.csv
Lengua_Vaca,Lengua de Vaca,IV Región de Coquimbo,-71.63,-30.25,53.0,2017-08-31,5.494735663082437,179.0051523297491,,,,,http://walker.dgf.uchile.cl/Mediciones/datos/csv/Lengua_Vaca.csv
Lengua_Vaca,Lengua de Vaca,IV Región de Coquimbo,-71.63,-30.25,53.0,2017-09-30,6.295532407407408,192.2162037037037,,,,,http://walker.dgf.uchile.cl/Mediciones/datos/csv/Lengua_Vaca.csv
Lengua_Vaca,Lengua de Vaca,IV Región de Coquimbo,-71.63,-30.25,53.0,2017-10-31,8.056639748766264,198.83445491251683,,,,,http://walker.dgf.uchile.cl/Mediciones/datos/csv/Lengua_Vaca.csv
Lengua_Vaca,Lengua de Vaca,IV Región de Coquimbo,-71.63,-30.25,53.0,2017-11-30,6.880046296296296,201.38518518518518,,,,,http://walker.dgf.uchile.cl/Mediciones/datos/csv/Lengua_Vaca.csv
Lengua_Vaca,Lengua de Vaca,IV Región de Coquimbo,-71.63,-30.25,53.0,2017-12-31,6.066778673835125,194.6877240143369,,,,,http://walker.dgf.uchile.cl/Mediciones/datos/csv/Lengua_Vaca.csv
Lengua_Vaca,Lengua de Vaca,IV Región de Coquimbo,-71.63,-30.25,53.0,2018-01-31,5.84731182795699,204.07213261648747,,,,,http://walker.dgf.uchile.cl/Mediciones/datos/csv/Lengua_Vaca.csv
Lengua_Vaca,Lengua de Vaca,IV Región de Coquimbo,-71.63,-30.25,53.0,2018-02-28,5.300892857142857,194.33382936507937,,,,,http://walker.dgf.uchile.cl/Mediciones/datos/csv/Lengua_Vaca.csv
Lengua_Vaca,Lengua de Vaca,IV Región de Coquimbo,-71.63,-30.25,53.0,2018-03-31,5.521796594982079,190.6608422939068,,,,,http://walker.dgf.uchile.cl/Mediciones/datos/csv/Lengua_Vaca.csv
Lengua_Vaca,Lengua de Vaca,IV Región de Coquimbo,-71.63,-30.25,53.0,2018-04-30,4.538286384976526,187.05633802816902,,,,,http://walker.dgf.uchile.cl/Mediciones/datos/csv/Lengua_Vaca.csv
Lengua_Vaca,Lengua de Vaca,IV Región de Coquimbo,-71.63,-30.25,53.0,2018-05-31,4.591733870967742,177.97110215053763,,,,,http://walker.dgf.uchile.cl/Mediciones/datos/csv/Lengua_Vaca.csv
Lengua_Vaca,Lengua de Vaca,IV Región de Coquimbo,-71.63,-30.25,53.0,2018-06-30,5.038032407407408,166.9175925925926,,,,,http://walker.dgf.uchile.cl/Mediciones/datos/csv/Lengua_Vaca.csv
Lengua_Vaca,Lengua de Vaca,IV Región de Coquimbo,-71.63,-30.25,53.0,2018-07-31,5.513597670250896,166.69108422939067,,,,,http://walker.dgf.uchile.cl/Mediciones/datos/csv/Lengua_Vaca.csv
Lengua_Vaca,Lengua de Vaca,IV Región de Coquimbo,-71.63,-30.25,53.0,2018-08-31,5.359901433691756,183.11424731182797,,,,,http://walker.dgf.uchile.cl/Mediciones/datos/csv/Lengua_Vaca.csv
Lengua_Vaca,Lengua de Vaca,IV Región de Coquimbo,-71.63,-30.25,53.0,2018-09-30,6.195949074074074,194.1125,,,,,http://walker.dgf.uchile.cl/Mediciones/datos/csv/Lengua_Vaca.csv
Lengua_Vaca,Lengua de Vaca,IV Región de Coquimbo,-71.63,-30.25,53.0,2018-10-31,7.420766129032259,202.41666666666666,,,,,http://walker.dgf.uchile.cl/Mediciones/datos/csv/Lengua_Vaca.csv
Lengua_Vaca,Lengua de Vaca,IV Región de Coquimbo,-71.63,-30.25,53.0,2018-11-30,6.664953703703703,199.64189814814816,,,,,http://walker.dgf.uchile.cl/Mediciones/datos/csv/Lengua_Vaca.csv
Lengua_Vaca,Lengua de Vaca,IV Región de Coquimbo,-71.63,-30.25,53.0,2018-12-31,7.026209677419355,212.8826164874552,,,,,http://walker.dgf.uchile.cl/Mediciones/datos/csv/Lengua_Vaca.csv
Lengua_Vaca,Lengua de Vaca,IV Región de Coquimbo,-71.63,-30.25,53.0,2019-01-31,5.825918458781362,194.9820788530466,,,,,http://walker.dgf.uchile.cl/Mediciones/datos/csv/Lengua_Vaca.csv
Lengua_Vaca,Lengua de Vaca,IV Región de Coquimbo,-71.63,-30.25,53.0,2019-02-28,5.363814484126984,199.92435515873015,,,,,http://walker.dgf.uchile.cl/Mediciones/datos/csv/Lengua_Vaca.csv
Lengua_Vaca,Lengua de Vaca,IV Región de Coquimbo,-71.63,-30.25,53.0,2019-03-31,5.02793458781362,199.61514336917563,,,,,http://walker.dgf.uchile.cl/Mediciones/datos/csv/Lengua_Vaca.csv
Lengua_Vaca,Lengua de Vaca,IV Región de Coquimbo,-71.63,-30.25,53.0,2019-04-30,4.416967592592592,191.2912037037037,,,,,http://walker.dgf.uchile.cl/Mediciones/datos/csv/Lengua_Vaca.csv
Lengua_Vaca,Lengua de Vaca,IV Región de Coquimbo,-71.63,-30.25,53.0,2019-05-31,4.551658449125952,173.6389511429852,,,,,http://walker.dgf.uchile.cl/Mediciones/datos/csv/Lengua_Vaca.csv
Lengua_Vaca,Lengua de Vaca,IV Región de Coquimbo,-71.63,-30.25,53.0,2019-06-30,5.369537037037038,169.6236111111111,,,,,http://walker.dgf.uchile.cl/Mediciones/datos/csv/Lengua_Vaca.csv
Lengua_Vaca,Lengua de Vaca,IV Región de Coquimbo,-71.63,-30.25,53.0,2019-07-31,5.909520609318996,183.66801075268816,,,,,http://walker.dgf.uchile.cl/Mediciones/datos/csv/Lengua_Vaca.csv
Lengua_Vaca,Lengua de Vaca,IV Región de Coquimbo,-71.63,-30.25,53.0,2019-08-31,6.4497983870967746,188.44242831541217,,,,,http://walker.dgf.uchile.cl/Mediciones/datos/csv/Lengua_Vaca.csv
Lengua_Vaca,Lengua de Vaca,IV Región de Coquimbo,-71.63,-30.25,53.0,2019-09-30,5.318981481481481,193.58819444444444,,,,,http://walker.dgf.uchile.cl/Mediciones/datos/csv/Lengua_Vaca.csv
Lengua_Vaca,Lengua de Vaca,IV Región de Coquimbo,-71.63,-30.25,53.0,2019-10-31,7.3409050179211475,192.41173835125448,,,,,http://walker.dgf.uchile.cl/Mediciones/datos/csv/Lengua_Vaca.csv
Lengua_Vaca,Lengua de Vaca,IV Región de Coquimbo,-71.63,-30.25,53.0,2019-11-30,6.870671296296296,194.51388888888889,,,,,http://walker.dgf.uchile.cl/Mediciones/datos/csv/Lengua_Vaca.csv
Lengua_Vaca,Lengua de Vaca,IV Región de Coquimbo,-71.63,-30.25,53.0,2019-12-31,6.420922939068101,189.4094982078853,,,,,http://walker.dgf.uchile.cl/Mediciones/datos/csv/Lengua_Vaca.csv
Lengua_Vaca,Lengua de Vaca,IV Región de Coquimbo,-71.63,-30.25,53.0,2020-01-31,5.35790770609319,208.50089605734766,,,,,http://walker.dgf.uchile.cl/Mediciones/datos/csv/Lengua_Vaca.csv
Lengua_Vaca,Lengua de Vaca,IV Región de Coquimbo,-71.63,-30.25,53.0,2020-02-29,5.890181992337165,197.40469348659005,,,,,http://walker.dgf.uchile.cl/Mediciones/datos/csv/Lengua_Vaca.csv
Lengua_Vaca,Lengua de Vaca,IV Región de Coquimbo,-71.63,-30.25,53.0,2020-03-31,4.898655913978494,203.46751792114696,,,,,http://walker.dgf.uchile.cl/Mediciones/datos/csv/Lengua_Vaca.csv
Lengua_Vaca,Lengua de Vaca,IV Región de Coquimbo,-71.63,-30.25,53.0,2020-04-30,4.100949074074074,172.86180555555555,,,,,http://walker.dgf.uchile.cl/Mediciones/datos/csv/Lengua_Vaca.csv
Lengua_Vaca,Lengua de Vaca,IV Región de Coquimbo,-71.63,-30.25,53.0,2020-05-31,3.838015232974911,163.56989247311827,,,,,http://walker.dgf.uchile.cl/Mediciones/datos/csv/Lengua_Vaca.csv
Lengua_Vaca,Lengua de Vaca,IV Región de Coquimbo,-71.63,-30.25,53.0,2020-06-30,5.118032407407408,169.4914351851852,,,,,http://walker.dgf.uchile.cl/Mediciones/datos/csv/Lengua_Vaca.csv
Lengua_Vaca,Lengua de Vaca,IV Región de Coquimbo,-71.63,-30.25,53.0,2020-07-31,5.182571684587813,179.37544802867384,,,,,http://walker.dgf.uchile.cl/Mediciones/datos/csv/Lengua_Vaca.csv
Lengua_Vaca,Lengua de Vaca,IV Región de Coquimbo,-71.63,-30.25,53.0,2020-08-31,6.308557347670251,179.00739247311827,,,,,http://walker.dgf.uchile.cl/Mediciones/datos/csv/Lengua_Vaca.csv
Lengua_Vaca,Lengua de Vaca,IV Región de Coquimbo,-71.63,-30.25,53.0,2020-09-30,6.055810185185185,192.2726851851852,,,,,http://walker.dgf.uchile.cl/Mediciones/datos/csv/Lengua_Vaca.csv
Lengua_Vaca,Lengua de Vaca,IV Región de Coquimbo,-71.63,-30.25,53.0,2020-10-31,9.648263888888888,206.21701388888889,,,,,http://walker.dgf.uchile.cl/Mediciones/datos/csv/Lengua_Vaca.csv
Loma_Hueso,Loma del Hueso,III Región de Atacama,-71.45,-28.91,187.0,2006-10-31,6.8942876344086015,190.85035842293908,,,,,http://walker.dgf.uchile.cl/Mediciones/datos/csv/Loma_Hueso.csv
Loma_Hueso,Loma del Hueso,III Región de Atacama,-71.45,-28.91,187.0,2006-11-30,6.50986111111111,189.8087962962963,,,,,http://walker.dgf.uchile.cl/Mediciones/datos/csv/Loma_Hueso.csv
Loma_Hueso,Loma del Hueso,III Región de Atacama,-71.45,-28.91,187.0,2006-12-31,6.436536738351255,191.4744623655914,,,,,http://walker.dgf.uchile.cl/Mediciones/datos/csv/Loma_Hueso.csv
Loma_Hueso,Loma del Hueso,III Región de Atacama,-71.45,-28.91,187.0,2007-01-31,5.853942652329749,191.1377688172043,,,,,http://walker.dgf.uchile.cl/Mediciones/datos/csv/Loma_Hueso.csv
Loma_Hueso,Loma del Hueso,III Región de Atacama,-71.45,-28.91,187.0,2007-02-28,5.759300595238095,186.24578373015873,,,,,http://walker.dgf.uchile.cl/Mediciones/datos/csv/Loma_Hueso.csv
Loma_Hueso,Loma del Hueso,III Región de Atacama,-71.45,-28.91,187.0,2007-03-31,5.571639784946236,185.66621863799284,,,,,http://walker.dgf.uchile.cl/Mediciones/datos/csv/Loma_Hueso.csv
Loma_Hueso,Loma del Hueso,III Región de Atacama,-71.45,-28.91,187.0,2007-04-30,5.599861111111111,171.7414351851852,,,,,http://walker.dgf.uchile.cl/Mediciones/datos/csv/Loma_Hueso.csv
Loma_Hueso,Loma del Hueso,III Región de Atacama,-71.45,-28.91,187.0,2007-05-31,5.39260752688172,168.79569892473117,,,,,http://walker.dgf.uchile.cl/Mediciones/datos/csv/Loma_Hueso.csv
Loma_Hueso,Loma del Hueso,III Región de Atacama,-71.45,-28.91,187.0,2007-06-30,5.88449074074074,165.71597222222223,,,,,http://walker.dgf.uchile.cl/Mediciones/datos/csv/Loma_Hueso.csv
Loma_Hueso,Loma del Hueso,III Región de Atacama,-71.45,-28.91,187.0,2007-07-31,7.025089605734767,166.040770609319,,,,,http://walker.dgf.uchile.cl/Mediciones/datos/csv/Loma_Hueso.csv
Loma_Hueso,Loma del Hueso,III Región de Atacama,-71.45,-28.91,187.0,2007-08-31,7.269108422939068,175.01097670250897,,,,,http://walker.dgf.uchile.cl/Mediciones/datos/csv/Loma_Hueso.csv
Loma_Hueso,Loma del Hueso,III Región de Atacama,-71.45,-28.91,187.0,2007-09-30,6.703171296296296,181.85694444444445,,,,,http://walker.dgf.uchile.cl/Mediciones/datos/csv/Loma_Hueso.csv
Loma_Hueso,Loma del Hueso,III Región de Atacama,-71.45,-28.91,187.0,2007-10-31,6.189112903225807,192.19354838709677,,,,,http://walker.dgf.uchile.cl/Mediciones/datos/csv/Loma_Hueso.csv
Loma_Hueso,Loma del Hueso,III Región de Atacama,-71.45,-28.91,187.0,2007-11-30,6.058171296296296,194.00694444444446,,,,,http://walker.dgf.uchile.cl/Mediciones/datos/csv/Loma_Hueso.csv
Loma_Hueso,Loma del Hueso,III Región de Atacama,-71.45,-28.91,187.0,2007-12-31,5.613172043010753,198.21841397849462,,,,,http://walker.dgf.uchile.cl/Mediciones/datos/csv/Loma_Hueso.csv
Loma_Hueso,Loma del Hueso,III Región de Atacama,-71.45,-28.91,187.0,2008-01-31,5.288844086021506,190.82706093189964,,,,,http://walker.dgf.uchile.cl/Mediciones/datos/csv/Loma_Hueso.csv
Loma_Hueso,Loma del Hueso,III Región de Atacama,-71.45,-28.91,187.0,2008-02-29,5.941786398467434,188.59363026819923,,,,,http://walker.dgf.uchile.cl/Mediciones/datos/csv/Loma_Hueso.csv
Loma_Hueso,Loma del Hueso,III Región de Atacama,-71.45,-28.91,187.0,2008-03-31,6.159722222222222,188.65972222222223,,,,,http://walker.dgf.uchile.cl/Mediciones/datos/csv/Loma_Hueso.csv
Loma_Hueso,Loma del Hueso,III Región de Atacama,-71.45,-28.91,187.0,2008-04-30,5.547268518518519,183.13518518518518,,,,,http://walker.dgf.uchile.cl/Mediciones/datos/csv/Loma_Hueso.csv
Loma_Hueso,Loma del Hueso,III Región de Atacama,-71.45,-28.91,187.0,2008-05-31,5.204435483870967,173.09968637992833,,,,,http://walker.dgf.uchile.cl/Mediciones/datos/csv/Loma_Hueso.csv
Loma_Hueso,Loma del Hueso,III Región de Atacama,-71.45,-28.91,187.0,2008-06-30,5.722199074074075,166.18726851851852,,,,,http://walker.dgf.uchile.cl/Mediciones/datos/csv/Loma_Hueso.csv
Loma_Hueso,Loma del Hueso,III Región de Atacama,-71.45,-28.91,187.0,2008-07-31,5.884789426523298,156.28606630824373,,,,,http://walker.dgf.uchile.cl/Mediciones/datos/csv/Loma_Hueso.csv
Loma_Hueso,Loma del Hueso,III Región de Atacama,-71.45,-28.91,187.0,2008-08-31,6.069444444444445,178.28068996415772,,,,,http://walker.dgf.uchile.cl/Mediciones/datos/csv/Loma_Hueso.csv
Loma_Hueso,Loma del Hueso,III Región de Atacama,-71.45,-28.91,187.0,2008-09-30,6.408402777777778,177.8076388888889,,,,,http://walker.dgf.uchile.cl/Mediciones/datos/csv/Loma_Hueso.csv
Loma_Hueso,Loma del Hueso,III Región de Atacama,-71.45,-28.91,187.0,2008-10-31,6.715412186379928,192.82818100358423,,,,,http://walker.dgf.uchile.cl/Mediciones/datos/csv/Loma_Hueso.csv
Loma_Hueso,Loma del Hueso,III Región de Atacama,-71.45,-28.91,187.0,2008-11-30,5.563240740740741,204.0238425925926,,,,,http://walker.dgf.uchile.cl/Mediciones/datos/csv/Loma_Hueso.csv
Loma_Hueso,Loma del Hueso,III Región de Atacama,-71.45,-28.91,187.0,2008-12-31,5.962007168458782,191.22535842293908,,,,,http://walker.dgf.uchile.cl/Mediciones/datos/csv/Loma_Hueso.csv
Loma_Hueso,Loma del Hueso,III Región de Atacama,-71.45,-28.91,187.0,2009-01-31,5.7243055555555555,194.63888888888889,,,,,http://walker.dgf.uchile.cl/Mediciones/datos/csv/Loma_Hueso.csv
Loma_Hueso,Loma del Hueso,III Región de Atacama,-71.45,-28.91,187.0,2009-02-28,5.371701388888889,198.31498015873015,,,,,http://walker.dgf.uchile.cl/Mediciones/datos/csv/Loma_Hueso.csv
Loma_Hueso,Loma del Hueso,III Región de Atacama,-71.45,-28.91,187.0,2009-03-31,4.760192652329749,195.7258064516129,,,,,http://walker.dgf.uchile.cl/Mediciones/datos/csv/Loma_Hueso.csv
Loma_Hueso,Loma del Hueso,III Región de Atacama,-71.45,-28.91,187.0,2009-04-30,4.260691214470285,192.38016795865633,,,,,http://walker.dgf.uchile.cl/Mediciones/datos/csv/Loma_Hueso.csv
Loma_Hueso,Loma del Hueso,III Región de Atacama,-71.45,-28.91,187.0,2009-07-31,6.455021834061136,171.75036390101891,,,,,http://walker.dgf.uchile.cl/Mediciones/datos/csv/Loma_Hueso.csv
Loma_Hueso,Loma del Hueso,III Región de Atacama,-71.45,-28.91,187.0,2009-08-31,5.8489471326164875,173.5560035842294,,,,,http://walker.dgf.uchile.cl/Mediciones/datos/csv/Loma_Hueso.csv
Loma_Hueso,Loma del Hueso,III Región de Atacama,-71.45,-28.91,187.0,2009-09-30,7.546666666666666,178.1875,,,,,http://walker.dgf.uchile.cl/Mediciones/datos/csv/Loma_Hueso.csv
Loma_Hueso,Loma del Hueso,III Región de Atacama,-71.45,-28.91,187.0,2009-10-31,5.873902329749104,199.7334229390681,,,,,http://walker.dgf.uchile.cl/Mediciones/datos/csv/Loma_Hueso.csv
Loma_Hueso,Loma del Hueso,III Región de Atacama,-71.45,-28.91,187.0,2009-11-30,7.292916666666667,190.61111111111111,,,,,http://walker.dgf.uchile.cl/Mediciones/datos/csv/Loma_Hueso.csv
Loma_Hueso,Loma del Hueso,III Región de Atacama,-71.45,-28.91,187.0,2009-12-31,6.261514336917563,192.35999103942652,,,,,http://walker.dgf.uchile.cl/Mediciones/datos/csv/Loma_Hueso.csv
Loma_Hueso,Loma del Hueso,III Región de Atacama,-71.45,-28.91,187.0,2010-01-31,5.420250896057348,202.63485663082437,,,,,http://walker.dgf.uchile.cl/Mediciones/datos/csv/Loma_Hueso.csv
Loma_Hueso,Loma del Hueso,III Región de Atacama,-71.45,-28.91,187.0,2010-02-28,5.674646489704788,184.19002728851402,,,,,http://walker.dgf.uchile.cl/Mediciones/datos/csv/Loma_Hueso.csv
Loma_Hueso,Loma del Hueso,III Región de Atacama,-71.45,-28.91,187.0,2010-03-31,5.315367383512545,189.3279569892473,,,,,http://walker.dgf.uchile.cl/Mediciones/datos/csv/Loma_Hueso.csv
Loma_Hueso,Loma del Hueso,III Región de Atacama,-71.45,-28.91,187.0,2010-04-30,5.8128009259259255,178.73912037037036,,,,,http://walker.dgf.uchile.cl/Mediciones/datos/csv/Loma_Hueso.csv
Loma_Hueso,Loma del Hueso,III Región de Atacama,-71.45,-28.91,187.0,2010-05-31,4.748857526881721,166.9209229390681,,,,,http://walker.dgf.uchile.cl/Mediciones/datos/csv/Loma_Hueso.csv
Loma_Hueso,Loma del Hueso,III Región de Atacama,-71.45,-28.91,187.0,2010-10-31,6.1355099046221575,185.77696258253852,,,,,http://walker.dgf.uchile.cl/Mediciones/datos/csv/Loma_Hueso.csv
Loma_Hueso,Loma del Hueso,III Región de Atacama,-71.45,-28.91,187.0,2010-11-30,5.9887500000000005,192.05162037037036,,,,,http://walker.dgf.uchile.cl/Mediciones/datos/csv/Loma_Hueso.csv
Loma_Hueso,Loma del Hueso,III Región de Atacama,-71.45,-28.91,187.0,2010-12-31,6.080040322580645,197.0905017921147,,,,,http://walker.dgf.uchile.cl/Mediciones/datos/csv/Loma_Hueso.csv
Loma_Hueso,Loma del Hueso,III Región de Atacama,-71.45,-28.91,187.0,2011-01-31,5.619153225806452,198.230958781362,,,,,http://walker.dgf.uchile.cl/Mediciones/datos/csv/Loma_Hueso.csv
Loma_Hueso,Loma del Hueso,III Región de Atacama,-71.45,-28.91,187.0,2011-02-28,4.963566468253968,191.11507936507937,,,,,http://walker.dgf.uchile.cl/Mediciones/datos/csv/Loma_Hueso.csv
Loma_Hueso,Loma del Hueso,III Región de Atacama,-71.45,-28.91,187.0,2011-03-31,5.5519041218637994,185.24462365591398,,,,,http://walker.dgf.uchile.cl/Mediciones/datos/csv/Loma_Hueso.csv
Loma_Hueso,Loma del Hueso,III Región de Atacama,-71.45,-28.91,187.0,2011-04-30,5.261736111111111,178.6537037037037,,,,,http://walker.dgf.uchile.cl/Mediciones/datos/csv/Loma_Hueso.csv
Loma_Hueso,Loma del Hueso,III Región de Atacama,-71.45,-28.91,187.0,2011-05-31,4.604950716845878,172.2345430107527,,,,,http://walker.dgf.uchile.cl/Mediciones/datos/csv/Loma_Hueso.csv
Loma_Hueso,Loma del Hueso,III Región de Atacama,-71.45,-28.91,187.0,2011-06-30,5.737708333333334,149.66736111111112,,,,,http://walker.dgf.uchile.cl/Mediciones/datos/csv/Loma_Hueso.csv
Loma_Hueso,Loma del Hueso,III Región de Atacama,-71.45,-28.91,187.0,2011-07-31,5.433064516129033,169.35640681003585,,,,,http://walker.dgf.uchile.cl/Mediciones/datos/csv/Loma_Hueso.csv
Loma_Hueso,Loma del Hueso,III Región de Atacama,-71.45,-28.91,187.0,2011-08-31,6.568615591397849,166.85685483870967,,,,,http://walker.dgf.uchile.cl/Mediciones/datos/csv/Loma_Hueso.csv
Loma_Hueso,Loma del Hueso,III Región de Atacama,-71.45,-28.91,187.0,2011-09-30,6.476342592592593,182.87453703703704,,,,,http://walker.dgf.uchile.cl/Mediciones/datos/csv/Loma_Hueso.csv
Loma_Hueso,Loma del Hueso,III Región de Atacama,-71.45,-28.91,187.0,2011-10-31,5.953785842293907,186.11581541218638,,,,,http://walker.dgf.uchile.cl/Mediciones/datos/csv/Loma_Hueso.csv
Loma_Hueso,Loma del Hueso,III Región de Atacama,-71.45,-28.91,187.0,2012-01-31,4.0680555555555555,191.07142857142858,,,,,http://walker.dgf.uchile.cl/Mediciones/datos/csv/Loma_Hueso.csv
Loma_Hueso,Loma del Hueso,III Región de Atacama,-71.45,-28.91,187.0,2012-07-31,5.572916666666667,173.49732905982907,,,,,http://walker.dgf.uchile.cl/Mediciones/datos/csv/Loma_Hueso.csv
Loma_Hueso,Loma del Hueso,III Región de Atacama,-71.45,-28.91,187.0,2012-08-31,5.85943100358423,172.47468637992833,,,,,http://walker.dgf.uchile.cl/Mediciones/datos/csv/Loma_Hueso.csv
Loma_Hueso,Loma del Hueso,III Región de Atacama,-71.45,-28.91,187.0,2012-09-30,6.569675925925926,179.1537037037037,,,,,http://walker.dgf.uchile.cl/Mediciones/datos/csv/Loma_Hueso.csv
Loma_Hueso,Loma del Hueso,III Región de Atacama,-71.45,-28.91,187.0,2012-10-31,6.6665322580645165,186.88485663082437,,,,,http://walker.dgf.uchile.cl/Mediciones/datos/csv/Loma_Hueso.csv
Loma_Hueso,Loma del Hueso,III Región de Atacama,-71.45,-28.91,187.0,2012-11-30,5.372430555555556,206.63912037037036,,,,,http://walker.dgf.uchile.cl/Mediciones/datos/csv/Loma_Hueso.csv
Loma_Hueso,Loma del Hueso,III Región de Atacama,-71.45,-28.91,187.0,2012-12-31,6.939338235294118,186.45343137254903,,,,,http://walker.dgf.uchile.cl/Mediciones/datos/csv/Loma_Hueso.csv
Loma_Hueso,Loma del Hueso,III Región de Atacama,-71.45,-28.91,187.0,2013-01-31,5.288149641577061,192.76836917562724,,,,,http://walker.dgf.uchile.cl/Mediciones/datos/csv/Loma_Hueso.csv
Loma_Hueso,Loma del Hueso,III Región de Atacama,-71.45,-28.91,187.0,2013-02-28,6.272916666666667,185.23834325396825,,,,,http://walker.dgf.uchile.cl/Mediciones/datos/csv/Loma_Hueso.csv
Loma_Hueso,Loma del Hueso,III Región de Atacama,-71.45,-28.91,187.0,2013-03-31,5.545631720430108,188.4222670250896,,,,,http://walker.dgf.uchile.cl/Mediciones/datos/csv/Loma_Hueso.csv
Loma_Hueso,Loma del Hueso,III Región de Atacama,-71.45,-28.91,187.0,2013-04-30,5.431064814814815,175.85810185185184,,,,,http://walker.dgf.uchile.cl/Mediciones/datos/csv/Loma_Hueso.csv
Loma_Hueso,Loma del Hueso,III Región de Atacama,-71.45,-28.91,187.0,2013-05-31,5.1685259856630825,165.27531362007167,,,,,http://walker.dgf.uchile.cl/Mediciones/datos/csv/Loma_Hueso.csv
Loma_Hueso,Loma del Hueso,III Región de Atacama,-71.45,-28.91,187.0,2013-06-30,5.358912037037037,166.59097222222223,,,,,http://walker.dgf.uchile.cl/Mediciones/datos/csv/Loma_Hueso.csv
Loma_Hueso,Loma del Hueso,III Región de Atacama,-71.45,-28.91,187.0,2013-07-31,5.747132616487455,151.19534050179212,,,,,http://walker.dgf.uchile.cl/Mediciones/datos/csv/Loma_Hueso.csv
Loma_Hueso,Loma del Hueso,III Región de Atacama,-71.45,-28.91,187.0,2013-08-31,6.378449820788531,169.13821684587813,,,,,http://walker.dgf.uchile.cl/Mediciones/datos/csv/Loma_Hueso.csv
Loma_Hueso,Loma del Hueso,III Región de Atacama,-71.45,-28.91,187.0,2013-09-30,7.672314814814815,166.01666666666668,,,,,http://walker.dgf.uchile.cl/Mediciones/datos/csv/Loma_Hueso.csv
Loma_Hueso,Loma del Hueso,III Región de Atacama,-71.45,-28.91,187.0,2013-10-31,6.215949820788531,189.77710573476702,,,,,http://walker.dgf.uchile.cl/Mediciones/datos/csv/Loma_Hueso.csv
Loma_Hueso,Loma del Hueso,III Región de Atacama,-71.45,-28.91,187.0,2013-11-30,6.361898148148149,188.35046296296295,,,,,http://walker.dgf.uchile.cl/Mediciones/datos/csv/Loma_Hueso.csv
Loma_Hueso,Loma del Hueso,III Región de Atacama,-71.45,-28.91,187.0,2013-12-31,5.083064516129032,202.22625448028674,,,,,http://walker.dgf.uchile.cl/Mediciones/datos/csv/Loma_Hueso.csv
Loma_Hueso,Loma del Hueso,III Región de Atacama,-71.45,-28.91,187.0,2014-01-31,6.9646729390681,193.1872759856631,,,,,http://walker.dgf.uchile.cl/Mediciones/datos/csv/Loma_Hueso.csv
Loma_Hueso,Loma del Hueso,III Región de Atacama,-71.45,-28.91,187.0,2014-02-28,7.9904761904761905,186.39484126984127,,,,,http://walker.dgf.uchile.cl/Mediciones/datos/csv/Loma_Hueso.csv
Loma_Hueso,Loma del Hueso,III Región de Atacama,-71.45,-28.91,187.0,2014-03-31,6.780645161290322,188.50560035842295,,,,,http://walker.dgf.uchile.cl/Mediciones/datos/csv/Loma_Hueso.csv
Loma_Hueso,Loma del Hueso,III Región de Atacama,-71.45,-28.91,187.0,2014-04-30,6.74375,186.89606481481482,,,,,http://walker.dgf.uchile.cl/Mediciones/datos/csv/Loma_Hueso.csv
Loma_Hueso,Loma del Hueso,III Región de Atacama,-71.45,-28.91,187.0,2014-05-31,6.350291218637993,161.59767025089604,,,,,http://walker.dgf.uchile.cl/Mediciones/datos/csv/Loma_Hueso.csv
Loma_Hueso,Loma del Hueso,III Región de Atacama,-71.45,-28.91,187.0,2014-06-30,5.764398148148148,166.37291666666667,,,,,http://walker.dgf.uchile.cl/Mediciones/datos/csv/Loma_Hueso.csv
Loma_Hueso,Loma del Hueso,III Región de Atacama,-71.45,-28.91,187.0,2014-07-31,5.997603046594982,164.82459677419354,,,,,http://walker.dgf.uchile.cl/Mediciones/datos/csv/Loma_Hueso.csv
Loma_Hueso,Loma del Hueso,III Región de Atacama,-71.45,-28.91,187.0,2014-08-31,5.955600358422939,173.519041218638,,,,,http://walker.dgf.uchile.cl/Mediciones/datos/csv/Loma_Hueso.csv
Loma_Hueso,Loma del Hueso,III Región de Atacama,-71.45,-28.91,187.0,2014-09-30,6.794050925925926,178.98587962962964,,,,,http://walker.dgf.uchile.cl/Mediciones/datos/csv/Loma_Hueso.csv
Loma_Hueso,Loma del Hueso,III Región de Atacama,-71.45,-28.91,187.0,2014-10-31,6.071953405017921,192.6290322580645,,,,,http://walker.dgf.uchile.cl/Mediciones/datos/csv/Loma_Hueso.csv
Loma_Hueso,Loma del Hueso,III Región de Atacama,-71.45,-28.91,187.0,2014-11-30,6.936111111111111,185.02824074074073,,,,,http://walker.dgf.uchile.cl/Mediciones/datos/csv/Loma_Hueso.csv
Loma_Hueso,Loma del Hueso,III Región de Atacama,-71.45,-28.91,187.0,2014-12-31,6.084610215053764,190.82549283154123,,,,,http://walker.dgf.uchile.cl/Mediciones/datos/csv/Loma_Hueso.csv
Loma_Hueso,Loma del Hueso,III Región de Atacama,-71.45,-28.91,187.0,2015-01-31,4.872692652329749,197.671146953405,,,,,http://walker.dgf.uchile.cl/Mediciones/datos/csv/Loma_Hueso.csv
Loma_Hueso,Loma del Hueso,III Región de Atacama,-71.45,-28.91,187.0,2015-02-28,5.032465277777778,187.5248015873016,,,,,http://walker.dgf.uchile.cl/Mediciones/datos/csv/Loma_Hueso.csv
Loma_Hueso,Loma del Hueso,III Región de Atacama,-71.45,-28.91,187.0,2015-03-31,5.087141577060932,192.65098566308242,,,,,http://walker.dgf.uchile.cl/Mediciones/datos/csv/Loma_Hueso.csv
Loma_Hueso,Loma del Hueso,III Región de Atacama,-71.45,-28.91,187.0,2015-04-30,4.890092592592593,180.63796296296297,,,,,http://walker.dgf.uchile.cl/Mediciones/datos/csv/Loma_Hueso.csv
Loma_Hueso,Loma del Hueso,III Región de Atacama,-71.45,-28.91,187.0,2015-05-31,5.809431003584229,168.69332437275986,,,,,http://walker.dgf.uchile.cl/Mediciones/datos/csv/Loma_Hueso.csv
Loma_Hueso,Loma del Hueso,III Región de Atacama,-71.45,-28.91,187.0,2015-06-30,6.159407096171803,168.3013538748833,,,,,http://walker.dgf.uchile.cl/Mediciones/datos/csv/Loma_Hueso.csv
Loma_Hueso,Loma del Hueso,III Región de Atacama,-71.45,-28.91,187.0,2015-07-31,6.2951836917562725,172.02240143369175,,,,,http://walker.dgf.uchile.cl/Mediciones/datos/csv/Loma_Hueso.csv
Loma_Hueso,Loma del Hueso,III Región de Atacama,-71.45,-28.91,187.0,2015-08-31,6.193615591397849,165.31160394265234,,,,,http://walker.dgf.uchile.cl/Mediciones/datos/csv/Loma_Hueso.csv
Loma_Hueso,Loma del Hueso,III Región de Atacama,-71.45,-28.91,187.0,2015-09-30,6.452731481481481,177.57939814814816,,,,,http://walker.dgf.uchile.cl/Mediciones/datos/csv/Loma_Hueso.csv
Loma_Hueso,Loma del Hueso,III Región de Atacama,-71.45,-28.91,187.0,2015-10-31,7.384879032258064,177.33512544802866,,,,,http://walker.dgf.uchile.cl/Mediciones/datos/csv/Loma_Hueso.csv
Loma_Hueso,Loma del Hueso,III Región de Atacama,-71.45,-28.91,187.0,2015-11-30,6.930972222222222,182.18125,,,,,http://walker.dgf.uchile.cl/Mediciones/datos/csv/Loma_Hueso.csv
Loma_Hueso,Loma del Hueso,III Región de Atacama,-71.45,-28.91,187.0,2015-12-31,6.470855734767025,187.56048387096774,,,,,http://walker.dgf.uchile.cl/Mediciones/datos/csv/Loma_Hueso.csv
Loma_Hueso,Loma del Hueso,III Región de Atacama,-71.45,-28.91,187.0,2016-01-31,5.587163978494623,192.42629928315412,,,,,http://walker.dgf.uchile.cl/Mediciones/datos/csv/Loma_Hueso.csv
Loma_Hueso,Loma del Hueso,III Región de Atacama,-71.45,-28.91,187.0,2016-02-29,5.721599616858238,185.66594827586206,,,,,http://walker.dgf.uchile.cl/Mediciones/datos/csv/Loma_Hueso.csv
Loma_Hueso,Loma del Hueso,III Región de Atacama,-71.45,-28.91,187.0,2016-03-31,4.8751568100358424,189.2780017921147,,,,,http://walker.dgf.uchile.cl/Mediciones/datos/csv/Loma_Hueso.csv
Loma_Hueso,Loma del Hueso,III Región de Atacama,-71.45,-28.91,187.0,2016-04-30,5.810694444444445,173.3840277777778,,,,,http://walker.dgf.uchile.cl/Mediciones/datos/csv/Loma_Hueso.csv
Loma_Hueso,Loma del Hueso,III Región de Atacama,-71.45,-28.91,187.0,2016-05-31,5.008333333333334,173.6686827956989,,,,,http://walker.dgf.uchile.cl/Mediciones/datos/csv/Loma_Hueso.csv
Loma_Hueso,Loma del Hueso,III Región de Atacama,-71.45,-28.91,187.0,2016-06-30,5.416388888888889,169.36435185185186,,,,,http://walker.dgf.uchile.cl/Mediciones/datos/csv/Loma_Hueso.csv
Loma_Hueso,Loma del Hueso,III Región de Atacama,-71.45,-28.91,187.0,2016-07-31,5.509466128308659,167.7687303723643,,,,,http://walker.dgf.uchile.cl/Mediciones/datos/csv/Loma_Hueso.csv
Loma_Hueso,Loma del Hueso,III Región de Atacama,-71.45,-28.91,187.0,2016-08-31,6.7502016129032265,173.5201612903226,,,,,http://walker.dgf.uchile.cl/Mediciones/datos/csv/Loma_Hueso.csv
Loma_Hueso,Loma del Hueso,III Región de Atacama,-71.45,-28.91,187.0,2016-09-30,5.931481481481481,194.70856481481482,,,,,http://walker.dgf.uchile.cl/Mediciones/datos/csv/Loma_Hueso.csv
Loma_Hueso,Loma del Hueso,III Región de Atacama,-71.45,-28.91,187.0,2016-10-31,6.939090501792115,185.34520609318997,,,,,http://walker.dgf.uchile.cl/Mediciones/datos/csv/Loma_Hueso.csv
Loma_Hueso,Loma del Hueso,III Región de Atacama,-71.45,-28.91,187.0,2016-11-30,5.311180555555556,207.49560185185186,,,,,http://walker.dgf.uchile.cl/Mediciones/datos/csv/Loma_Hueso.csv
Loma_Hueso,Loma del Hueso,III Región de Atacama,-71.45,-28.91,187.0,2016-12-31,5.537163978494624,197.4334677419355,,,,,http://walker.dgf.uchile.cl/Mediciones/datos/csv/Loma_Hueso.csv
Loma_Hueso,Loma del Hueso,III Región de Atacama,-71.45,-28.91,187.0,2017-01-31,5.0942204301075265,211.61760752688173,,,,,http://walker.dgf.uchile.cl/Mediciones/datos/csv/Loma_Hueso.csv
Loma_Hueso,Loma del Hueso,III Región de Atacama,-71.45,-28.91,187.0,2017-02-28,5.271999007936508,193.9092261904762,,,,,http://walker.dgf.uchile.cl/Mediciones/datos/csv/Loma_Hueso.csv
Loma_Hueso,Loma del Hueso,III Región de Atacama,-71.45,-28.91,187.0,2017-03-31,5.56478494623656,188.25985663082437,,,,,http://walker.dgf.uchile.cl/Mediciones/datos/csv/Loma_Hueso.csv
Loma_Hueso,Loma del Hueso,III Región de Atacama,-71.45,-28.91,187.0,2017-04-30,5.68599537037037,176.6287037037037,,,,,http://walker.dgf.uchile.cl/Mediciones/datos/csv/Loma_Hueso.csv
Loma_Hueso,Loma del Hueso,III Región de Atacama,-71.45,-28.91,187.0,2017-05-31,5.465479390681004,152.8035394265233,,,,,http://walker.dgf.uchile.cl/Mediciones/datos/csv/Loma_Hueso.csv
Loma_Hueso,Loma del Hueso,III Región de Atacama,-71.45,-28.91,187.0,2017-06-30,5.7872916666666665,151.89513888888888,,,,,http://walker.dgf.uchile.cl/Mediciones/datos/csv/Loma_Hueso.csv
Loma_Hueso,Loma del Hueso,III Región de Atacama,-71.45,-28.91,187.0,2017-07-31,5.924395161290323,152.30779569892474,,,,,http://walker.dgf.uchile.cl/Mediciones/datos/csv/Loma_Hueso.csv
Loma_Hueso,Loma del Hueso,III Región de Atacama,-71.45,-28.91,187.0,2017-08-31,6.060394265232975,174.77464157706092,,,,,http://walker.dgf.uchile.cl/Mediciones/datos/csv/Loma_Hueso.csv
Loma_Hueso,Loma del Hueso,III Región de Atacama,-71.45,-28.91,187.0,2017-09-30,6.177893518518519,183.96990740740742,,,,,http://walker.dgf.uchile.cl/Mediciones/datos/csv/Loma_Hueso.csv
Loma_Hueso,Loma del Hueso,III Región de Atacama,-71.45,-28.91,187.0,2017-10-31,7.558714157706093,179.48611111111111,,,,,http://walker.dgf.uchile.cl/Mediciones/datos/csv/Loma_Hueso.csv
Loma_Hueso,Loma del Hueso,III Región de Atacama,-71.45,-28.91,187.0,2017-11-30,6.007962962962964,190.64791666666667,,,,,http://walker.dgf.uchile.cl/Mediciones/datos/csv/Loma_Hueso.csv
Loma_Hueso,Loma del Hueso,III Región de Atacama,-71.45,-28.91,187.0,2017-12-31,4.9662186379928315,203.7423835125448,,,,,http://walker.dgf.uchile.cl/Mediciones/datos/csv/Loma_Hueso.csv
Loma_Hueso,Loma del Hueso,III Región de Atacama,-71.45,-28.91,187.0,2018-01-31,5.063508064516129,191.33714157706092,,,,,http://walker.dgf.uchile.cl/Mediciones/datos/csv/Loma_Hueso.csv
Loma_Hueso,Loma del Hueso,III Región de Atacama,-71.45,-28.91,187.0,2018-02-28,4.477256944444444,195.94890873015873,,,,,http://walker.dgf.uchile.cl/Mediciones/datos/csv/Loma_Hueso.csv
Loma_Hueso,Loma del Hueso,III Región de Atacama,-71.45,-28.91,187.0,2018-03-31,5.447852760736196,189.813224267212,,,,,http://walker.dgf.uchile.cl/Mediciones/datos/csv/Loma_Hueso.csv
a02,a02,II Región de Antofagasta,-69.73,-21.48,888.0,2009-07-31,4.063944396177238,219.249348392702,14.657732406602953,25.493392070484582,,,http://walker.dgf.uchile.cl/Mediciones/datos/csv/a02.csv
a02,a02,II Región de Antofagasta,-69.73,-21.48,888.0,2009-08-31,5.0226702508960575,218.15143369175627,13.454928315412188,37.43758573388203,,,http://walker.dgf.uchile.cl/Mediciones/datos/csv/a02.csv
a02,a02,II Región de Antofagasta,-69.73,-21.48,888.0,2009-09-30,6.212662037037037,229.20162037037036,12.746342592592592,53.99854404270808,,,http://walker.dgf.uchile.cl/Mediciones/datos/csv/a02.csv
a02,a02,II Región de Antofagasta,-69.73,-21.48,888.0,2009-10-31,6.3456541218638,220.0241935483871,15.090972222222224,44.75763139775074,,,http://walker.dgf.uchile.cl/Mediciones/datos/csv/a02.csv
a02,a02,II Región de Antofagasta,-69.73,-21.48,888.0,2009-11-30,7.0814814814814815,236.58703703703705,15.347870370370371,63.51575532900834,,,http://walker.dgf.uchile.cl/Mediciones/datos/csv/a02.csv
a02,a02,II Región de Antofagasta,-69.73,-21.48,888.0,2009-12-31,7.240836743974534,237.30741246020918,16.462710322874035,64.7887676216462,,,http://walker.dgf.uchile.cl/Mediciones/datos/csv/a02.csv
a02,a02,II Región de Antofagasta,-69.73,-21.48,888.0,2010-01-31,7.3885976702508955,240.09767025089604,17.37638888888889,66.65725806451613,,,http://walker.dgf.uchile.cl/Mediciones/datos/csv/a02.csv
a02,a02,II Región de Antofagasta,-69.73,-21.48,888.0,2010-02-28,6.829464285714286,232.1485615079365,19.161036706349208,68.04414682539682,,,http://walker.dgf.uchile.cl/Mediciones/datos/csv/a02.csv
a02,a02,II Región de Antofagasta,-69.73,-21.48,888.0,2010-03-31,6.602844982078853,230.84408602150538,17.406070788530464,67.19802867383513,,,http://walker.dgf.uchile.cl/Mediciones/datos/csv/a02.csv
a02,a02,II Región de Antofagasta,-69.73,-21.48,888.0,2010-04-30,6.016388888888889,221.31550925925927,15.967708333333333,69.07106481481482,,,http://walker.dgf.uchile.cl/Mediciones/datos/csv/a02.csv
a02,a02,II Región de Antofagasta,-69.73,-21.48,888.0,2010-05-31,4.9084229390681005,221.38172043010752,15.534699820788529,48.75056028686688,,,http://walker.dgf.uchile.cl/Mediciones/datos/csv/a02.csv
a02,a02,II Región de Antofagasta,-69.73,-21.48,888.0,2010-06-30,4.319282407407408,213.10092592592594,13.065625,43.77889095992544,,,http://walker.dgf.uchile.cl/Mediciones/datos/csv/a02.csv
a02,a02,II Región de Antofagasta,-69.73,-21.48,888.0,2010-07-31,4.446975806451613,215.17965949820788,11.001321684587815,41.08588818755636,,,http://walker.dgf.uchile.cl/Mediciones/datos/csv/a02.csv
a02,a02,II Región de Antofagasta,-69.73,-21.48,888.0,2010-08-31,5.273140681003584,219.98431899641577,12.73534946236559,43.66553977913004,,,http://walker.dgf.uchile.cl/Mediciones/datos/csv/a02.csv
a02,a02,II Región de Antofagasta,-69.73,-21.48,888.0,2010-09-30,5.951550925925926,220.09768518518518,13.90099537037037,45.39189814814815,,,http://walker.dgf.uchile.cl/Mediciones/datos/csv/a02.csv
a02,a02,II Región de Antofagasta,-69.73,-21.48,888.0,2010-10-31,6.588306451612904,226.13216845878136,13.333602150537633,54.36066308243728,,,http://walker.dgf.uchile.cl/Mediciones/datos/csv/a02.csv
a02,a02,II Región de Antofagasta,-69.73,-21.48,888.0,2010-11-30,6.737291666666667,228.26064814814814,14.796018518518519,51.755324074074075,,,http://walker.dgf.uchile.cl/Mediciones/datos/csv/a02.csv
a02,a02,II Región de Antofagasta,-69.73,-21.48,888.0,2010-12-31,6.9302419354838705,233.086917562724,15.910282258064516,56.46079749103943,,,http://walker.dgf.uchile.cl/Mediciones/datos/csv/a02.csv
a02,a02,II Región de Antofagasta,-69.73,-21.48,888.0,2011-01-31,7.0952732974910395,232.3812724014337,17.821326164874552,58.78673835125448,,,http://walker.dgf.uchile.cl/Mediciones/datos/csv/a02.csv
a02,a02,II Región de Antofagasta,-69.73,-21.48,888.0,2011-02-28,6.652430555555555,238.2061011904762,19.395535714285714,58.89955357142857,,,http://walker.dgf.uchile.cl/Mediciones/datos/csv/a02.csv
a02,a02,II Región de Antofagasta,-69.73,-21.48,888.0,2011-03-31,6.43646953405018,232.9106182795699,17.032235663082435,60.30398745519713,,,http://walker.dgf.uchile.cl/Mediciones/datos/csv/a02.csv
a02,a02,II Región de Antofagasta,-69.73,-21.48,888.0,2011-04-30,5.646041666666667,224.01435185185184,16.660925925925927,59.1349537037037,,,http://walker.dgf.uchile.cl/Mediciones/datos/csv/a02.csv
a02,a02,II Región de Antofagasta,-69.73,-21.48,888.0,2011-05-31,5.131474014336918,215.14583333333334,14.506182795698924,53.26881720430107,,,http://walker.dgf.uchile.cl/Mediciones/datos/csv/a02.csv
a02,a02,II Región de Antofagasta,-69.73,-21.48,888.0,2011-06-30,4.767407407407408,213.4351851851852,12.61962962962963,63.93611111111111,,,http://walker.dgf.uchile.cl/Mediciones/datos/csv/a02.csv
a02,a02,II Región de Antofagasta,-69.73,-21.48,888.0,2011-07-31,5.042789115646259,219.50249433106575,12.16485260770975,56.14673913043478,,,http://walker.dgf.uchile.cl/Mediciones/datos/csv/a02.csv
a02,a02,II Región de Antofagasta,-69.73,-21.48,888.0,2011-08-31,5.204390681003584,215.01948924731184,12.509229390681003,46.54308979868808,,,http://walker.dgf.uchile.cl/Mediciones/datos/csv/a02.csv
a02,a02,II Región de Antofagasta,-69.73,-21.48,888.0,2011-09-30,6.1280272748648015,220.15965201034564,13.218774982365389,48.013653483992464,,,http://walker.dgf.uchile.cl/Mediciones/datos/csv/a02.csv
a02,a02,II Región de Antofagasta,-69.73,-21.48,888.0,2011-10-31,6.291420250896057,224.94220430107526,14.73046594982079,45.96818283665696,,,http://walker.dgf.uchile.cl/Mediciones/datos/csv/a02.csv
a02,a02,II Región de Antofagasta,-69.73,-21.48,888.0,2011-11-30,7.054305555555556,231.15787037037038,15.06761574074074,56.481712962962966,,,http://walker.dgf.uchile.cl/Mediciones/datos/csv/a02.csv
a02,a02,II Región de Antofagasta,-69.73,-21.48,888.0,2011-12-31,7.131048387096774,234.3326612903226,17.03062275985663,60.138440860215056,,,http://walker.dgf.uchile.cl/Mediciones/datos/csv/a02.csv
a02,a02,II Región de Antofagasta,-69.73,-21.48,888.0,2012-01-31,6.904793906810036,238.2486559139785,18.398275089605733,59.19892473118279,,,http://walker.dgf.uchile.cl/Mediciones/datos/csv/a02.csv
a02,a02,II Región de Antofagasta,-69.73,-21.48,888.0,2012-02-29,6.511637931034483,243.53472222222223,19.59741379310345,60.49329501915709,,,http://walker.dgf.uchile.cl/Mediciones/datos/csv/a02.csv
a02,a02,II Región de Antofagasta,-69.73,-21.48,888.0,2012-03-31,6.510707885304659,231.59610215053763,18.818279569892475,64.87320788530467,,,http://walker.dgf.uchile.cl/Mediciones/datos/csv/a02.csv
a02,a02,II Región de Antofagasta,-69.73,-21.48,888.0,2012-04-30,5.552824074074074,224.26458333333332,17.299074074074074,60.17407407407408,,,http://walker.dgf.uchile.cl/Mediciones/datos/csv/a02.csv
a02,a02,II Región de Antofagasta,-69.73,-21.48,888.0,2012-05-31,4.917741935483871,218.87679211469535,15.097647849462364,52.57661290322581,,,http://walker.dgf.uchile.cl/Mediciones/datos/csv/a02.csv
a02,a02,II Región de Antofagasta,-69.73,-21.48,888.0,2012-06-30,4.5184953703703705,212.6537037037037,14.856689814814816,50.40805928670681,,,http://walker.dgf.uchile.cl/Mediciones/datos/csv/a02.csv
a02,a02,II Región de Antofagasta,-69.73,-21.48,888.0,2012-07-31,4.459610215053764,210.74708781362008,13.041532258064516,45.31989247311828,,,http://walker.dgf.uchile.cl/Mediciones/datos/csv/a02.csv
a02,a02,II Región de Antofagasta,-69.73,-21.48,888.0,2012-08-31,5.673678315412186,219.86626344086022,11.918301971326166,59.65239802779023,,,http://walker.dgf.uchile.cl/Mediciones/datos/csv/a02.csv
a02,a02,II Región de Antofagasta,-69.73,-21.48,888.0,2012-09-30,6.378287037037037,216.81412037037038,13.599074074074075,54.2025462962963,,,http://walker.dgf.uchile.cl/Mediciones/datos/csv/a02.csv
a02,a02,II Región de Antofagasta,-69.73,-21.48,888.0,2012-10-31,6.813799283154122,216.5268817204301,13.620206093189964,58.97222222222222,,,http://walker.dgf.uchile.cl/Mediciones/datos/csv/a02.csv
a02,a02,II Región de Antofagasta,-69.73,-21.48,888.0,2012-11-30,6.841180555555556,229.63657407407408,15.054120370370372,54.36990740740741,,,http://walker.dgf.uchile.cl/Mediciones/datos/csv/a02.csv
a02,a02,II Región de Antofagasta,-69.73,-21.48,888.0,2012-12-31,6.830492135971588,230.3521055301877,17.21681887366819,55.35717909690513,,,http://walker.dgf.uchile.cl/Mediciones/datos/csv/a02.csv
a06,a06,I Región de Tarapacá,-70.03,-21.16,749.6,2009-08-31,4.7202956989247316,204.49081541218638,10.25192652329749,77.30410509031199,,,http://walker.dgf.uchile.cl/Mediciones/datos/csv/a06.csv
a06,a06,I Región de Tarapacá,-70.03,-21.16,749.6,2009-09-30,4.89375,232.4710648148148,9.502129629629628,90.76339932399807,,,http://walker.dgf.uchile.cl/Mediciones/datos/csv/a06.csv
a06,a06,I Región de Tarapacá,-70.03,-21.16,749.6,2009-10-31,5.117898745519713,221.56698028673836,11.246505376344086,83.93760483059376,,,http://walker.dgf.uchile.cl/Mediciones/datos/csv/a06.csv
a06,a06,I Región de Tarapacá,-70.03,-21.16,749.6,2009-11-30,5.117546296296296,228.86435185185186,13.365,88.2193802262666,,,http://walker.dgf.uchile.cl/Mediciones/datos/csv/a06.csv
a06,a06,I Región de Tarapacá,-70.03,-21.16,749.6,2009-12-31,5.080050045495906,224.1869881710646,15.019381255686987,85.69032992036405,928.5173611111111,,http://walker.dgf.uchile.cl/Mediciones/datos/csv/a06.csv
a06,a06,I Región de Tarapacá,-70.03,-21.16,749.6,2010-01-31,5.243974014336917,229.6314964157706,15.888687275985664,83.42876344086021,927.4639336917563,,http://walker.dgf.uchile.cl/Mediciones/datos/csv/a06.csv
a06,a06,I Región de Tarapacá,-70.03,-21.16,749.6,2010-02-28,4.968576388888889,217.39434523809524,17.84873511904762,78.58705357142857,927.2452876984127,,http://walker.dgf.uchile.cl/Mediciones/datos/csv/a06.csv
a06,a06,I Región de Tarapacá,-70.03,-21.16,749.6,2010-03-31,5.023521505376344,216.63485663082437,15.679032258064515,84.10976702508961,927.9150985663082,,http://walker.dgf.uchile.cl/Mediciones/datos/csv/a06.csv
a06,a06,I Región de Tarapacá,-70.03,-21.16,749.6,2010-04-30,4.608124999999999,214.27476851851853,14.909375,86.21868737474949,928.8886574074074,,http://walker.dgf.uchile.cl/Mediciones/datos/csv/a06.csv
a06,a06,I Región de Tarapacá,-70.03,-21.16,749.6,2010-05-31,4.586850358422939,205.18974014336916,12.699775985663083,81.86432523454414,929.4195788530466,,http://walker.dgf.uchile.cl/Mediciones/datos/csv/a06.csv
a06,a06,I Región de Tarapacá,-70.03,-21.16,749.6,2010-06-30,4.224516695957821,204.24128440366974,9.974128440366972,82.22970085470085,930.3383128295255,,http://walker.dgf.uchile.cl/Mediciones/datos/csv/a06.csv
a11,a1.1,I Región de Tarapacá,-69.7,-21.43,797.0,2009-07-31,5.456173913043479,206.12347826086958,13.646869565217392,46.03703703703704,,,http://walker.dgf.uchile.cl/Mediciones/datos/csv/a11.csv
a11,a1.1,I Región de Tarapacá,-69.7,-21.43,797.0,2009-08-31,5.2612679211469535,218.97155017921148,11.500044802867382,52.850148707389614,,,http://walker.dgf.uchile.cl/Mediciones/datos/csv/a11.csv
a11,a1.1,I Región de Tarapacá,-69.7,-21.43,797.0,2009-09-30,6.172129629629629,229.56041666666667,11.390324074074073,66.60154305624688,,,http://walker.dgf.uchile.cl/Mediciones/datos/csv/a11.csv
a11,a1.1,I Región de Tarapacá,-69.7,-21.43,797.0,2009-10-31,6.426433691756272,228.7730734767025,13.640367383512544,57.53844372394627,,,http://walker.dgf.uchile.cl/Mediciones/datos/csv/a11.csv
a11,a1.1,I Región de Tarapacá,-69.7,-21.43,797.0,2009-11-30,6.417569444444445,237.2377314814815,15.012361111111112,68.06751740139211,,,http://walker.dgf.uchile.cl/Mediciones/datos/csv/a11.csv
a11,a1.1,I Región de Tarapacá,-69.7,-21.43,797.0,2009-12-31,6.317669683257918,241.12466063348415,16.307285067873302,68.27779035544488,,,http://walker.dgf.uchile.cl/Mediciones/datos/csv/a11.csv
a11,a1.1,I Región de Tarapacá,-69.7,-21.43,797.0,2010-01-31,6.429614695340502,241.46796594982078,17.299663978494625,68.07437275985663,,,http://walker.dgf.uchile.cl/Mediciones/datos/csv/a11.csv
a11,a1.1,I Región de Tarapacá,-69.7,-21.43,797.0,2010-02-28,6.04422123015873,240.75818452380952,19.20374503968254,68.01537698412699,,,http://walker.dgf.uchile.cl/Mediciones/datos/csv/a11.csv
a11,a1.1,I Región de Tarapacá,-69.7,-21.43,797.0,2010-03-31,6.069959677419354,230.9811827956989,17.109027777777776,69.69310035842294,,,http://walker.dgf.uchile.cl/Mediciones/datos/csv/a11.csv
a11,a1.1,I Región de Tarapacá,-69.7,-21.43,797.0,2010-04-30,5.675740740740741,223.6997685185185,15.512013888888887,72.66044776119404,,,http://walker.dgf.uchile.cl/Mediciones/datos/csv/a11.csv
a11,a1.1,I Región de Tarapacá,-69.7,-21.43,797.0,2010-05-31,5.067764336917563,219.66106630824373,13.92564964157706,58.50249546279492,,,http://walker.dgf.uchile.cl/Mediciones/datos/csv/a11.csv
a11,a1.1,I Región de Tarapacá,-69.7,-21.43,797.0,2010-06-30,5.007227138643068,218.62241887905606,10.626401179941002,64.41753343239228,,,http://walker.dgf.uchile.cl/Mediciones/datos/csv/a11.csv
a31,a3.1,II Región de Antofagasta,-69.94,-21.43,718.9,2009-07-31,3.985813630041725,187.05702364394992,11.129833101529902,64.0625,,,http://walker.dgf.uchile.cl/Mediciones/datos/csv/a31.csv
a31,a3.1,II Región de Antofagasta,-69.94,-21.43,718.9,2009-08-31,4.140479390681003,202.0445788530466,10.387724014336918,72.81456144637185,,,http://walker.dgf.uchile.cl/Mediciones/datos/csv/a31.csv
a31,a3.1,II Región de Antofagasta,-69.94,-21.43,718.9,2009-09-30,4.206458333333334,225.03078703703704,9.94976851851852,86.30805687203791,,,http://walker.dgf.uchile.cl/Mediciones/datos/csv/a31.csv
a31,a3.1,II Región de Antofagasta,-69.94,-21.43,718.9,2009-10-31,4.379323476702509,213.62141577060933,11.58086917562724,79.0427393151712,,,http://walker.dgf.uchile.cl/Mediciones/datos/csv/a31.csv
a31,a3.1,II Región de Antofagasta,-69.94,-21.43,718.9,2009-11-30,4.723842592592592,218.36203703703703,13.754050925925926,81.97421948912014,,,http://walker.dgf.uchile.cl/Mediciones/datos/csv/a31.csv
a31,a3.1,II Región de Antofagasta,-69.94,-21.43,718.9,2009-12-31,4.942407660738715,211.67875056999543,15.396899224806202,79.15389876880985,,,http://walker.dgf.uchile.cl/Mediciones/datos/csv/a31.csv
a31,a3.1,II Región de Antofagasta,-69.94,-21.43,718.9,2010-01-31,5.073230286738352,213.31429211469535,16.223118279569892,79.6090073941295,,,http://walker.dgf.uchile.cl/Mediciones/datos/csv/a31.csv
a31,a3.1,II Región de Antofagasta,-69.94,-21.43,718.9,2010-02-28,4.706423611111111,204.28323412698413,18.140699404761907,77.06403574087862,,,http://walker.dgf.uchile.cl/Mediciones/datos/csv/a31.csv
a31,a3.1,II Región de Antofagasta,-69.94,-21.43,718.9,2010-03-31,4.944982078853047,201.82930107526883,15.973857526881721,80.1594982078853,,,http://walker.dgf.uchile.cl/Mediciones/datos/csv/a31.csv
a31,a3.1,II Región de Antofagasta,-69.94,-21.43,718.9,2010-04-30,4.4393518518518515,206.47662037037037,15.028009259259258,82.1690510252742,,,http://walker.dgf.uchile.cl/Mediciones/datos/csv/a31.csv
a31,a3.1,II Región de Antofagasta,-69.94,-21.43,718.9,2010-05-31,4.148476702508961,193.7488799283154,13.106518817204302,74.01142334932602,,,http://walker.dgf.uchile.cl/Mediciones/datos/csv/a31.csv
a31,a3.1,II Región de Antofagasta,-69.94,-21.43,718.9,2010-06-30,3.6213474025974026,198.25243506493507,10.539772727272727,77.25849212924606,,,http://walker.dgf.uchile.cl/Mediciones/datos/csv/a31.csv
a7,a7,II Región de Antofagasta,-69.78,-21.45,826.0,2009-07-31,5.301986097318769,177.69414101290963,11.840665342601786,39.679545454545455,,,http://walker.dgf.uchile.cl/Mediciones/datos/csv/a7.csv
a7,a7,II Región de Antofagasta,-69.78,-21.45,826.0,2009-08-31,5.6305555555555555,190.76702508960574,10.859431003584229,57.273487456960154,,,http://walker.dgf.uchile.cl/Mediciones/datos/csv/a7.csv
a7,a7,II Región de Antofagasta,-69.78,-21.45,826.0,2009-09-30,6.823009259259259,215.40416666666667,10.55840277777778,73.02081643687482,,,http://walker.dgf.uchile.cl/Mediciones/datos/csv/a7.csv
a7,a7,II Región de Antofagasta,-69.78,-21.45,826.0,2009-10-31,6.659229390681004,206.86111111111111,12.779413082437276,63.68924111431316,,,http://walker.dgf.uchile.cl/Mediciones/datos/csv/a7.csv
a7,a7,II Región de Antofagasta,-69.78,-21.45,826.0,2009-11-30,6.767824074074074,218.0462962962963,14.417291666666666,73.26467847157502,,,http://walker.dgf.uchile.cl/Mediciones/datos/csv/a7.csv
a7,a7,II Región de Antofagasta,-69.78,-21.45,826.0,2009-12-31,6.743397085610201,219.50364298724955,15.828711293260472,72.75891224862889,838.0697674418604,,http://walker.dgf.uchile.cl/Mediciones/datos/csv/a7.csv
a7,a7,II Región de Antofagasta,-69.78,-21.45,826.0,2010-01-31,6.761648745519714,220.84677419354838,16.736783154121863,73.23566308243727,858.9075949367088,,http://walker.dgf.uchile.cl/Mediciones/datos/csv/a7.csv
a7,a7,II Región de Antofagasta,-69.78,-21.45,826.0,2010-02-28,6.268973214285714,222.98933531746033,18.76220238095238,71.78348214285714,850.0949806949807,,http://walker.dgf.uchile.cl/Mediciones/datos/csv/a7.csv
a7,a7,II Región de Antofagasta,-69.78,-21.45,826.0,2010-03-31,6.220990143369176,207.29525089605735,16.55907258064516,74.41084229390681,801.7378839590443,,http://walker.dgf.uchile.cl/Mediciones/datos/csv/a7.csv
a7,a7,II Región de Antofagasta,-69.78,-21.45,826.0,2010-04-30,5.854652777777777,202.81805555555556,15.074074074074074,78.31677883499651,720.9222126188419,,http://walker.dgf.uchile.cl/Mediciones/datos/csv/a7.csv
a7,a7,II Región de Antofagasta,-69.78,-21.45,826.0,2010-05-31,5.2397177419354835,193.15322580645162,13.379950716845878,64.94345170775843,644.2323809523809,,http://walker.dgf.uchile.cl/Mediciones/datos/csv/a7.csv
a7,a7,II Región de Antofagasta,-69.78,-21.45,826.0,2010-06-30,5.503379629629629,191.49467592592592,10.103356481481482,70.47950047125353,615.9223880597015,,http://walker.dgf.uchile.cl/Mediciones/datos/csv/a7.csv
a7,a7,II Región de Antofagasta,-69.78,-21.45,826.0,2010-07-31,5.196482974910394,187.49439964157705,8.327979390681003,64.36052571946522,653.4918032786885,,http://walker.dgf.uchile.cl/Mediciones/datos/csv/a7.csv
a7,a7,II Región de Antofagasta,-69.78,-21.45,826.0,2010-08-31,6.056160394265233,192.95250896057348,9.845026881720429,66.5140462165836,708.9483675018982,,http://walker.dgf.uchile.cl/Mediciones/datos/csv/a7.csv
a7,a7,II Región de Antofagasta,-69.78,-21.45,826.0,2010-09-30,6.246944444444444,206.9085648148148,11.149212962962963,68.57747789669614,794.5324305060584,,http://walker.dgf.uchile.cl/Mediciones/datos/csv/a7.csv
a7,a7,II Región de Antofagasta,-69.78,-21.45,826.0,2010-10-31,6.785304659498207,210.9784946236559,11.355174731182796,73.03338561505714,857.4858934169279,,http://walker.dgf.uchile.cl/Mediciones/datos/csv/a7.csv
a7,a7,II Región de Antofagasta,-69.78,-21.45,826.0,2010-11-30,6.666041666666667,210.31597222222223,13.222337962962962,68.27060185185185,880.1387176325524,,http://walker.dgf.uchile.cl/Mediciones/datos/csv/a7.csv
a7,a7,II Región de Antofagasta,-69.78,-21.45,826.0,2010-12-31,6.613194444444444,216.30577956989248,14.75486111111111,67.70810931899642,839.4363749224084,,http://walker.dgf.uchile.cl/Mediciones/datos/csv/a7.csv
a7,a7,II Región de Antofagasta,-69.78,-21.45,826.0,2011-01-31,6.588127240143369,224.09991039426524,16.98062275985663,66.9209229390681,856.1918936035465,,http://walker.dgf.uchile.cl/Mediciones/datos/csv/a7.csv
a7,a7,II Región de Antofagasta,-69.78,-21.45,826.0,2011-02-28,6.289657738095238,232.74826388888889,18.776934523809526,64.74057539682539,848.9216965742252,,http://walker.dgf.uchile.cl/Mediciones/datos/csv/a7.csv
a7,a7,II Región de Antofagasta,-69.78,-21.45,826.0,2011-03-31,6.0236783154121865,202.3084677419355,16.157011648745517,68.01164874551971,803.646540027137,,http://walker.dgf.uchile.cl/Mediciones/datos/csv/a7.csv
a7,a7,II Región de Antofagasta,-69.78,-21.45,826.0,2011-04-30,5.6112532712997965,203.00901424832801,15.270820005815644,72.53852864204711,705.6085657370518,,http://walker.dgf.uchile.cl/Mediciones/datos/csv/a7.csv
a7,a7,II Región de Antofagasta,-69.78,-21.45,826.0,2011-06-30,5.457088989441931,197.5603318250377,12.853443708609271,42.23800456968774,698.7185840707965,,http://walker.dgf.uchile.cl/Mediciones/datos/csv/a7.csv
a7,a7,II Región de Antofagasta,-69.78,-21.45,826.0,2011-07-31,5.904886831275721,202.6059670781893,,,,,http://walker.dgf.uchile.cl/Mediciones/datos/csv/a7.csv
a7,a7,II Región de Antofagasta,-69.78,-21.45,826.0,2011-08-31,6.0167724388032635,197.01586582048958,,1.5343051017843679,,0.0,http://walker.dgf.uchile.cl/Mediciones/datos/csv/a7.csv
a7,a7,II Región de Antofagasta,-69.78,-21.45,826.0,2011-09-30,6.445023148148148,206.58055555555555,,0.0,,0.0,http://walker.dgf.uchile.cl/Mediciones/datos/csv/a7.csv
a7,a7,II Región de Antofagasta,-69.78,-21.45,826.0,2011-10-31,6.388104838709677,211.02867383512546,,0.0,,0.0,http://walker.dgf.uchile.cl/Mediciones/datos/csv/a7.csv
a7,a7,II Región de Antofagasta,-69.78,-21.45,826.0,2011-11-30,6.86550925925926,226.46828703703704,,0.0,,0.0,http://walker.dgf.uchile.cl/Mediciones/datos/csv/a7.csv
a7,a7,II Región de Antofagasta,-69.78,-21.45,826.0,2011-12-31,6.6987903225806456,225.4195788530466,,0.0,,0.0,http://walker.dgf.uchile.cl/Mediciones/datos/csv/a7.csv
a7,a7,II Región de Antofagasta,-69.78,-21.45,826.0,2012-01-31,6.374417562724014,225.28987455197134,,0.0,,0.0,http://walker.dgf.uchile.cl/Mediciones/datos/csv/a7.csv
a7,a7,II Región de Antofagasta,-69.78,-21.45,826.0,2012-02-29,6.1665469348659006,238.87523946360153,,0.0,,0.0,http://walker.dgf.uchile.cl/Mediciones/datos/csv/a7.csv
a7,a7,II Región de Antofagasta,-69.78,-21.45,826.0,2012-03-31,6.115882616487455,217.23297491039426,,0.0,,0.0,http://walker.dgf.uchile.cl/Mediciones/datos/csv/a7.csv
a7,a7,II Región de Antofagasta,-69.78,-21.45,826.0,2012-04-30,5.396898148148148,199.89652777777778,,0.0,,0.0,http://walker.dgf.uchile.cl/Mediciones/datos/csv/a7.csv
a7,a7,II Región de Antofagasta,-69.78,-21.45,826.0,2012-05-31,5.230107526881721,189.1836917562724,,0.0,,0.0,http://walker.dgf.uchile.cl/Mediciones/datos/csv/a7.csv
a7,a7,II Región de Antofagasta,-69.78,-21.45,826.0,2012-06-30,5.222384259259259,194.15625,,0.0,,0.0,http://walker.dgf.uchile.cl/Mediciones/datos/csv/a7.csv
a7,a7,II Región de Antofagasta,-69.78,-21.45,826.0,2012-07-31,5.391756272401434,195.28673835125448,,0.0,,0.0,http://walker.dgf.uchile.cl/Mediciones/datos/csv/a7.csv
a7,a7,II Región de Antofagasta,-69.78,-21.45,826.0,2012-08-31,6.256137992831541,212.90210573476702,,0.0,,0.0,http://walker.dgf.uchile.cl/Mediciones/datos/csv/a7.csv
a7,a7,II Región de Antofagasta,-69.78,-21.45,826.0,2012-09-30,6.717962962962963,211.1027777777778,,0.0,,0.0,http://walker.dgf.uchile.cl/Mediciones/datos/csv/a7.csv
a7,a7,II Región de Antofagasta,-69.78,-21.45,826.0,2012-10-31,7.060775089605735,220.9336917562724,,0.0,,0.0,http://walker.dgf.uchile.cl/Mediciones/datos/csv/a7.csv
a7,a7,II Región de Antofagasta,-69.78,-21.45,826.0,2012-11-30,6.770949074074074,218.07314814814814,,0.0,,0.0,http://walker.dgf.uchile.cl/Mediciones/datos/csv/a7.csv
a7,a7,II Región de Antofagasta,-69.78,-21.45,826.0,2012-12-31,6.533657289002557,222.11713554987213,,0.0,,0.0,http://walker.dgf.uchile.cl/Mediciones/datos/csv/a7.csv
almirante_latorre,Almirante Latorre,Región de Coquimbo,-70.96,-29.63,978.0,2003-12-31,4.202037809968083,170.9820770930518,,,,,http://walker.dgf.uchile.cl/Mediciones/datos/csv/almirante_latorre.csv
almirante_latorre,Almirante Latorre,Región de Coquimbo,-70.96,-29.63,978.0,2004-01-31,4.249395161290322,170.2016129032258,,,,,http://walker.dgf.uchile.cl/Mediciones/datos/csv/almirante_latorre.csv
almirante_latorre,Almirante Latorre,Región de Coquimbo,-70.96,-29.63,978.0,2004-02-29,3.952538314176245,169.775622605364,,,,,http://walker.dgf.uchile.cl/Mediciones/datos/csv/almirante_latorre.csv
almirante_latorre,Almirante Latorre,Región de Coquimbo,-70.96,-29.63,978.0,2004-03-31,4.000896057347671,146.56608422939067,,,,,http://walker.dgf.uchile.cl/Mediciones/datos/csv/almirante_latorre.csv
almirante_latorre,Almirante Latorre,Región de Coquimbo,-70.96,-29.63,978.0,2004-04-30,3.593888888888889,144.46875,,,,,http://walker.dgf.uchile.cl/Mediciones/datos/csv/almirante_latorre.csv
almirante_latorre,Almirante Latorre,Región de Coquimbo,-70.96,-29.63,978.0,2004-05-31,3.6345878136200716,121.29256272401433,,,,,http://walker.dgf.uchile.cl/Mediciones/datos/csv/almirante_latorre.csv
almirante_latorre,Almirante Latorre,Región de Coquimbo,-70.96,-29.63,978.0,2004-06-30,3.4312037037037038,117.21967592592593,,,,,http://walker.dgf.uchile.cl/Mediciones/datos/csv/almirante_latorre.csv
almirante_latorre,Almirante Latorre,Región de Coquimbo,-70.96,-29.63,978.0,2004-07-31,3.6386200716845876,118.7806899641577,,,,,http://walker.dgf.uchile.cl/Mediciones/datos/csv/almirante_latorre.csv
almirante_latorre,Almirante Latorre,Región de Coquimbo,-70.96,-29.63,978.0,2004-08-31,3.5890232974910394,148.45855734767025,,,,,http://walker.dgf.uchile.cl/Mediciones/datos/csv/almirante_latorre.csv
almirante_latorre,Almirante Latorre,Región de Coquimbo,-70.96,-29.63,978.0,2004-09-30,3.7333101851851853,145.15347222222223,,,,,http://walker.dgf.uchile.cl/Mediciones/datos/csv/almirante_latorre.csv
almirante_latorre,Almirante Latorre,Región de Coquimbo,-70.96,-29.63,978.0,2004-10-31,3.920654121863799,153.83064516129033,,,,,http://walker.dgf.uchile.cl/Mediciones/datos/csv/almirante_latorre.csv
almirante_latorre,Almirante Latorre,Región de Coquimbo,-70.96,-29.63,978.0,2004-11-30,4.064120370370371,168.9013888888889,,,,,http://walker.dgf.uchile.cl/Mediciones/datos/csv/almirante_latorre.csv
almirante_latorre,Almirante Latorre,Región de Coquimbo,-70.96,-29.63,978.0,2004-12-31,4.252822580645161,166.5535394265233,,,,,http://walker.dgf.uchile.cl/Mediciones/datos/csv/almirante_latorre.csv
almirante_latorre,Almirante Latorre,Región de Coquimbo,-70.96,-29.63,978.0,2005-01-31,4.097043010752689,173.2883064516129,,,,,http://walker.dgf.uchile.cl/Mediciones/datos/csv/almirante_latorre.csv
almirante_latorre,Almirante Latorre,Región de Coquimbo,-70.96,-29.63,978.0,2005-02-28,3.9555059523809524,169.2981150793651,,,,,http://walker.dgf.uchile.cl/Mediciones/datos/csv/almirante_latorre.csv
almirante_latorre,Almirante Latorre,Región de Coquimbo,-70.96,-29.63,978.0,2005-03-31,3.8244175627240145,156.34655017921148,,,,,http://walker.dgf.uchile.cl/Mediciones/datos/csv/almirante_latorre.csv
almirante_latorre,Almirante Latorre,Región de Coquimbo,-70.96,-29.63,978.0,2005-04-30,3.711689814814815,125.86342592592592,,,,,http://walker.dgf.uchile.cl/Mediciones/datos/csv/almirante_latorre.csv
almirante_latorre,Almirante Latorre,Región de Coquimbo,-70.96,-29.63,978.0,2005-05-31,3.114040234702431,125.62531433361274,,,,,http://walker.dgf.uchile.cl/Mediciones/datos/csv/almirante_latorre.csv
b04,b04,II Región de Antofagasta,-68.59,-22.06,3039.0,2009-07-31,8.554816308243726,181.1451612903226,8.202419354838709,12.617159498207885,,,http://walker.dgf.uchile.cl/Mediciones/datos/csv/b04.csv
b04,b04,II Región de Antofagasta,-68.59,-22.06,3039.0,2009-08-31,8.090143369175628,170.20250896057348,9.28774641577061,7.050403225806452,,,http://walker.dgf.uchile.cl/Mediciones/datos/csv/b04.csv
b04,b04,II Región de Antofagasta,-68.59,-22.06,3039.0,2009-09-30,7.877800925925926,207.7138888888889,10.94622685185185,12.082175925925926,,,http://walker.dgf.uchile.cl/Mediciones/datos/csv/b04.csv
b04,b04,II Región de Antofagasta,-68.59,-22.06,3039.0,2009-10-31,7.084655017921147,166.78427419354838,12.387925627240143,11.946012544802867,,,http://walker.dgf.uchile.cl/Mediciones/datos/csv/b04.csv
b04,b04,II Región de Antofagasta,-68.59,-22.06,3039.0,2009-11-30,6.694027777777778,151.05439814814815,13.388124999999999,23.399768518518517,,,http://walker.dgf.uchile.cl/Mediciones/datos/csv/b04.csv
b04,b04,II Región de Antofagasta,-68.59,-22.06,3039.0,2009-12-31,6.6764786480931715,151.75725051381593,13.156097282484586,29.25462434345741,,,http://walker.dgf.uchile.cl/Mediciones/datos/csv/b04.csv
b04,b04,II Región de Antofagasta,-68.59,-22.06,3039.0,2010-01-31,6.447535842293907,152.24014336917563,13.805801971326165,33.096326164874554,,,http://walker.dgf.uchile.cl/Mediciones/datos/csv/b04.csv
b04,b04,II Región de Antofagasta,-68.59,-22.06,3039.0,2010-02-28,6.268824404761905,156.13616071428572,14.85500992063492,44.536210317460316,,,http://walker.dgf.uchile.cl/Mediciones/datos/csv/b04.csv
b04,b04,II Región de Antofagasta,-68.59,-22.06,3039.0,2010-03-31,6.959296594982079,142.20250896057348,14.228875448028672,29.427867383512545,,,http://walker.dgf.uchile.cl/Mediciones/datos/csv/b04.csv
b04,b04,II Región de Antofagasta,-68.59,-22.06,3039.0,2010-04-30,7.037430555555556,161.0048611111111,12.656944444444445,26.775925925925925,,,http://walker.dgf.uchile.cl/Mediciones/datos/csv/b04.csv
b04,b04,II Región de Antofagasta,-68.59,-22.06,3039.0,2010-05-31,8.460259856630824,175.68257168458783,9.78763440860215,19.499327956989248,,,http://walker.dgf.uchile.cl/Mediciones/datos/csv/b04.csv
b04,b04,II Región de Antofagasta,-68.59,-22.06,3039.0,2010-06-30,7.089856557377049,152.40983606557376,9.121465163934426,13.932889344262295,,,http://walker.dgf.uchile.cl/Mediciones/datos/csv/b04.csv
b08,b08,II Región de Antofagasta,-69.08,-22.54,2149.0,2013-01-31,6.033738601823709,189.006947459835,19.10471124620061,25.643942683456363,800.2492401215806,0.0,http://walker.dgf.uchile.cl/Mediciones/datos/csv/b08.csv
b08,b08,II Región de Antofagasta,-69.08,-22.54,2149.0,2013-02-28,5.708878968253968,198.45560515873015,18.193204365079364,41.65897817460318,800.0270337301587,0.0,http://walker.dgf.uchile.cl/Mediciones/datos/csv/b08.csv
b08,b08,II Región de Antofagasta,-69.08,-22.54,2149.0,2013-03-31,6.504278673835125,176.82101254480287,18.038732078853045,26.578405017921146,800.0961021505376,0.0,http://walker.dgf.uchile.cl/Mediciones/datos/csv/b08.csv
b08,b08,II Región de Antofagasta,-69.08,-22.54,2149.0,2013-04-30,7.310023148148148,161.23518518518517,16.946296296296296,16.056944444444444,800.0956018518518,0.0,http://walker.dgf.uchile.cl/Mediciones/datos/csv/b08.csv
b08,b08,II Región de Antofagasta,-69.08,-22.54,2149.0,2013-05-31,7.041621863799283,156.4094982078853,15.157482078853047,20.967517921146953,800.31541218638,0.0,http://walker.dgf.uchile.cl/Mediciones/datos/csv/b08.csv
b08,b08,II Región de Antofagasta,-69.08,-22.54,2149.0,2013-06-30,6.964513888888889,160.6747685185185,15.14125,18.895833333333332,800.2,0.0,http://walker.dgf.uchile.cl/Mediciones/datos/csv/b08.csv
b08,b08,II Región de Antofagasta,-69.08,-22.54,2149.0,2013-07-31,7.454569892473118,158.42719534050178,15.636559139784948,14.108646953405017,800.1133512544803,0.0,http://walker.dgf.uchile.cl/Mediciones/datos/csv/b08.csv
b08,b08,II Región de Antofagasta,-69.08,-22.54,2149.0,2013-08-31,7.75445788530466,161.58243727598565,15.179032258064515,11.691756272401435,800.1214157706094,0.0,http://walker.dgf.uchile.cl/Mediciones/datos/csv/b08.csv
b08,b08,II Región de Antofagasta,-69.08,-22.54,2149.0,2013-09-30,7.306851851851851,170.73888888888888,16.322337962962962,13.384953703703705,800.0953703703703,0.0,http://walker.dgf.uchile.cl/Mediciones/datos/csv/b08.csv
b08,b08,II Región de Antofagasta,-69.08,-22.54,2149.0,2013-10-31,7.231339605734767,174.03181003584228,17.180936379928315,11.774193548387096,800.0257616487455,0.0,http://walker.dgf.uchile.cl/Mediciones/datos/csv/b08.csv
b08,b08,II Región de Antofagasta,-69.08,-22.54,2149.0,2013-11-30,6.567916666666667,183.94282407407408,17.215671296296296,17.04652777777778,800.018287037037,0.0,http://walker.dgf.uchile.cl/Mediciones/datos/csv/b08.csv
b08,b08,II Región de Antofagasta,-69.08,-22.54,2149.0,2013-12-31,6.283512544802867,191.49932795698925,18.42681451612903,25.056451612903224,800.0125448028674,0.0,http://walker.dgf.uchile.cl/Mediciones/datos/csv/b08.csv
b08,b08,II Región de Antofagasta,-69.08,-22.54,2149.0,2014-01-31,5.353606630824372,208.09587813620072,17.930622759856632,44.30555555555556,800.0165770609319,0.0,http://walker.dgf.uchile.cl/Mediciones/datos/csv/b08.csv
b08,b08,II Región de Antofagasta,-69.08,-22.54,2149.0,2014-02-28,6.058060515873016,187.5171130952381,17.89635416666667,27.550099206349206,800.0,0.0,http://walker.dgf.uchile.cl/Mediciones/datos/csv/b08.csv
b08,b08,II Región de Antofagasta,-69.08,-22.54,2149.0,2014-03-31,6.242361111111111,181.35999103942652,17.205017921146954,37.562724014336915,800.051523297491,0.0,http://walker.dgf.uchile.cl/Mediciones/datos/csv/b08.csv
b08,b08,II Región de Antofagasta,-69.08,-22.54,2149.0,2014-04-30,6.927384259259259,164.25578703703704,17.43148148148148,21.072916666666668,800.0254629629629,0.0,http://walker.dgf.uchile.cl/Mediciones/datos/csv/b08.csv
b08,b08,II Región de Antofagasta,-69.08,-22.54,2149.0,2014-05-31,7.479278673835125,161.30824372759858,14.466801075268817,20.650985663082437,800.0965501792115,0.0,http://walker.dgf.uchile.cl/Mediciones/datos/csv/b08.csv
b08,b08,II Región de Antofagasta,-69.08,-22.54,2149.0,2014-06-30,7.650185185185186,156.65277777777777,14.052314814814816,11.638194444444444,800.0060185185185,0.0,http://walker.dgf.uchile.cl/Mediciones/datos/csv/b08.csv
b08,b08,II Región de Antofagasta,-69.08,-22.54,2149.0,2014-07-31,7.769354838709678,154.4758064516129,14.656608422939067,9.127912186379929,800.0806451612904,0.0,http://walker.dgf.uchile.cl/Mediciones/datos/csv/b08.csv
b08,b08,II Región de Antofagasta,-69.08,-22.54,2149.0,2014-08-31,7.473319892473119,154.55062724014337,16.245609318996415,12.34744623655914,800.1482974910394,0.0,http://walker.dgf.uchile.cl/Mediciones/datos/csv/b08.csv
b08,b08,II Región de Antofagasta,-69.08,-22.54,2149.0,2014-09-30,7.307083333333333,168.53425925925927,16.24398148148148,14.56712962962963,800.0969907407407,0.0,http://walker.dgf.uchile.cl/Mediciones/datos/csv/b08.csv
b08,b08,II Región de Antofagasta,-69.08,-22.54,2149.0,2014-10-31,6.717786738351255,172.39762544802866,18.46991487455197,13.167114695340501,800.0170250896057,0.0,http://walker.dgf.uchile.cl/Mediciones/datos/csv/b08.csv
b08,b08,II Región de Antofagasta,-69.08,-22.54,2149.0,2014-11-30,6.748657407407408,181.08171296296297,17.747916666666665,15.947453703703705,800.0222222222222,0.0,http://walker.dgf.uchile.cl/Mediciones/datos/csv/b08.csv
b08,b08,II Región de Antofagasta,-69.08,-22.54,2149.0,2014-12-31,6.331698028673835,189.36693548387098,18.305398745519714,17.920250896057347,800.013440860215,0.0,http://walker.dgf.uchile.cl/Mediciones/datos/csv/b08.csv
b08,b08,II Región de Antofagasta,-69.08,-22.54,2149.0,2015-01-31,6.283624551971326,186.7054211469534,19.1771729390681,20.8125,800.0089605734767,0.0,http://walker.dgf.uchile.cl/Mediciones/datos/csv/b08.csv
b08,b08,II Región de Antofagasta,-69.08,-22.54,2149.0,2015-02-28,5.284945436507937,204.83060515873015,18.051016865079365,46.27777777777778,800.0275297619048,0.0,http://walker.dgf.uchile.cl/Mediciones/datos/csv/b08.csv
b08,b08,II Región de Antofagasta,-69.08,-22.54,2149.0,2015-03-31,5.1722222222222225,200.16218637992833,17.755824372759857,51.45448415374241,800.1236559139785,0.0,http://walker.dgf.uchile.cl/Mediciones/datos/csv/b08.csv
b08,b08,II Región de Antofagasta,-69.08,-22.54,2149.0,2015-04-30,6.301543209876543,171.7608024691358,17.713348765432098,26.41898148148148,800.0,0.0,http://walker.dgf.uchile.cl/Mediciones/datos/csv/b08.csv
b41,b4.1,II Región de Antofagasta,-68.64,-22.15,2847.9,2009-06-30,7.261895551257253,128.0909090909091,7.899903288201161,7.779497098646035,,,http://walker.dgf.uchile.cl/Mediciones/datos/csv/b41.csv
b41,b4.1,II Región de Antofagasta,-68.64,-22.15,2847.9,2009-07-31,8.237768817204302,163.30779569892474,9.369601254480287,11.966173835125447,,,http://walker.dgf.uchile.cl/Mediciones/datos/csv/b41.csv
b41,b4.1,II Región de Antofagasta,-68.64,-22.15,2847.9,2009-08-31,8.686559139784947,119.63082437275986,10.334543010752688,7.599014336917563,,,http://walker.dgf.uchile.cl/Mediciones/datos/csv/b41.csv
b41,b4.1,II Región de Antofagasta,-68.64,-22.15,2847.9,2009-09-30,7.466967592592592,161.82268518518518,12.227847222222223,11.68287037037037,,,http://walker.dgf.uchile.cl/Mediciones/datos/csv/b41.csv
b41,b4.1,II Región de Antofagasta,-68.64,-22.15,2847.9,2009-10-31,7.339807347670251,148.0548835125448,13.490232974910395,12.467069892473118,,,http://walker.dgf.uchile.cl/Mediciones/datos/csv/b41.csv
b41,b4.1,II Región de Antofagasta,-68.64,-22.15,2847.9,2009-11-30,6.584212962962963,146.18032407407406,14.634490740740741,22.803472222222222,,,http://walker.dgf.uchile.cl/Mediciones/datos/csv/b41.csv
b41,b4.1,II Región de Antofagasta,-68.64,-22.15,2847.9,2009-12-31,6.422288058340929,150.87693710118506,14.474977210574293,27.846171376481312,724.5884773662551,375.09645061728395,http://walker.dgf.uchile.cl/Mediciones/datos/csv/b41.csv
b41,b4.1,II Región de Antofagasta,-68.64,-22.15,2847.9,2010-01-31,6.217383512544803,157.87298387096774,15.058826164874553,31.294802867383513,724.2591845878136,371.04547491039426,http://walker.dgf.uchile.cl/Mediciones/datos/csv/b41.csv
b41,b4.1,II Región de Antofagasta,-68.64,-22.15,2847.9,2010-02-28,6.074454365079365,161.3015873015873,16.05406746031746,43.066964285714285,724.4451884920635,341.5674603174603,http://walker.dgf.uchile.cl/Mediciones/datos/csv/b41.csv
b41,b4.1,II Región de Antofagasta,-68.64,-22.15,2847.9,2010-03-31,6.870519713261649,137.27531362007167,15.277240143369177,29.77844982078853,725.1545698924731,341.76321684587816,http://walker.dgf.uchile.cl/Mediciones/datos/csv/b41.csv
b41,b4.1,II Región de Antofagasta,-68.64,-22.15,2847.9,2010-04-30,6.9974537037037035,139.96574074074073,13.768101851851851,26.647685185185185,725.7300925925925,266.8266203703704,http://walker.dgf.uchile.cl/Mediciones/datos/csv/b41.csv
b41,b4.1,II Región de Antofagasta,-68.64,-22.15,2847.9,2010-05-31,8.025425627240143,144.15456989247312,10.791823476702508,21.145450470640967,725.366711469534,223.22401433691758,http://walker.dgf.uchile.cl/Mediciones/datos/csv/b41.csv
b41,b4.1,II Región de Antofagasta,-68.64,-22.15,2847.9,2010-06-30,7.28087962962963,139.3837962962963,10.473749999999999,14.458564814814816,726.3217592592592,202.24837962962962,http://walker.dgf.uchile.cl/Mediciones/datos/csv/b41.csv
b41,b4.1,II Región de Antofagasta,-68.64,-22.15,2847.9,2010-07-31,9.710371863799283,149.68660394265234,8.882190860215053,7.224686379928316,724.7974910394265,230.26120071684588,http://walker.dgf.uchile.cl/Mediciones/datos/csv/b41.csv
b41,b4.1,II Región de Antofagasta,-68.64,-22.15,2847.9,2010-08-31,8.605376344086022,127.94534050179212,11.334453405017921,9.238575268817204,725.6610663082437,266.97379032258067,http://walker.dgf.uchile.cl/Mediciones/datos/csv/b41.csv
b41,b4.1,II Región de Antofagasta,-68.64,-22.15,2847.9,2010-09-30,8.065625,154.14699074074073,11.948912037037038,11.50763888888889,725.0918981481482,328.29791666666665,http://walker.dgf.uchile.cl/Mediciones/datos/csv/b41.csv
b41,b4.1,II Región de Antofagasta,-68.64,-22.15,2847.9,2010-10-31,7.6197580645161285,155.12925627240142,11.887298387096774,13.044802867383513,724.888664874552,363.8929211469534,http://walker.dgf.uchile.cl/Mediciones/datos/csv/b41.csv
b41,b4.1,II Región de Antofagasta,-68.64,-22.15,2847.9,2010-11-30,7.11724537037037,152.4511574074074,12.047384259259259,16.851157407407406,724.5224537037037,399.3712962962963,http://walker.dgf.uchile.cl/Mediciones/datos/csv/b41.csv
b41,b4.1,II Región de Antofagasta,-68.64,-22.15,2847.9,2010-12-31,6.416129032258064,149.37029569892474,12.89171146953405,28.851030465949822,724.0230734767025,389.89090501792117,http://walker.dgf.uchile.cl/Mediciones/datos/csv/b41.csv
b41,b4.1,II Región de Antofagasta,-68.64,-22.15,2847.9,2011-01-31,5.822289426523298,153.7921146953405,13.716778673835124,37.366263440860216,723.9227150537635,367.1695788530466,http://walker.dgf.uchile.cl/Mediciones/datos/csv/b41.csv
b41,b4.1,II Región de Antofagasta,-68.64,-22.15,2847.9,2011-02-28,4.86907242063492,176.1078869047619,13.390897817460317,55.14267834793492,724.5652281746031,301.46750992063494,http://walker.dgf.uchile.cl/Mediciones/datos/csv/b41.csv
b41,b4.1,II Región de Antofagasta,-68.64,-22.15,2847.9,2011-03-31,6.252710573476702,143.1888440860215,12.81964605734767,31.844534050179213,724.8306451612904,341.1590501792115,http://walker.dgf.uchile.cl/Mediciones/datos/csv/b41.csv
b41,b4.1,II Región de Antofagasta,-68.64,-22.15,2847.9,2011-04-30,6.921643518518518,126.8212962962963,12.069560185185185,32.731944444444444,725.2513888888889,286.8611111111111,http://walker.dgf.uchile.cl/Mediciones/datos/csv/b41.csv
b41,b4.1,II Región de Antofagasta,-68.64,-22.15,2847.9,2011-05-31,7.6671818996415775,111.17383512544802,11.480197132616487,18.119175627240143,725.8687275985664,224.1048387096774,http://walker.dgf.uchile.cl/Mediciones/datos/csv/b41.csv
b41,b4.1,II Región de Antofagasta,-68.64,-22.15,2847.9,2011-06-30,7.589050925925926,142.89837962962963,10.49773148148148,21.147916666666667,725.2106481481482,193.88032407407408,http://walker.dgf.uchile.cl/Mediciones/datos/csv/b41.csv
b41,b4.1,II Región de Antofagasta,-68.64,-22.15,2847.9,2011-07-31,9.17257479601088,138.9125113327289,9.66965095194923,23.205802357207617,724.4782411604715,213.93902991840434,http://walker.dgf.uchile.cl/Mediciones/datos/csv/b41.csv
b41,b4.1,II Región de Antofagasta,-68.64,-22.15,2847.9,2011-08-31,8.198543906810036,143.51366487455198,10.818324372759857,13.162186379928315,725.1538978494624,266.88933691756273,http://walker.dgf.uchile.cl/Mediciones/datos/csv/b41.csv
b41,b4.1,II Región de Antofagasta,-68.64,-22.15,2847.9,2011-09-30,7.822794636556104,129.646671371442,12.24663608562691,11.088214537755823,725.7360621030346,331.72618207480593,http://walker.dgf.uchile.cl/Mediciones/datos/csv/b41.csv
b41,b4.1,II Región de Antofagasta,-68.64,-22.15,2847.9,2011-10-31,7.612298387096775,157.5192652329749,11.708646953405019,13.956317204301076,724.4717741935484,378.46482974910396,http://walker.dgf.uchile.cl/Mediciones/datos/csv/b41.csv
b41,b4.1,II Región de Antofagasta,-68.64,-22.15,2847.9,2011-11-30,7.1625,142.34444444444443,13.506203703703704,20.363425925925927,724.5682870370371,405.087962962963,http://walker.dgf.uchile.cl/Mediciones/datos/csv/b41.csv
b41,b4.1,II Región de Antofagasta,-68.64,-22.15,2847.9,2011-12-31,6.528360215053763,153.58064516129033,13.866487455197133,33.11671146953405,724.2822580645161,375.9778225806452,http://walker.dgf.uchile.cl/Mediciones/datos/csv/b41.csv
b41,b4.1,II Región de Antofagasta,-68.64,-22.15,2847.9,2012-01-31,5.707101254480286,171.60125448028674,14.171774193548387,44.64045698924731,724.6229838709677,373.59251792114696,http://walker.dgf.uchile.cl/Mediciones/datos/csv/b41.csv
b41,b4.1,II Región de Antofagasta,-68.64,-22.15,2847.9,2012-02-29,4.8984195402298845,176.22222222222223,13.755723180076629,56.33472290338401,724.1949233716475,304.30627394636014,http://walker.dgf.uchile.cl/Mediciones/datos/csv/b41.csv
b41,b4.1,II Región de Antofagasta,-68.64,-22.15,2847.9,2012-03-31,6.0982974910394265,154.7280465949821,15.107728494623654,43.732078853046595,724.5553315412186,329.9260752688172,http://walker.dgf.uchile.cl/Mediciones/datos/csv/b41.csv
b41,b4.1,II Región de Antofagasta,-68.64,-22.15,2847.9,2012-04-30,6.890879629629629,139.1027777777778,12.639097222222222,35.78495370370371,725.0101851851852,269.99282407407406,http://walker.dgf.uchile.cl/Mediciones/datos/csv/b41.csv
b41,b4.1,II Región de Antofagasta,-68.64,-22.15,2847.9,2012-05-31,7.90981182795699,112.96863799283155,11.313821684587815,19.25442725846223,725.5069444444445,238.06832437275986,http://walker.dgf.uchile.cl/Mediciones/datos/csv/b41.csv
b41,b4.1,II Región de Antofagasta,-68.64,-22.15,2847.9,2012-06-30,7.940810185185186,110.5099537037037,9.52613425925926,18.849074074074075,725.8138888888889,209.40462962962962,http://walker.dgf.uchile.cl/Mediciones/datos/csv/b41.csv
b41,b4.1,II Región de Antofagasta,-68.64,-22.15,2847.9,2012-07-31,8.278203405017921,123.30824372759857,10.024574372759856,12.450492831541219,724.9659498207885,219.97670250896059,http://walker.dgf.uchile.cl/Mediciones/datos/csv/b41.csv
b41,b4.1,II Región de Antofagasta,-68.64,-22.15,2847.9,2012-08-31,8.119198028673836,140.71214157706092,11.404681899641577,12.039874551971327,725.4666218637993,268.31406810035844,http://walker.dgf.uchile.cl/Mediciones/datos/csv/b41.csv
b41,b4.1,II Región de Antofagasta,-68.64,-22.15,2847.9,2012-09-30,7.3475925925925925,134.3775462962963,13.01789351851852,12.784027777777778,725.7231481481482,322.93796296296296,http://walker.dgf.uchile.cl/Mediciones/datos/csv/b41.csv
b41,b4.1,II Región de Antofagasta,-68.64,-22.15,2847.9,2012-10-31,7.1900313620071685,145.70340501792114,13.118033154121864,12.552195340501791,724.8767921146954,372.361335125448,http://walker.dgf.uchile.cl/Mediciones/datos/csv/b41.csv
b41,b4.1,II Región de Antofagasta,-68.64,-22.15,2847.9,2012-11-30,7.139097222222222,139.95393518518517,13.755949074074074,15.05625,724.8509259259259,396.3474537037037,http://walker.dgf.uchile.cl/Mediciones/datos/csv/b41.csv
b41,b4.1,II Región de Antofagasta,-68.64,-22.15,2847.9,2012-12-31,6.0287186379928315,156.97535842293908,14.164941756272402,29.88888888888889,724.1668906810036,382.7513440860215,http://walker.dgf.uchile.cl/Mediciones/datos/csv/b41.csv
b41,b4.1,II Región de Antofagasta,-68.64,-22.15,2847.9,2013-01-31,6.374551971326165,154.09296594982078,15.272580645161291,26.798163082437277,724.8313172043011,354.8570788530466,http://walker.dgf.uchile.cl/Mediciones/datos/csv/b41.csv
b41,b4.1,II Región de Antofagasta,-68.64,-22.15,2847.9,2013-02-28,5.794667658730158,158.27405753968253,14.927232142857143,47.12568442010951,724.5121527777778,355.0577876984127,http://walker.dgf.uchile.cl/Mediciones/datos/csv/b41.csv
b41,b4.1,II Región de Antofagasta,-68.64,-22.15,2847.9,2013-03-31,6.584072580645161,142.99126344086022,13.693974014336918,31.85304659498208,725.1962365591398,337.89829749103944,http://walker.dgf.uchile.cl/Mediciones/datos/csv/b41.csv
b41,b4.1,II Región de Antofagasta,-68.64,-22.15,2847.9,2013-04-30,7.805347222222222,122.64722222222223,12.770092592592594,16.742361111111112,725.5951388888889,290.2539351851852,http://walker.dgf.uchile.cl/Mediciones/datos/csv/b41.csv
b41,b4.1,II Región de Antofagasta,-68.64,-22.15,2847.9,2013-05-31,7.088799283154122,130.90008960573476,11.02959229390681,23.134632616487455,726.02979390681,216.9706541218638,http://walker.dgf.uchile.cl/Mediciones/datos/csv/b41.csv
b41,b4.1,II Región de Antofagasta,-68.64,-22.15,2847.9,2013-06-30,8.627430555555556,145.49675925925925,10.42849537037037,23.47337962962963,725.3263888888889,198.08402777777778,http://walker.dgf.uchile.cl/Mediciones/datos/csv/b41.csv
b41,b4.1,II Región de Antofagasta,-68.64,-22.15,2847.9,2013-07-31,7.954077060931899,125.94578853046595,10.488485663082438,19.657034050179213,725.6715949820789,216.79749103942652,http://walker.dgf.uchile.cl/Mediciones/datos/csv/b41.csv
b41,b4.1,II Región de Antofagasta,-68.64,-22.15,2847.9,2013-08-31,8.324932795698924,127.93637992831542,10.334251792114696,12.493279569892474,725.2025089605735,264.67674731182797,http://walker.dgf.uchile.cl/Mediciones/datos/csv/b41.csv
b41,b4.1,II Región de Antofagasta,-68.64,-22.15,2847.9,2013-09-30,7.724027777777779,167.1784722222222,12.164444444444445,15.633101851851851,725.0645833333333,328.3884259259259,http://walker.dgf.uchile.cl/Mediciones/datos/csv/b41.csv
b41,b4.1,II Región de Antofagasta,-68.64,-22.15,2847.9,2013-10-31,7.251075268817204,150.19489247311827,12.734475806451613,14.361783154121865,724.885752688172,375.09005376344084,http://walker.dgf.uchile.cl/Mediciones/datos/csv/b41.csv
b41,b4.1,II Región de Antofagasta,-68.64,-22.15,2847.9,2013-11-30,7.068101851851852,144.30787037037038,13.378449074074075,18.859953703703702,724.1435185185185,409.2708333333333,http://walker.dgf.uchile.cl/Mediciones/datos/csv/b41.csv
b41,b4.1,II Región de Antofagasta,-68.64,-22.15,2847.9,2013-12-31,6.360483870967742,159.89628136200716,14.704278673835125,30.753584229390682,724.3920250896057,395.6807795698925,http://walker.dgf.uchile.cl/Mediciones/datos/csv/b41.csv
b41,b4.1,II Región de Antofagasta,-68.64,-22.15,2847.9,2014-01-31,5.603203405017921,166.03897849462365,14.596236559139784,50.21812457836744,724.3301971326165,362.4453405017921,http://walker.dgf.uchile.cl/Mediciones/datos/csv/b41.csv
b41,b4.1,II Región de Antofagasta,-68.64,-22.15,2847.9,2014-02-28,6.485664682539682,147.72767857142858,14.077752976190476,31.697420634920636,724.2872023809524,386.3206845238095,http://walker.dgf.uchile.cl/Mediciones/datos/csv/b41.csv
b41,b4.1,II Región de Antofagasta,-68.64,-22.15,2847.9,2014-03-31,6.5728270609319,141.39336917562724,12.858848566308245,41.181675627240146,724.9379480286739,340.20340501792117,http://walker.dgf.uchile.cl/Mediciones/datos/csv/b41.csv
b41,b4.1,II Región de Antofagasta,-68.64,-22.15,2847.9,2014-04-30,7.263217592592592,119.03819444444444,12.914189814814815,23.98865740740741,725.3962962962963,274.67569444444445,http://walker.dgf.uchile.cl/Mediciones/datos/csv/b41.csv
b41,b4.1,II Región de Antofagasta,-68.64,-22.15,2847.9,2014-05-31,8.642853942652328,136.49036738351253,10.2709229390681,18.453629032258064,725.2358870967741,237.94534050179212,http://walker.dgf.uchile.cl/Mediciones/datos/csv/b41.csv
b41,b4.1,II Región de Antofagasta,-68.64,-22.15,2847.9,2014-06-30,8.693819444444445,141.22962962962964,10.784166666666666,11.019907407407407,724.9168981481481,211.51111111111112,http://walker.dgf.uchile.cl/Mediciones/datos/csv/b41.csv
b41,b4.1,II Región de Antofagasta,-68.64,-22.15,2847.9,2014-07-31,9.332594086021505,137.8561827956989,10.120497311827958,11.351478494623656,725.3579749103943,222.95721326164875,http://walker.dgf.uchile.cl/Mediciones/datos/csv/b41.csv
b41,b4.1,II Región de Antofagasta,-68.64,-22.15,2847.9,2014-08-31,7.929099462365591,123.8649193548387,11.309901433691756,16.335349462365592,725.9030017921147,259.31944444444446,http://walker.dgf.uchile.cl/Mediciones/datos/csv/b41.csv
b41,b4.1,II Región de Antofagasta,-68.64,-22.15,2847.9,2014-09-30,7.3929629629629625,152.81180555555557,12.095833333333333,17.496296296296297,725.2469907407408,302.0814814814815,http://walker.dgf.uchile.cl/Mediciones/datos/csv/b41.csv
b41,b4.1,II Región de Antofagasta,-68.64,-22.15,2847.9,2014-10-31,7.138440860215054,138.18145161290323,14.592405913978494,16.553539426523297,725.3407258064516,353.2939068100358,http://walker.dgf.uchile.cl/Mediciones/datos/csv/b41.csv
b41,b4.1,II Región de Antofagasta,-68.64,-22.15,2847.9,2014-11-30,7.226180555555556,139.23541666666668,13.599907407407407,18.28726851851852,724.8983796296296,399.9108796296296,http://walker.dgf.uchile.cl/Mediciones/datos/csv/b41.csv
b41,b4.1,II Región de Antofagasta,-68.64,-22.15,2847.9,2014-12-31,6.684251792114695,150.0192652329749,14.506048387096774,21.414202508960575,724.5067204301075,398.7997311827957,http://walker.dgf.uchile.cl/Mediciones/datos/csv/b41.csv
b41,b4.1,II Región de Antofagasta,-68.64,-22.15,2847.9,2015-01-31,6.302755376344086,158.24260752688173,15.248835125448029,25.738575268817204,724.8467741935484,367.3494623655914,http://walker.dgf.uchile.cl/Mediciones/datos/csv/b41.csv
b41,b4.1,II Región de Antofagasta,-68.64,-22.15,2847.9,2015-02-28,5.569717261904762,175.15724206349208,15.050942460317462,51.16996245306633,724.7996031746031,349.72867063492066,http://walker.dgf.uchile.cl/Mediciones/datos/csv/b41.csv
b41,b4.1,II Región de Antofagasta,-68.64,-22.15,2847.9,2015-03-31,5.692405913978495,169.67047491039426,14.681317204301074,52.95016003657979,725.0683243727599,319.1312724014337,http://walker.dgf.uchile.cl/Mediciones/datos/csv/b41.csv
b41,b4.1,II Región de Antofagasta,-68.64,-22.15,2847.9,2015-04-30,6.893441358024691,124.32407407407408,14.078858024691359,28.299382716049383,724.645061728395,305.6296296296296,http://walker.dgf.uchile.cl/Mediciones/datos/csv/b41.csv
b42,b4.2,II Región de Antofagasta,-68.64,-22.25,2694.0,2009-06-30,8.520014398848092,119.14542836573074,9.775053995680345,9.226781857451403,,,http://walker.dgf.uchile.cl/Mediciones/datos/csv/b42.csv
b42,b4.2,II Región de Antofagasta,-68.64,-22.25,2694.0,2009-07-31,8.408490143369175,141.85999103942652,9.682526881720431,5.437436419125127,,,http://walker.dgf.uchile.cl/Mediciones/datos/csv/b42.csv
b42,b4.2,II Región de Antofagasta,-68.64,-22.25,2694.0,2009-08-31,9.36503136200717,119.87455197132617,10.692540322580646,,,,http://walker.dgf.uchile.cl/Mediciones/datos/csv/b42.csv
b42,b4.2,II Región de Antofagasta,-68.64,-22.25,2694.0,2009-09-30,8.009097222222223,153.38587962962964,12.363564814814815,,,,http://walker.dgf.uchile.cl/Mediciones/datos/csv/b42.csv
b42,b4.2,II Región de Antofagasta,-68.64,-22.25,2694.0,2009-10-31,7.997916666666666,141.7054211469534,13.676568100358422,49.36826783114993,,,http://walker.dgf.uchile.cl/Mediciones/datos/csv/b42.csv
b42,b4.2,II Región de Antofagasta,-68.64,-22.25,2694.0,2009-11-30,7.190023148148149,150.5162037037037,14.906921296296296,21.494226327944574,,,http://walker.dgf.uchile.cl/Mediciones/datos/csv/b42.csv
b42,b4.2,II Región de Antofagasta,-68.64,-22.25,2694.0,2009-12-31,6.832430587164315,153.45220755575784,14.846973145197998,27.324988620846607,800.0,,http://walker.dgf.uchile.cl/Mediciones/datos/csv/b42.csv
b42,b4.2,II Región de Antofagasta,-68.64,-22.25,2694.0,2010-01-31,6.6899865591397845,160.61357526881721,15.432101254480285,30.992159498207887,800.0,,http://walker.dgf.uchile.cl/Mediciones/datos/csv/b42.csv
b42,b4.2,II Región de Antofagasta,-68.64,-22.25,2694.0,2010-02-28,6.30218253968254,176.0610119047619,16.362103174603174,43.656412800793845,800.0,,http://walker.dgf.uchile.cl/Mediciones/datos/csv/b42.csv
b42,b4.2,II Región de Antofagasta,-68.64,-22.25,2694.0,2010-03-31,7.212007168458782,140.99305555555554,15.49731182795699,30.682795698924732,800.0,,http://walker.dgf.uchile.cl/Mediciones/datos/csv/b42.csv
b42,b4.2,II Región de Antofagasta,-68.64,-22.25,2694.0,2010-04-30,7.455810185185185,135.60694444444445,14.026828703703703,26.74976851851852,800.0,,http://walker.dgf.uchile.cl/Mediciones/datos/csv/b42.csv
b42,b4.2,II Región de Antofagasta,-68.64,-22.25,2694.0,2010-05-31,8.170810931899641,141.33624551971326,11.089471326164874,22.113764361342646,800.0,,http://walker.dgf.uchile.cl/Mediciones/datos/csv/b42.csv
b42,b4.2,II Región de Antofagasta,-68.64,-22.25,2694.0,2010-06-30,7.75949074074074,123.16388888888889,10.631921296296296,14.58449074074074,800.0,,http://walker.dgf.uchile.cl/Mediciones/datos/csv/b42.csv
b42,b4.2,II Región de Antofagasta,-68.64,-22.25,2694.0,2010-07-31,9.584632616487456,146.8765681003584,9.064336917562724,7.300403225806452,800.0,,http://walker.dgf.uchile.cl/Mediciones/datos/csv/b42.csv
b42,b4.2,II Región de Antofagasta,-68.64,-22.25,2694.0,2010-08-31,8.857571684587812,120.8826164874552,11.57244623655914,9.063844086021506,800.0,,http://walker.dgf.uchile.cl/Mediciones/datos/csv/b42.csv
b42,b4.2,II Región de Antofagasta,-68.64,-22.25,2694.0,2010-09-30,8.44298611111111,149.16296296296295,12.138564814814815,11.91851851851852,800.0,,http://walker.dgf.uchile.cl/Mediciones/datos/csv/b42.csv
b42,b4.2,II Región de Antofagasta,-68.64,-22.25,2694.0,2010-10-31,8.09464605734767,151.92495519713262,12.115703405017921,13.449820788530467,800.0,,http://walker.dgf.uchile.cl/Mediciones/datos/csv/b42.csv
b42,b4.2,II Región de Antofagasta,-68.64,-22.25,2694.0,2010-11-30,7.754513888888889,144.32407407407408,12.352685185185186,16.724074074074075,800.0,,http://walker.dgf.uchile.cl/Mediciones/datos/csv/b42.csv
b42,b4.2,II Región de Antofagasta,-68.64,-22.25,2694.0,2010-12-31,6.871281362007169,157.22110215053763,13.248588709677419,28.017697132616487,800.0,,http://walker.dgf.uchile.cl/Mediciones/datos/csv/b42.csv
b42,b4.2,II Región de Antofagasta,-68.64,-22.25,2694.0,2011-01-31,6.38711917562724,161.4426523297491,14.107482078853048,36.5459229390681,800.0,,http://walker.dgf.uchile.cl/Mediciones/datos/csv/b42.csv
b42,b4.2,II Región de Antofagasta,-68.64,-22.25,2694.0,2011-02-28,5.231026785714286,185.87053571428572,14.01860119047619,53.398065476190474,800.0,,http://walker.dgf.uchile.cl/Mediciones/datos/csv/b42.csv
b42,b4.2,II Región de Antofagasta,-68.64,-22.25,2694.0,2011-03-31,6.765927419354838,147.80779569892474,13.163216845878136,31.491935483870968,800.0,,http://walker.dgf.uchile.cl/Mediciones/datos/csv/b42.csv
b42,b4.2,II Región de Antofagasta,-68.64,-22.25,2694.0,2011-04-30,7.542685185185186,128.1636574074074,12.323032407407407,33.097685185185185,800.0,,http://walker.dgf.uchile.cl/Mediciones/datos/csv/b42.csv
b42,b4.2,II Región de Antofagasta,-68.64,-22.25,2694.0,2011-05-31,8.457258064516129,106.77912186379929,11.901075268817205,17.621863799283155,800.0,,http://walker.dgf.uchile.cl/Mediciones/datos/csv/b42.csv
b42,b4.2,II Región de Antofagasta,-68.64,-22.25,2694.0,2011-06-30,8.197962962962963,144.80439814814815,10.709282407407407,21.541203703703705,800.0,,http://walker.dgf.uchile.cl/Mediciones/datos/csv/b42.csv
b42,b4.2,II Región de Antofagasta,-68.64,-22.25,2694.0,2011-07-31,9.181720430107527,150.76859318996415,10.275044802867384,22.24977598566308,800.0002240143369,,http://walker.dgf.uchile.cl/Mediciones/datos/csv/b42.csv
b42,b4.2,II Región de Antofagasta,-68.64,-22.25,2694.0,2011-08-31,8.518615591397849,139.35035842293908,11.100492831541219,12.730510752688172,800.0,,http://walker.dgf.uchile.cl/Mediciones/datos/csv/b42.csv
b42,b4.2,II Región de Antofagasta,-68.64,-22.25,2694.0,2011-09-30,8.572894550601557,130.3179995281906,12.582955885822129,10.772823779193207,800.0,0.0,http://walker.dgf.uchile.cl/Mediciones/datos/csv/b42.csv
b42,b4.2,II Región de Antofagasta,-68.64,-22.25,2694.0,2011-10-31,8.144160831262706,154.30494691664785,11.942229500790603,14.188615315111814,800.0,0.0,http://walker.dgf.uchile.cl/Mediciones/datos/csv/b42.csv
b42,b4.2,II Región de Antofagasta,-68.64,-22.25,2694.0,2011-11-30,7.706087962962964,145.85208333333333,13.813541666666667,19.883564814814815,800.0,0.0,http://walker.dgf.uchile.cl/Mediciones/datos/csv/b42.csv
b42,b4.2,II Región de Antofagasta,-68.64,-22.25,2694.0,2011-12-31,6.962141577060932,153.25044802867384,14.27538082437276,32.44198028673835,800.0,0.0,http://walker.dgf.uchile.cl/Mediciones/datos/csv/b42.csv
b42,b4.2,II Región de Antofagasta,-68.64,-22.25,2694.0,2012-01-31,6.119242831541219,171.97356630824373,14.539941756272402,43.98073476702509,800.0,0.0,http://walker.dgf.uchile.cl/Mediciones/datos/csv/b42.csv
b42,b4.2,II Región de Antofagasta,-68.64,-22.25,2694.0,2012-02-29,5.236302681992337,182.02705938697318,14.337859195402299,54.82202982202982,800.0,0.0,http://walker.dgf.uchile.cl/Mediciones/datos/csv/b42.csv
b42,b4.2,II Región de Antofagasta,-68.64,-22.25,2694.0,2012-03-31,6.4272849462365595,157.961917562724,15.47000448028674,43.13351254480287,800.0,0.0,http://walker.dgf.uchile.cl/Mediciones/datos/csv/b42.csv
b42,b4.2,II Región de Antofagasta,-68.64,-22.25,2694.0,2012-04-30,6.999791666666666,145.12569444444443,12.927800925925926,36.86849442379182,800.0,0.0,http://walker.dgf.uchile.cl/Mediciones/datos/csv/b42.csv
b42,b4.2,II Región de Antofagasta,-68.64,-22.25,2694.0,2012-05-31,8.594735663082437,116.980958781362,11.775089605734767,19.131254206865606,800.0,0.0,http://walker.dgf.uchile.cl/Mediciones/datos/csv/b42.csv
b42,b4.2,II Región de Antofagasta,-68.64,-22.25,2694.0,2012-06-30,8.821041666666668,123.10833333333333,10.026041666666666,18.10648148148148,800.0,0.0,http://walker.dgf.uchile.cl/Mediciones/datos/csv/b42.csv
b42,b4.2,II Región de Antofagasta,-68.64,-22.25,2694.0,2012-07-31,8.996102150537634,125.09834229390681,10.419444444444444,12.004256272401435,800.0,0.0,http://walker.dgf.uchile.cl/Mediciones/datos/csv/b42.csv
b42,b4.2,II Región de Antofagasta,-68.64,-22.25,2694.0,2012-08-31,8.716017025089606,141.76724910394265,11.673566308243728,11.84363799283154,800.0,0.0,http://walker.dgf.uchile.cl/Mediciones/datos/csv/b42.csv
b42,b4.2,II Región de Antofagasta,-68.64,-22.25,2694.0,2012-09-30,7.842175925925925,134.2599537037037,13.331087962962963,12.462962962962964,800.0,0.0,http://walker.dgf.uchile.cl/Mediciones/datos/csv/b42.csv
b42,b4.2,II Región de Antofagasta,-68.64,-22.25,2694.0,2012-10-31,7.935551075268818,147.53068996415772,13.384632616487455,12.513216845878135,800.0,0.0,http://walker.dgf.uchile.cl/Mediciones/datos/csv/b42.csv
b42,b4.2,II Región de Antofagasta,-68.64,-22.25,2694.0,2012-11-30,7.8562268518518525,142.9678240740741,14.115509259259259,14.768287037037037,800.0,0.0,http://walker.dgf.uchile.cl/Mediciones/datos/csv/b42.csv
b42,b4.2,II Región de Antofagasta,-68.64,-22.25,2694.0,2012-12-31,6.45051523297491,159.29390681003585,14.583176523297492,28.714605734767026,800.0,0.0,http://walker.dgf.uchile.cl/Mediciones/datos/csv/b42.csv
b42,b4.2,II Región de Antofagasta,-68.64,-22.25,2694.0,2013-01-31,6.777956989247311,152.0956541218638,15.690613799283152,25.890905017921146,800.0,0.0,http://walker.dgf.uchile.cl/Mediciones/datos/csv/b42.csv
b42,b4.2,II Región de Antofagasta,-68.64,-22.25,2694.0,2013-02-28,6.181845238095239,170.4231150793651,15.181001984126985,47.04569288389513,800.0,0.0,http://walker.dgf.uchile.cl/Mediciones/datos/csv/b42.csv
b42,b4.2,II Región de Antofagasta,-68.64,-22.25,2694.0,2013-03-31,7.14719982078853,140.99260752688173,14.091554659498208,31.373655913978496,800.0,0.0,http://walker.dgf.uchile.cl/Mediciones/datos/csv/b42.csv
b42,b4.2,II Región de Antofagasta,-68.64,-22.25,2694.0,2013-04-30,8.610723544661797,117.86825359415508,,0.18548197030403016,800.0,0.0,http://walker.dgf.uchile.cl/Mediciones/datos/csv/b42.csv
b42,b4.2,II Región de Antofagasta,-68.64,-22.25,2694.0,2013-05-31,7.609834229390682,120.85237455197132,,0.0,800.0,0.0,http://walker.dgf.uchile.cl/Mediciones/datos/csv/b42.csv
b42,b4.2,II Región de Antofagasta,-68.64,-22.25,2694.0,2013-06-30,8.624699074074073,146.42569444444445,,0.0,800.0,0.0,http://walker.dgf.uchile.cl/Mediciones/datos/csv/b42.csv
b42,b4.2,II Región de Antofagasta,-68.64,-22.25,2694.0,2013-07-31,8.666039426523296,138.84923835125448,,0.0,800.0,0.0,http://walker.dgf.uchile.cl/Mediciones/datos/csv/b42.csv
b42,b4.2,II Región de Antofagasta,-68.64,-22.25,2694.0,2013-08-31,9.018862007168458,128.8301971326165,,0.0,800.0,0.0,http://walker.dgf.uchile.cl/Mediciones/datos/csv/b42.csv
b42,b4.2,II Región de Antofagasta,-68.64,-22.25,2694.0,2013-09-30,8.26789351851852,149.9326388888889,,0.0,800.0,0.0,http://walker.dgf.uchile.cl/Mediciones/datos/csv/b42.csv
b42,b4.2,II Región de Antofagasta,-68.64,-22.25,2694.0,2013-10-31,7.775784050179211,145.6288082437276,,0.0,800.0,0.0,http://walker.dgf.uchile.cl/Mediciones/datos/csv/b42.csv
b42,b4.2,II Región de Antofagasta,-68.64,-22.25,2694.0,2013-11-30,7.7419675925925935,146.60416666666666,,0.0,800.0,0.0,http://walker.dgf.uchile.cl/Mediciones/datos/csv/b42.csv
b42,b4.2,II Región de Antofagasta,-68.64,-22.25,2694.0,2013-12-31,6.7740143369175625,162.90479390681003,,0.0,800.0,0.0,http://walker.dgf.uchile.cl/Mediciones/datos/csv/b42.csv
b42,b4.2,II Región de Antofagasta,-68.64,-22.25,2694.0,2014-01-31,6.0754704301075275,174.64112903225808,,0.0,800.0,0.0,http://walker.dgf.uchile.cl/Mediciones/datos/csv/b42.csv
b42,b4.2,II Región de Antofagasta,-68.64,-22.25,2694.0,2014-02-28,6.932291666666667,150.86607142857142,,0.0,800.0,0.0,http://walker.dgf.uchile.cl/Mediciones/datos/csv/b42.csv
b42,b4.2,II Región de Antofagasta,-68.64,-22.25,2694.0,2014-03-31,7.0287634408602155,143.13216845878136,,0.0,800.0,0.0,http://walker.dgf.uchile.cl/Mediciones/datos/csv/b42.csv
b42,b4.2,II Región de Antofagasta,-68.64,-22.25,2694.0,2014-04-30,7.918680555555555,129.66643518518518,,0.0,800.0,0.0,http://walker.dgf.uchile.cl/Mediciones/datos/csv/b42.csv
b42,b4.2,II Región de Antofagasta,-68.64,-22.25,2694.0,2014-05-31,9.067809139784945,148.73275089605735,,0.0,800.0,0.0,http://walker.dgf.uchile.cl/Mediciones/datos/csv/b42.csv
b42,b4.2,II Región de Antofagasta,-68.64,-22.25,2694.0,2014-06-30,8.961875000000001,155.55300925925926,,0.0,800.0,0.0,http://walker.dgf.uchile.cl/Mediciones/datos/csv/b42.csv
b42,b4.2,II Región de Antofagasta,-68.64,-22.25,2694.0,2014-07-31,9.807974910394266,192.48655913978496,,0.0,800.0,0.0,http://walker.dgf.uchile.cl/Mediciones/datos/csv/b42.csv
b42,b4.2,II Región de Antofagasta,-68.64,-22.25,2694.0,2014-08-31,8.589628136200716,157.85663082437276,,0.0,800.0,0.0,http://walker.dgf.uchile.cl/Mediciones/datos/csv/b42.csv
b42,b4.2,II Región de Antofagasta,-68.64,-22.25,2694.0,2014-09-30,7.986087962962963,167.38078703703704,,0.0,800.0,0.0,http://walker.dgf.uchile.cl/Mediciones/datos/csv/b42.csv
b42,b4.2,II Región de Antofagasta,-68.64,-22.25,2694.0,2014-10-31,7.933355734767025,151.94287634408602,,0.0,800.0,0.0,http://walker.dgf.uchile.cl/Mediciones/datos/csv/b42.csv
b42,b4.2,II Región de Antofagasta,-68.64,-22.25,2694.0,2014-11-30,7.775972222222221,150.81666666666666,,0.0,800.0,0.0,http://walker.dgf.uchile.cl/Mediciones/datos/csv/b42.csv
b42,b4.2,II Región de Antofagasta,-68.64,-22.25,2694.0,2014-12-31,7.162275985663083,160.16151433691758,,0.0,800.0,0.0,http://walker.dgf.uchile.cl/Mediciones/datos/csv/b42.csv
b42,b4.2,II Región de Antofagasta,-68.64,-22.25,2694.0,2015-01-31,6.740165770609319,159.71214157706092,,0.0,800.0,0.0,http://walker.dgf.uchile.cl/Mediciones/datos/csv/b42.csv
b42,b4.2,II Región de Antofagasta,-68.64,-22.25,2694.0,2015-02-28,5.8725942460317455,186.937748015873,,0.0,800.0,0.0,http://walker.dgf.uchile.cl/Mediciones/datos/csv/b42.csv
b42,b4.2,II Región de Antofagasta,-68.64,-22.25,2694.0,2015-03-31,6.0152777777777775,176.796146953405,,0.0,800.0,0.0,http://walker.dgf.uchile.cl/Mediciones/datos/csv/b42.csv
b42,b4.2,II Región de Antofagasta,-68.64,-22.25,2694.0,2015-04-30,7.339737654320987,124.34027777777777,,0.0,800.0,0.0,http://walker.dgf.uchile.cl/Mediciones/datos/csv/b42.csv
b51,b5.1,II Región de Antofagasta,-69.04,-22.5,2104.0,2009-07-31,8.382611715674924,145.08566797869878,11.91119472100023,12.231583902094611,,,http://walker.dgf.uchile.cl/Mediciones/datos/csv/b51.csv
b51,b5.1,II Región de Antofagasta,-69.04,-22.5,2104.0,2009-08-31,9.313216845878136,143.71662186379928,13.282952508960573,8.572904965176365,,,http://walker.dgf.uchile.cl/Mediciones/datos/csv/b51.csv
b51,b5.1,II Región de Antofagasta,-69.04,-22.5,2104.0,2009-09-30,8.352615740740742,161.19050925925927,14.847222222222221,,,,http://walker.dgf.uchile.cl/Mediciones/datos/csv/b51.csv
b51,b5.1,II Región de Antofagasta,-69.04,-22.5,2104.0,2009-10-31,8.243794802867384,166.56563620071685,16.31451612903226,,,,http://walker.dgf.uchile.cl/Mediciones/datos/csv/b51.csv
b51,b5.1,II Región de Antofagasta,-69.04,-22.5,2104.0,2009-11-30,7.416296296296297,175.6037037037037,17.49083333333333,,,,http://walker.dgf.uchile.cl/Mediciones/datos/csv/b51.csv
b51,b5.1,II Región de Antofagasta,-69.04,-22.5,2104.0,2009-12-31,7.414757062146894,177.73129943502826,17.617887005649717,,789.8852880658436,391.641975308642,http://walker.dgf.uchile.cl/Mediciones/datos/csv/b51.csv
b51,b5.1,II Región de Antofagasta,-69.04,-22.5,2104.0,2010-01-31,7.040277777777778,179.24775985663084,18.12522401433692,,789.361559139785,385.24843189964156,http://walker.dgf.uchile.cl/Mediciones/datos/csv/b51.csv
b51,b5.1,II Región de Antofagasta,-69.04,-22.5,2104.0,2010-02-28,6.42313988095238,184.37723214285714,18.575843253968255,,789.4188988095239,356.57440476190476,http://walker.dgf.uchile.cl/Mediciones/datos/csv/b51.csv
b51,b5.1,II Región de Antofagasta,-69.04,-22.5,2104.0,2010-03-31,7.368145161290323,166.30667562724014,17.75293458781362,,790.1756272401434,328.70810931899643,http://walker.dgf.uchile.cl/Mediciones/datos/csv/b51.csv
b51,b5.1,II Región de Antofagasta,-69.04,-22.5,2104.0,2010-04-30,7.681481481481481,155.16666666666666,16.361296296296295,,790.8837962962963,269.20972222222224,http://walker.dgf.uchile.cl/Mediciones/datos/csv/b51.csv
b51,b5.1,II Región de Antofagasta,-69.04,-22.5,2104.0,2010-05-31,8.135528673835125,153.78225806451613,13.377486559139784,26.74594877156299,791.2007168458781,220.05779569892474,http://walker.dgf.uchile.cl/Mediciones/datos/csv/b51.csv
b51,b5.1,II Región de Antofagasta,-69.04,-22.5,2104.0,2010-06-30,8.41148148148148,135.13518518518518,12.699305555555556,15.221527777777778,792.0592592592593,213.64513888888888,http://walker.dgf.uchile.cl/Mediciones/datos/csv/b51.csv
b51,b5.1,II Región de Antofagasta,-69.04,-22.5,2104.0,2010-07-31,8.766644265232976,150.60394265232975,10.461693548387096,12.051075268817204,791.2455197132616,237.70138888888889,http://walker.dgf.uchile.cl/Mediciones/datos/csv/b51.csv
b51,b5.1,II Región de Antofagasta,-69.04,-22.5,2104.0,2010-08-31,8.819041218637992,149.73275089605735,13.764583333333333,10.383512544802867,791.2217741935484,271.0793010752688,http://walker.dgf.uchile.cl/Mediciones/datos/csv/b51.csv
b51,b5.1,II Región de Antofagasta,-69.04,-22.5,2104.0,2010-09-30,8.40162037037037,166.46180555555554,14.08824074074074,14.51550925925926,790.8532407407407,321.1013888888889,http://walker.dgf.uchile.cl/Mediciones/datos/csv/b51.csv
b51,b5.1,II Región de Antofagasta,-69.04,-22.5,2104.0,2010-10-31,8.091845878136201,169.54637096774192,14.431922043010752,14.98902329749104,790.7650089605735,365.53629032258067,http://walker.dgf.uchile.cl/Mediciones/datos/csv/b51.csv
b51,b5.1,II Región de Antofagasta,-69.04,-22.5,2104.0,2010-11-30,8.100949074074073,172.43402777777777,15.13724537037037,16.481712962962963,790.2756944444444,394.30439814814815,http://walker.dgf.uchile.cl/Mediciones/datos/csv/b51.csv
b51,b5.1,II Región de Antofagasta,-69.04,-22.5,2104.0,2010-12-31,7.158243727598567,181.57840501792114,15.960551075268816,24.45743727598566,789.6355286738351,389.46482974910396,http://walker.dgf.uchile.cl/Mediciones/datos/csv/b51.csv
b51,b5.1,II Región de Antofagasta,-69.04,-22.5,2104.0,2011-01-31,6.7319892473118275,182.706541218638,16.90660842293907,32.29838709677419,789.30958781362,379.32078853046596,http://walker.dgf.uchile.cl/Mediciones/datos/csv/b51.csv
b51,b5.1,II Región de Antofagasta,-69.04,-22.5,2104.0,2011-02-28,5.672147817460317,201.1780753968254,16.81812996031746,46.36805555555556,790.0749007936508,328.1465773809524,http://walker.dgf.uchile.cl/Mediciones/datos/csv/b51.csv
b51,b5.1,II Región de Antofagasta,-69.04,-22.5,2104.0,2011-03-31,7.11122311827957,173.3418458781362,16.0054435483871,28.97894265232975,790.2822580645161,342.22670250896056,http://walker.dgf.uchile.cl/Mediciones/datos/csv/b51.csv
b51,b5.1,II Región de Antofagasta,-69.04,-22.5,2104.0,2011-04-30,7.657268518518519,160.20162037037036,14.872592592592593,32.370370370370374,790.7506944444444,284.1354166666667,http://walker.dgf.uchile.cl/Mediciones/datos/csv/b51.csv
b51,b5.1,II Región de Antofagasta,-69.04,-22.5,2104.0,2011-05-31,8.696975806451613,139.70340501792114,14.917652329749103,15.68391577060932,791.0060483870968,232.9793906810036,http://walker.dgf.uchile.cl/Mediciones/datos/csv/b51.csv
b51,b5.1,II Región de Antofagasta,-69.04,-22.5,2104.0,2011-06-30,8.236458333333333,143.8659722222222,13.069768518518519,22.352314814814815,790.8212962962963,203.23032407407408,http://walker.dgf.uchile.cl/Mediciones/datos/csv/b51.csv
b51,b5.1,II Región de Antofagasta,-69.04,-22.5,2104.0,2011-07-31,8.110699588477365,156.32556012802925,12.42119341563786,22.13031550068587,790.5361225422954,225.66895290352082,http://walker.dgf.uchile.cl/Mediciones/datos/csv/b51.csv
b51,b5.1,II Región de Antofagasta,-69.04,-22.5,2104.0,2011-08-31,8.732504480286739,149.28203405017922,13.415725806451613,11.700716845878135,791.0580197132616,275.7170698924731,http://walker.dgf.uchile.cl/Mediciones/datos/csv/b51.csv
b51,b5.1,II Región de Antofagasta,-69.04,-22.5,2104.0,2011-09-30,8.665896897597387,152.67599720083976,15.39823886167483,9.194541637508747,791.5040821087007,328.84627944949847,http://walker.dgf.uchile.cl/Mediciones/datos/csv/b51.csv
b51,b5.1,II Región de Antofagasta,-69.04,-22.5,2104.0,2011-10-31,8.1849931787176,169.64711232378355,14.312596634834016,14.355388813096862,790.6066393815371,371.21850841291496,http://walker.dgf.uchile.cl/Mediciones/datos/csv/b51.csv
b51,b5.1,II Región de Antofagasta,-69.04,-22.5,2104.0,2011-11-30,7.686549295774648,174.64201877934272,16.544953051643194,17.83051643192488,790.1920187793427,395.6180751173709,http://walker.dgf.uchile.cl/Mediciones/datos/csv/b51.csv
b51,b5.1,II Región de Antofagasta,-69.04,-22.5,2104.0,2011-12-31,7.163060035842294,177.57325268817203,16.8910394265233,28.05331541218638,789.9269713261649,375.11536738351253,http://walker.dgf.uchile.cl/Mediciones/datos/csv/b51.csv
b51,b5.1,II Región de Antofagasta,-69.04,-22.5,2104.0,2012-01-31,6.49704234819628,191.03809097019942,17.00561281649115,38.67017701097916,790.2937485995967,383.0031369034282,http://walker.dgf.uchile.cl/Mediciones/datos/csv/b51.csv
b51,b5.1,II Región de Antofagasta,-69.04,-22.5,2104.0,2012-02-29,5.644612068965517,204.06345785440612,17.1003591954023,46.60704022988506,789.7550287356322,332.0840517241379,http://walker.dgf.uchile.cl/Mediciones/datos/csv/b51.csv
b51,b5.1,II Región de Antofagasta,-69.04,-22.5,2104.0,2012-03-31,6.689448924731183,172.5141129032258,18.001411290322583,38.54323476702509,789.7394713261649,331.5586917562724,http://walker.dgf.uchile.cl/Mediciones/datos/csv/b51.csv
b51,b5.1,II Región de Antofagasta,-69.04,-22.5,2104.0,2012-04-30,6.983171296296296,161.41157407407408,15.107245370370372,40.25717592592593,790.7245370370371,261.49652777777777,http://walker.dgf.uchile.cl/Mediciones/datos/csv/b51.csv
b51,b5.1,II Región de Antofagasta,-69.04,-22.5,2104.0,2012-05-31,8.767562724014338,139.7688172043011,14.815120967741935,18.742159498207887,790.8942652329749,237.76164874551972,http://walker.dgf.uchile.cl/Mediciones/datos/csv/b51.csv
b51,b5.1,II Región de Antofagasta,-69.04,-22.5,2104.0,2012-06-30,8.846898148148147,132.16736111111112,12.957800925925925,16.578935185185184,791.582175925926,213.55416666666667,http://walker.dgf.uchile.cl/Mediciones/datos/csv/b51.csv
b51,b5.1,II Región de Antofagasta,-69.04,-22.5,2104.0,2012-07-31,8.860416666666667,126.9247311827957,12.693167562724016,11.95497311827957,790.7410394265233,216.61379928315412,http://walker.dgf.uchile.cl/Mediciones/datos/csv/b51.csv
b51,b5.1,II Región de Antofagasta,-69.04,-22.5,2104.0,2012-08-31,8.865972222222222,141.0470430107527,13.958490143369175,11.641353046594983,791.157482078853,263.3879928315412,http://walker.dgf.uchile.cl/Mediciones/datos/csv/b51.csv
b51,b5.1,II Región de Antofagasta,-69.04,-22.5,2104.0,2012-09-30,8.446875,150.11180555555555,16.065787037037037,12.299305555555556,791.0817129629629,306.5226851851852,http://walker.dgf.uchile.cl/Mediciones/datos/csv/b51.csv
b51,b5.1,II Región de Antofagasta,-69.04,-22.5,2104.0,2012-10-31,8.101500896057347,162.46393369175627,16.143167562724017,12.21236559139785,790.5356182795699,356.98387096774195,http://walker.dgf.uchile.cl/Mediciones/datos/csv/b51.csv
b51,b5.1,II Región de Antofagasta,-69.04,-22.5,2104.0,2012-11-30,7.8874768518518525,161.67407407407407,16.79025462962963,13.937268518518518,790.4548611111111,377.4328703703704,http://walker.dgf.uchile.cl/Mediciones/datos/csv/b51.csv
b51,b5.1,II Región de Antofagasta,-69.04,-22.5,2104.0,2012-12-31,6.984901433691756,180.8084677419355,17.282011648745517,25.532258064516128,789.7867383512545,372.7047491039427,http://walker.dgf.uchile.cl/Mediciones/datos/csv/b51.csv
b51,b5.1,II Región de Antofagasta,-69.04,-22.5,2104.0,2013-01-31,7.098499103942652,176.62813620071685,18.46758512544803,22.760080645161292,790.1872759856631,351.41913082437276,http://walker.dgf.uchile.cl/Mediciones/datos/csv/b51.csv
b51,b5.1,II Región de Antofagasta,-69.04,-22.5,2104.0,2013-02-28,6.456299603174603,183.3189484126984,17.476984126984128,43.9375,790.0257936507936,346.9389880952381,http://walker.dgf.uchile.cl/Mediciones/datos/csv/b51.csv
b51,b5.1,II Región de Antofagasta,-69.04,-22.5,2104.0,2013-03-31,7.51850358422939,159.77598566308242,17.045094086021507,28.511648745519715,790.6908602150538,327.1964605734767,http://walker.dgf.uchile.cl/Mediciones/datos/csv/b51.csv
b51,b5.1,II Región de Antofagasta,-69.04,-22.5,2104.0,2013-04-30,8.591180555555557,136.4,15.623402777777779,17.410648148148148,791.1168981481482,284.2027777777778,http://walker.dgf.uchile.cl/Mediciones/datos/csv/b51.csv
b51,b5.1,II Región de Antofagasta,-69.04,-22.5,2104.0,2013-05-31,8.015322580645162,130.7688172043011,14.018436379928316,22.490367383512545,791.9204749103943,227.49641577060933,http://walker.dgf.uchile.cl/Mediciones/datos/csv/b51.csv
b51,b5.1,II Región de Antofagasta,-69.04,-22.5,2104.0,2013-06-30,7.918171296296296,143.23518518518517,13.733472222222222,20.850925925925925,791.2597222222222,203.98287037037036,http://walker.dgf.uchile.cl/Mediciones/datos/csv/b51.csv
b51,b5.1,II Región de Antofagasta,-69.04,-22.5,2104.0,2013-07-31,8.58304211469534,132.35528673835125,14.118660394265232,15.866039426523297,791.3895609318996,222.40389784946237,http://walker.dgf.uchile.cl/Mediciones/datos/csv/b51.csv
b51,b5.1,II Región de Antofagasta,-69.04,-22.5,2104.0,2013-08-31,8.840501792114695,134.9605734767025,13.730981182795698,12.63330341113106,791.0645161290323,271.75604838709677,http://walker.dgf.uchile.cl/Mediciones/datos/csv/b51.csv
b51,b5.1,II Región de Antofagasta,-69.04,-22.5,2104.0,2013-09-30,8.356550925925927,141.9087962962963,15.196990740740741,14.671527777777778,790.8976851851852,330.05,http://walker.dgf.uchile.cl/Mediciones/datos/csv/b51.csv
b51,b5.1,II Región de Antofagasta,-69.04,-22.5,2104.0,2013-10-31,8.227870328680774,151.60085547050878,16.086627645204864,12.922782530391716,790.7154434939216,375.30932012606934,http://walker.dgf.uchile.cl/Mediciones/datos/csv/b51.csv
b51,b5.1,II Región de Antofagasta,-69.04,-22.5,2104.0,2013-11-30,7.606712962962963,164.69282407407408,16.300300925925928,18.103472222222223,790.0180555555555,401.0909722222222,http://walker.dgf.uchile.cl/Mediciones/datos/csv/b51.csv
b51,b5.1,II Región de Antofagasta,-69.04,-22.5,2104.0,2013-12-31,7.15752688172043,173.79525089605735,17.56798835125448,26.717293906810035,790.0369623655914,391.94690860215053,http://walker.dgf.uchile.cl/Mediciones/datos/csv/b51.csv
b51,b5.1,II Región de Antofagasta,-69.04,-22.5,2104.0,2014-01-31,6.285349462365591,192.25560035842295,17.191241039426522,46.43682795698925,790.1153673835125,372.918458781362,http://walker.dgf.uchile.cl/Mediciones/datos/csv/b51.csv
b51,b5.1,II Región de Antofagasta,-69.04,-22.5,2104.0,2014-02-28,7.0498263888888895,168.9156746031746,17.1390376984127,28.797619047619047,789.9779265873016,378.9327876984127,http://walker.dgf.uchile.cl/Mediciones/datos/csv/b51.csv
b51,b5.1,II Región de Antofagasta,-69.04,-22.5,2104.0,2014-03-31,7.085775089605735,167.15389784946237,16.36312724014337,39.301971326164875,790.7860663082437,333.60439068100357,http://walker.dgf.uchile.cl/Mediciones/datos/csv/b51.csv
b51,b5.1,II Región de Antofagasta,-69.04,-22.5,2104.0,2014-04-30,8.080254629629628,146.53935185185185,16.340162037037036,22.552777777777777,790.9208333333333,274.8039351851852,http://walker.dgf.uchile.cl/Mediciones/datos/csv/b51.csv
b51,b5.1,II Región de Antofagasta,-69.04,-22.5,2104.0,2014-05-31,8.634072580645162,140.4516129032258,13.103270609318997,21.65618684033236,791.5627240143369,235.0622759856631,http://walker.dgf.uchile.cl/Mediciones/datos/csv/b51.csv
b51,b5.1,II Región de Antofagasta,-69.04,-22.5,2104.0,2014-06-30,8.79111111111111,124.30972222222222,12.669189814814816,13.055324074074074,790.9513888888889,221.55324074074073,http://walker.dgf.uchile.cl/Mediciones/datos/csv/b51.csv
b51,b5.1,II Región de Antofagasta,-69.04,-22.5,2104.0,2014-07-31,8.890501792114694,126.79838709677419,12.943413978494624,10.18839605734767,791.4014336917563,231.97177419354838,http://walker.dgf.uchile.cl/Mediciones/datos/csv/b51.csv
b51,b5.1,II Región de Antofagasta,-69.04,-22.5,2104.0,2014-08-31,8.572916666666666,134.14896953405017,14.930197132616486,13.587141577060931,791.5445788530466,261.6480734767025,http://walker.dgf.uchile.cl/Mediciones/datos/csv/b51.csv
b51,b5.1,II Región de Antofagasta,-69.04,-22.5,2104.0,2014-09-30,8.315462962962963,147.8939814814815,15.164537037037038,15.65462962962963,791.124537037037,312.8574074074074,http://walker.dgf.uchile.cl/Mediciones/datos/csv/b51.csv
b51,b5.1,II Región de Antofagasta,-69.04,-22.5,2104.0,2014-10-31,7.798924731182796,154.13216845878136,17.617585125448027,14.132616487455197,790.7291666666666,350.24529569892474,http://walker.dgf.uchile.cl/Mediciones/datos/csv/b51.csv
b51,b5.1,II Región de Antofagasta,-69.04,-22.5,2104.0,2014-11-30,7.7412731481481485,158.69583333333333,16.803842592592595,16.93634259259259,790.5854166666667,390.33819444444447,http://walker.dgf.uchile.cl/Mediciones/datos/csv/b51.csv
b51,b5.1,II Región de Antofagasta,-69.04,-22.5,2104.0,2014-12-31,7.336805555555555,166.92314814814816,17.47476851851852,19.070833333333333,790.1173611111111,391.04212962962964,http://walker.dgf.uchile.cl/Mediciones/datos/csv/b51.csv
b51,b5.1,II Región de Antofagasta,-69.04,-22.5,2104.0,2015-01-31,7.009520609318996,168.30062724014337,18.331675627240145,21.93637992831541,790.2508960573476,363.14068100358423,http://walker.dgf.uchile.cl/Mediciones/datos/csv/b51.csv
b51,b5.1,II Región de Antofagasta,-69.04,-22.5,2104.0,2015-02-28,5.989707341269841,193.1279761904762,17.505431547619047,47.68824404761905,790.5012400793651,342.3050595238095,http://walker.dgf.uchile.cl/Mediciones/datos/csv/b51.csv
b51,b5.1,II Región de Antofagasta,-69.04,-22.5,2104.0,2015-03-31,5.907437275985663,187.15479390681003,17.141285842293907,52.11707766766536,790.684811827957,293.6462813620072,http://walker.dgf.uchile.cl/Mediciones/datos/csv/b51.csv
b51,b5.1,II Región de Antofagasta,-69.04,-22.5,2104.0,2015-04-30,7.51682098765432,161.30015432098764,17.005478395061726,27.47685185185185,790.0300925925926,310.84182098765433,http://walker.dgf.uchile.cl/Mediciones/datos/csv/b51.csv
b61,b6.1,II Región de Antofagasta,-69.21,-22.5,1716.0,2009-07-31,7.548913287026664,182.58480842482635,15.443950257674212,11.188709310266333,,,http://walker.dgf.uchile.cl/Mediciones/datos/csv/b61.csv
b61,b6.1,II Región de Antofagasta,-69.21,-22.5,1716.0,2009-08-31,8.446482974910394,180.8266129032258,16.942585125448026,8.314247069431921,,,http://walker.dgf.uchile.cl/Mediciones/datos/csv/b61.csv
b61,b6.1,II Región de Antofagasta,-69.21,-22.5,1716.0,2009-09-30,7.343564814814815,195.21342592592592,18.235416666666666,10.075782155272305,,,http://walker.dgf.uchile.cl/Mediciones/datos/csv/b61.csv
b61,b6.1,II Región de Antofagasta,-69.21,-22.5,1716.0,2009-10-31,6.837768817204301,203.06675627240142,19.757235663082437,11.472222222222221,,,http://walker.dgf.uchile.cl/Mediciones/datos/csv/b61.csv
b61,b6.1,II Región de Antofagasta,-69.21,-22.5,1716.0,2009-11-30,5.593287037037037,212.60023148148147,20.46488425925926,20.18425925925926,,,http://walker.dgf.uchile.cl/Mediciones/datos/csv/b61.csv
b61,b6.1,II Región de Antofagasta,-69.21,-22.5,1716.0,2009-12-31,5.2500226346763235,217.06926210955183,20.52670891806247,23.803983703033047,,,http://walker.dgf.uchile.cl/Mediciones/datos/csv/b61.csv
b61,b6.1,II Región de Antofagasta,-69.21,-22.5,1716.0,2010-01-31,5.148767921146953,215.82571684587813,20.936312724014336,26.43010752688172,,,http://walker.dgf.uchile.cl/Mediciones/datos/csv/b61.csv
b61,b6.1,II Región de Antofagasta,-69.21,-22.5,1716.0,2010-02-28,4.238988095238095,231.72321428571428,20.922470238095237,41.73710317460318,,,http://walker.dgf.uchile.cl/Mediciones/datos/csv/b61.csv
b61,b6.1,II Región de Antofagasta,-69.21,-22.5,1716.0,2010-03-31,5.0747535842293905,210.85685483870967,20.653539426523295,30.42450078528158,,,http://walker.dgf.uchile.cl/Mediciones/datos/csv/b61.csv
b61,b6.1,II Región de Antofagasta,-69.21,-22.5,1716.0,2010-04-30,5.629074074074074,199.72430555555556,19.547083333333333,25.752314814814813,,,http://walker.dgf.uchile.cl/Mediciones/datos/csv/b61.csv
b61,b6.1,II Región de Antofagasta,-69.21,-22.5,1716.0,2010-05-31,7.214314516129033,198.20116487455198,16.83391577060932,25.865029292474087,,,http://walker.dgf.uchile.cl/Mediciones/datos/csv/b61.csv
b61,b6.1,II Región de Antofagasta,-69.21,-22.5,1716.0,2010-06-30,7.114467592592592,175.54606481481483,16.471666666666668,13.384953703703705,,,http://walker.dgf.uchile.cl/Mediciones/datos/csv/b61.csv
b61,b6.1,II Región de Antofagasta,-69.21,-22.5,1716.0,2010-07-31,7.67804659498208,188.23051075268816,13.70510752688172,13.871329298363596,,,http://walker.dgf.uchile.cl/Mediciones/datos/csv/b61.csv
b61,b6.1,II Región de Antofagasta,-69.21,-22.5,1716.0,2010-08-31,7.614359318996415,187.18167562724014,17.307974910394265,9.932571684587813,,,http://walker.dgf.uchile.cl/Mediciones/datos/csv/b61.csv
b61,b6.1,II Región de Antofagasta,-69.21,-22.5,1716.0,2010-09-30,6.910162037037037,202.09583333333333,17.25689814814815,14.593518518518518,,,http://walker.dgf.uchile.cl/Mediciones/datos/csv/b61.csv
b61,b6.1,II Región de Antofagasta,-69.21,-22.5,1716.0,2010-10-31,6.666980286738352,206.90725806451613,17.793346774193548,13.504032258064516,,,http://walker.dgf.uchile.cl/Mediciones/datos/csv/b61.csv
b61,b6.1,II Región de Antofagasta,-69.21,-22.5,1716.0,2010-11-30,6.320925925925926,209.50208333333333,18.405347222222222,14.939351851851852,,,http://walker.dgf.uchile.cl/Mediciones/datos/csv/b61.csv
b61,b6.1,II Región de Antofagasta,-69.21,-22.5,1716.0,2010-12-31,5.352240143369176,218.04413082437276,19.08420698924731,21.510752688172044,,,http://walker.dgf.uchile.cl/Mediciones/datos/csv/b61.csv
b61,b6.1,II Región de Antofagasta,-69.21,-22.5,1716.0,2011-01-31,4.892786738351255,218.03091397849462,19.852620967741938,29.094534050179213,,,http://walker.dgf.uchile.cl/Mediciones/datos/csv/b61.csv
b61,b6.1,II Región de Antofagasta,-69.21,-22.5,1716.0,2011-02-28,4.245585317460318,235.91195436507937,19.48779761904762,42.073164682539684,,,http://walker.dgf.uchile.cl/Mediciones/datos/csv/b61.csv
b61,b6.1,II Región de Antofagasta,-69.21,-22.5,1716.0,2011-03-31,5.372368421052631,199.3937969924812,19.13605889724311,24.99780701754386,,,http://walker.dgf.uchile.cl/Mediciones/datos/csv/b61.csv
b61,b6.1,II Región de Antofagasta,-69.21,-22.5,1716.0,2011-04-30,5.695787037037037,200.04907407407407,18.28148148148148,29.46527777777778,,,http://walker.dgf.uchile.cl/Mediciones/datos/csv/b61.csv
b61,b6.1,II Región de Antofagasta,-69.21,-22.5,1716.0,2011-05-31,7.625089605734767,173.71841397849462,18.543727598566306,14.226478494623656,,,http://walker.dgf.uchile.cl/Mediciones/datos/csv/b61.csv
b61,b6.1,II Región de Antofagasta,-69.21,-22.5,1716.0,2011-06-30,7.3190740740740745,184.35763888888889,16.57798611111111,19.892982047097224,,,http://walker.dgf.uchile.cl/Mediciones/datos/csv/b61.csv
b61,b6.1,II Región de Antofagasta,-69.21,-22.5,1716.0,2011-07-31,7.711402329749103,190.05062724014337,15.840860215053764,20.685842696629212,,,http://walker.dgf.uchile.cl/Mediciones/datos/csv/b61.csv
b61,b6.1,II Región de Antofagasta,-69.21,-22.5,1716.0,2011-08-31,7.808490143369175,185.1238799283154,16.981227598566306,10.805331541218639,,,http://walker.dgf.uchile.cl/Mediciones/datos/csv/b61.csv
b61,b6.1,II Región de Antofagasta,-69.21,-22.5,1716.0,2011-09-30,7.2673826756946065,186.99976651879524,18.88030586037824,8.38617791267803,,,http://walker.dgf.uchile.cl/Mediciones/datos/csv/b61.csv
b61,b6.1,II Región de Antofagasta,-69.21,-22.5,1716.0,2011-10-31,6.709722222222222,209.2502240143369,17.587141577060933,12.963933691756273,,,http://walker.dgf.uchile.cl/Mediciones/datos/csv/b61.csv
b61,b6.1,II Región de Antofagasta,-69.21,-22.5,1716.0,2011-11-30,5.970578703703704,209.70902777777778,19.65460648148148,16.05300925925926,,,http://walker.dgf.uchile.cl/Mediciones/datos/csv/b61.csv
b61,b6.1,II Región de Antofagasta,-69.21,-22.5,1716.0,2011-12-31,5.199932795698925,219.18145161290323,19.78810483870968,25.482974910394265,,,http://walker.dgf.uchile.cl/Mediciones/datos/csv/b61.csv
b61,b6.1,II Región de Antofagasta,-69.21,-22.5,1716.0,2012-01-31,4.659923835125448,227.850582437276,19.75775089605735,35.18189964157706,,,http://walker.dgf.uchile.cl/Mediciones/datos/csv/b61.csv
b61,b6.1,II Región de Antofagasta,-69.21,-22.5,1716.0,2012-02-29,4.344372605363985,238.14032567049807,19.736781609195404,42.74545019157088,,,http://walker.dgf.uchile.cl/Mediciones/datos/csv/b61.csv
b61,b6.1,II Región de Antofagasta,-69.21,-22.5,1716.0,2012-03-31,4.736043906810036,212.78741039426524,20.825649641577062,35.73297491039426,,,http://walker.dgf.uchile.cl/Mediciones/datos/csv/b61.csv
b61,b6.1,II Región de Antofagasta,-69.21,-22.5,1716.0,2012-04-30,5.255856481481481,204.6349537037037,18.17400462962963,37.86712962962963,,,http://walker.dgf.uchile.cl/Mediciones/datos/csv/b61.csv
b61,b6.1,II Región de Antofagasta,-69.21,-22.5,1716.0,2012-05-31,7.8267473118279565,178.49708781362008,18.29961917562724,17.94601254480287,,,http://walker.dgf.uchile.cl/Mediciones/datos/csv/b61.csv
b61,b6.1,II Región de Antofagasta,-69.21,-22.5,1716.0,2012-06-30,8.198657407407406,169.7025462962963,16.88502314814815,14.740972222222222,,,http://walker.dgf.uchile.cl/Mediciones/datos/csv/b61.csv
b61,b6.1,II Región de Antofagasta,-69.21,-22.5,1716.0,2012-07-31,7.6379480286738355,173.7141577060932,16.376993727598563,10.972894265232975,,,http://walker.dgf.uchile.cl/Mediciones/datos/csv/b61.csv
b61,b6.1,II Región de Antofagasta,-69.21,-22.5,1716.0,2012-08-31,7.5529569892473125,185.31429211469535,17.438216845878134,10.939516129032258,,,http://walker.dgf.uchile.cl/Mediciones/datos/csv/b61.csv
b61,b6.1,II Región de Antofagasta,-69.21,-22.5,1716.0,2012-09-30,6.724814814814815,188.82546296296297,19.475347222222222,11.456712962962962,,,http://walker.dgf.uchile.cl/Mediciones/datos/csv/b61.csv
b61,b6.1,II Región de Antofagasta,-69.21,-22.5,1716.0,2012-10-31,6.5109094982078854,198.03763440860214,19.394220430107527,11.422043010752688,,,http://walker.dgf.uchile.cl/Mediciones/datos/csv/b61.csv
b61,b6.1,II Región de Antofagasta,-69.21,-22.5,1716.0,2012-11-30,5.974907407407407,204.525,19.876180555555557,12.721527777777778,,,http://walker.dgf.uchile.cl/Mediciones/datos/csv/b61.csv
b61,b6.1,II Región de Antofagasta,-69.21,-22.5,1716.0,2012-12-31,4.97921146953405,218.36917562724014,20.074417562724015,23.790994623655912,,,http://walker.dgf.uchile.cl/Mediciones/datos/csv/b61.csv
b61,b6.1,II Región de Antofagasta,-69.21,-22.5,1716.0,2013-01-31,5.287701612903225,211.92249103942652,21.361917562724017,21.050851254480285,,,http://walker.dgf.uchile.cl/Mediciones/datos/csv/b61.csv
b61,b6.1,II Región de Antofagasta,-69.21,-22.5,1716.0,2013-02-28,4.56483134920635,224.96676587301587,20.01894841269841,40.91319444444444,,,http://walker.dgf.uchile.cl/Mediciones/datos/csv/b61.csv
b61,b6.1,II Región de Antofagasta,-69.21,-22.5,1716.0,2013-03-31,5.755981182795699,201.49686379928315,20.24325716845878,26.176971326164875,,,http://walker.dgf.uchile.cl/Mediciones/datos/csv/b61.csv
b61,b6.1,II Región de Antofagasta,-69.21,-22.5,1716.0,2013-04-30,6.820972222222222,186.12430555555557,18.98675925925926,16.920601851851853,,,http://walker.dgf.uchile.cl/Mediciones/datos/csv/b61.csv
b61,b6.1,II Región de Antofagasta,-69.21,-22.5,1716.0,2013-05-31,6.486178315412186,182.28068996415772,17.464986559139785,20.618055555555557,,,http://walker.dgf.uchile.cl/Mediciones/datos/csv/b61.csv
b61,b6.1,II Región de Antofagasta,-69.21,-22.5,1716.0,2013-06-30,7.3335185185185185,179.94699074074074,16.928541666666668,19.13912037037037,,,http://walker.dgf.uchile.cl/Mediciones/datos/csv/b61.csv
b61,b6.1,II Región de Antofagasta,-69.21,-22.5,1716.0,2013-07-31,7.694086021505377,177.09408602150538,17.57842741935484,14.322804659498209,,,http://walker.dgf.uchile.cl/Mediciones/datos/csv/b61.csv
b61,b6.1,II Región de Antofagasta,-69.21,-22.5,1716.0,2013-08-31,7.844802867383512,183.2701612903226,17.1097894265233,12.047019122609674,,,http://walker.dgf.uchile.cl/Mediciones/datos/csv/b61.csv
b61,b6.1,II Región de Antofagasta,-69.21,-22.5,1716.0,2013-09-30,7.411064814814814,194.1472222222222,18.434537037037035,13.587962962962964,,,http://walker.dgf.uchile.cl/Mediciones/datos/csv/b61.csv
b61,b6.1,II Región de Antofagasta,-69.21,-22.5,1716.0,2013-10-31,6.951971326164874,195.78539426523298,19.376859318996416,11.730734767025089,,,http://walker.dgf.uchile.cl/Mediciones/datos/csv/b61.csv
b61,b6.1,II Región de Antofagasta,-69.21,-22.5,1716.0,2013-11-30,5.727939814814815,210.3034722222222,19.162060185185187,17.17800925925926,,,http://walker.dgf.uchile.cl/Mediciones/datos/csv/b61.csv
b61,b6.1,II Región de Antofagasta,-69.21,-22.5,1716.0,2013-12-31,5.181115591397849,218.84610215053763,20.271975806451614,24.6709229390681,,,http://walker.dgf.uchile.cl/Mediciones/datos/csv/b61.csv
b61,b6.1,II Región de Antofagasta,-69.21,-22.5,1716.0,2014-01-31,4.3532930107526875,231.502688172043,19.675694444444446,43.41173835125448,,,http://walker.dgf.uchile.cl/Mediciones/datos/csv/b61.csv
b61,b6.1,II Región de Antofagasta,-69.21,-22.5,1716.0,2014-02-28,5.091592261904761,213.08630952380952,20.01376488095238,26.866071428571427,,,http://walker.dgf.uchile.cl/Mediciones/datos/csv/b61.csv
b61,b6.1,II Región de Antofagasta,-69.21,-22.5,1716.0,2014-03-31,5.5397849462365585,207.00044802867384,19.374439964157705,36.49910394265233,,,http://walker.dgf.uchile.cl/Mediciones/datos/csv/b61.csv
b61,b6.1,II Región de Antofagasta,-69.21,-22.5,1716.0,2014-04-30,6.645671296296296,187.7939814814815,19.533935185185186,21.45787037037037,,,http://walker.dgf.uchile.cl/Mediciones/datos/csv/b61.csv
b61,b6.1,II Región de Antofagasta,-69.21,-22.5,1716.0,2014-05-31,7.563664874551971,187.28606630824373,16.60329301075269,19.979025710419485,,,http://walker.dgf.uchile.cl/Mediciones/datos/csv/b61.csv
b61,b6.1,II Región de Antofagasta,-69.21,-22.5,1716.0,2014-06-30,7.596342592592592,178.15162037037038,16.077337962962964,12.645566674424018,,,http://walker.dgf.uchile.cl/Mediciones/datos/csv/b61.csv
b61,b6.1,II Región de Antofagasta,-69.21,-22.5,1716.0,2014-07-31,8.445318100358424,173.05891577060933,16.317495519713262,9.911962365591398,,,http://walker.dgf.uchile.cl/Mediciones/datos/csv/b61.csv
b61,b6.1,II Región de Antofagasta,-69.21,-22.5,1716.0,2014-08-31,7.5937696806117865,178.34480431848854,18.44507311586052,12.292238470191226,,,http://walker.dgf.uchile.cl/Mediciones/datos/csv/b61.csv
b61,b6.1,II Región de Antofagasta,-69.21,-22.5,1716.0,2014-09-30,7.352361111111112,189.47800925925927,18.638310185185187,14.46574074074074,,,http://walker.dgf.uchile.cl/Mediciones/datos/csv/b61.csv
b61,b6.1,II Región de Antofagasta,-69.21,-22.5,1716.0,2014-10-31,5.878808243727598,199.05689964157705,20.5959229390681,13.195116487455197,,,http://walker.dgf.uchile.cl/Mediciones/datos/csv/b61.csv
b61,b6.1,II Región de Antofagasta,-69.21,-22.5,1716.0,2014-11-30,6.1402777777777775,203.46041666666667,19.845972222222223,15.792592592592593,,,http://walker.dgf.uchile.cl/Mediciones/datos/csv/b61.csv
b61,b6.1,II Región de Antofagasta,-69.21,-22.5,1716.0,2014-12-31,5.412992831541218,212.91218637992833,20.289224910394267,17.905913978494624,,,http://walker.dgf.uchile.cl/Mediciones/datos/csv/b61.csv
b61,b6.1,II Región de Antofagasta,-69.21,-22.5,1716.0,2015-01-31,5.27423835125448,210.72737455197134,21.18100358422939,20.13418458781362,,,http://walker.dgf.uchile.cl/Mediciones/datos/csv/b61.csv
b61,b6.1,II Región de Antofagasta,-69.21,-22.5,1716.0,2015-02-28,4.539112103174603,231.74107142857142,19.89357638888889,45.46800595238095,,,http://walker.dgf.uchile.cl/Mediciones/datos/csv/b61.csv
b61,b6.1,II Región de Antofagasta,-69.21,-22.5,1716.0,2015-03-31,4.410058243727598,224.88194444444446,19.62305107526882,49.39473081328752,,,http://walker.dgf.uchile.cl/Mediciones/datos/csv/b61.csv
b61,b6.1,II Región de Antofagasta,-69.21,-22.5,1716.0,2015-04-30,5.522530864197531,199.95756172839506,19.968595679012346,26.204475308641975,,,http://walker.dgf.uchile.cl/Mediciones/datos/csv/b61.csv
c11,c1.1,II Región de Antofagasta,-70.17,-23.72,617.0,2010-06-30,4.489970208540218,204.47964250248262,9.48545183714002,70.39980059820539,940.9086395233367,180.99900695134062,http://walker.dgf.uchile.cl/Mediciones/datos/csv/c11.csv
c11,c1.1,II Región de Antofagasta,-70.17,-23.72,617.0,2010-07-31,4.680443548387097,194.53046594982078,8.007952508960573,66.36591478696742,941.6668906810036,199.27374551971326,http://walker.dgf.uchile.cl/Mediciones/datos/csv/c11.csv
c11,c1.1,II Región de Antofagasta,-70.17,-23.72,617.0,2010-08-31,5.075537634408603,207.7589605734767,9.779435483870968,71.224331122799,940.2502240143369,235.28203405017922,http://walker.dgf.uchile.cl/Mediciones/datos/csv/c11.csv
c11,c1.1,II Región de Antofagasta,-70.17,-23.72,617.0,2010-09-30,5.06162037037037,211.17546296296297,11.437893518518518,67.49239766081871,940.2740740740741,300.8652777777778,http://walker.dgf.uchile.cl/Mediciones/datos/csv/c11.csv
c11,c1.1,II Región de Antofagasta,-70.17,-23.72,617.0,2010-10-31,5.038239247311828,227.9758064516129,12.256742831541219,69.80017921146954,940.1995967741935,345.08624551971326,http://walker.dgf.uchile.cl/Mediciones/datos/csv/c11.csv
c11,c1.1,II Región de Antofagasta,-70.17,-23.72,617.0,2010-11-30,4.952106481481481,230.66550925925927,13.818449074074074,69.57037037037037,939.2979166666667,378.7282407407407,http://walker.dgf.uchile.cl/Mediciones/datos/csv/c11.csv
c11,c1.1,II Región de Antofagasta,-70.17,-23.72,617.0,2010-12-31,5.035819892473119,234.7206541218638,15.15983422939068,69.59811827956989,938.3974014336918,382.2396953405018,http://walker.dgf.uchile.cl/Mediciones/datos/csv/c11.csv
c11,c1.1,II Región de Antofagasta,-70.17,-23.72,617.0,2011-01-31,4.854390681003585,229.54995519713262,17.348051075268817,66.51545698924731,937.4478046594982,385.98297491039426,http://walker.dgf.uchile.cl/Mediciones/datos/csv/c11.csv
c11,c1.1,II Región de Antofagasta,-70.17,-23.72,617.0,2011-02-28,4.729935515873016,233.359375,18.97373511904762,64.01512896825396,938.1001984126984,346.28125,http://walker.dgf.uchile.cl/Mediciones/datos/csv/c11.csv
c11,c1.1,II Región de Antofagasta,-70.17,-23.72,617.0,2011-03-31,4.622737455197133,214.20721326164875,16.4019041218638,66.12074372759857,938.4480286738351,322.62387992831543,http://walker.dgf.uchile.cl/Mediciones/datos/csv/c11.csv
c11,c1.1,II Región de Antofagasta,-70.17,-23.72,617.0,2011-04-30,4.294560185185185,212.14953703703705,14.450810185185185,71.67650476411805,938.8949074074075,255.9664351851852,http://walker.dgf.uchile.cl/Mediciones/datos/csv/c11.csv
c11,c1.1,II Región de Antofagasta,-70.17,-23.72,617.0,2011-05-31,4.697916666666667,202.65725806451613,12.131339605734768,69.60444852098142,938.8172043010753,203.3277329749104,http://walker.dgf.uchile.cl/Mediciones/datos/csv/c11.csv
c11,c1.1,II Región de Antofagasta,-70.17,-23.72,617.0,2011-06-30,4.274953703703703,210.825,10.938171296296296,77.34861278648975,939.6715277777778,172.53657407407408,http://walker.dgf.uchile.cl/Mediciones/datos/csv/c11.csv
c11,c1.1,II Región de Antofagasta,-70.17,-23.72,617.0,2011-07-31,4.746052929201538,200.2691698710699,10.196482696222574,72.6146701595618,939.6586745080299,178.84754580411672,http://walker.dgf.uchile.cl/Mediciones/datos/csv/c11.csv
c11,c1.1,II Región de Antofagasta,-70.17,-23.72,617.0,2011-08-31,5.149305555555555,200.67361111111111,10.78290770609319,64.31237276634246,939.760976702509,239.4043458781362,http://walker.dgf.uchile.cl/Mediciones/datos/csv/c11.csv
c11,c1.1,II Región de Antofagasta,-70.17,-23.72,617.0,2011-09-30,4.944519906323185,225.7639344262295,11.241451990632319,76.9244508810041,939.8100702576112,298.6463700234192,http://walker.dgf.uchile.cl/Mediciones/datos/csv/c11.csv
c11,c1.1,II Región de Antofagasta,-70.17,-23.72,617.0,2011-10-31,5.042506811989101,217.82379654859218,12.963101725703906,62.87985381452718,939.8117620345141,354.28996366939145,http://walker.dgf.uchile.cl/Mediciones/datos/csv/c11.csv
c11,c1.1,II Región de Antofagasta,-70.17,-23.72,617.0,2011-11-30,4.876481481481481,233.96875,14.060694444444444,69.9699074074074,938.6905092592592,379.87083333333334,http://walker.dgf.uchile.cl/Mediciones/datos/csv/c11.csv
c11,c1.1,II Región de Antofagasta,-70.17,-23.72,617.0,2011-12-31,4.974910394265233,240.396729390681,16.502688172043012,69.23364695340501,938.1975806451613,373.3133960573477,http://walker.dgf.uchile.cl/Mediciones/datos/csv/c11.csv
c11,c1.1,II Región de Antofagasta,-70.17,-23.72,617.0,2012-01-31,5.073678315412186,229.55801971326164,18.07320788530466,64.82325268817205,938.2739695340501,372.00716845878134,http://walker.dgf.uchile.cl/Mediciones/datos/csv/c11.csv
c11,c1.1,II Región de Antofagasta,-70.17,-23.72,617.0,2012-02-29,4.612619731800766,231.35105363984675,18.90610632183908,66.49904214559388,937.2971743295019,346.6786398467433,http://walker.dgf.uchile.cl/Mediciones/datos/csv/c11.csv
c11,c1.1,II Región de Antofagasta,-70.17,-23.72,617.0,2012-03-31,4.692921146953405,216.39964157706092,17.788306451612904,69.38664874551971,936.7040770609319,312.0929659498208,http://walker.dgf.uchile.cl/Mediciones/datos/csv/c11.csv
c11,c1.1,II Región de Antofagasta,-70.17,-23.72,617.0,2012-04-30,4.5500694444444445,203.36921296296296,16.250462962962963,66.9775462962963,938.6395833333333,232.61157407407407,http://walker.dgf.uchile.cl/Mediciones/datos/csv/c11.csv
c11,c1.1,II Región de Antofagasta,-70.17,-23.72,617.0,2012-05-31,4.702419354838709,193.74126344086022,12.843570788530466,70.59432048681542,938.4502688172043,193.1720430107527,http://walker.dgf.uchile.cl/Mediciones/datos/csv/c11.csv
c11,c1.1,II Región de Antofagasta,-70.17,-23.72,617.0,2012-06-30,4.851064814814815,185.74421296296296,12.38875,68.73838289962825,939.4662037037037,174.16782407407408,http://walker.dgf.uchile.cl/Mediciones/datos/csv/c11.csv
c11,c1.1,II Región de Antofagasta,-70.17,-23.72,617.0,2012-07-31,4.7864919354838715,196.23633512544802,9.97334229390681,70.09697245618028,939.2240143369175,188.608646953405,http://walker.dgf.uchile.cl/Mediciones/datos/csv/c11.csv
c11,c1.1,II Región de Antofagasta,-70.17,-23.72,617.0,2012-08-31,4.671639784946237,215.4937275985663,10.629278673835126,72.59187794480593,940.141353046595,231.11895161290323,http://walker.dgf.uchile.cl/Mediciones/datos/csv/c11.csv
c11,c1.1,II Región de Antofagasta,-70.17,-23.72,617.0,2012-09-30,4.842175925925926,226.2585648148148,11.822268518518518,74.07252798507463,939.5335648148148,282.6553240740741,http://walker.dgf.uchile.cl/Mediciones/datos/csv/c11.csv
c11,c1.1,II Región de Antofagasta,-70.17,-23.72,617.0,2012-10-31,5.05752688172043,229.64986559139786,12.414314516129032,73.08954219030521,939.2134856630825,343.20094086021504,http://walker.dgf.uchile.cl/Mediciones/datos/csv/c11.csv
c11,c1.1,II Región de Antofagasta,-70.17,-23.72,617.0,2012-11-30,4.8867824074074075,234.21180555555554,14.150462962962964,69.92662037037037,939.3180555555556,380.9384259259259,http://walker.dgf.uchile.cl/Mediciones/datos/csv/c11.csv
c11,c1.1,II Región de Antofagasta,-70.17,-23.72,617.0,2012-12-31,4.860678531701891,229.59121245828698,15.767797552836486,67.74972191323693,939.3259176863181,378.62068965517244,http://walker.dgf.uchile.cl/Mediciones/datos/csv/c11.csv
c71,c7.1,II Región de Antofagasta,-69.93,-23.76,647.0,2009-08-31,5.859856630824373,193.77262544802866,11.475470430107526,50.448208627833296,,,http://walker.dgf.uchile.cl/Mediciones/datos/csv/c71.csv
c71,c7.1,II Región de Antofagasta,-69.93,-23.76,647.0,2009-09-30,6.576018518518519,210.3314814814815,11.852314814814815,54.86755646817249,,,http://walker.dgf.uchile.cl/Mediciones/datos/csv/c71.csv
c71,c7.1,II Región de Antofagasta,-69.93,-23.76,647.0,2009-10-31,7.241868279569893,217.2654569892473,13.785976702508961,56.93051575931232,,,http://walker.dgf.uchile.cl/Mediciones/datos/csv/c71.csv
c71,c7.1,II Región de Antofagasta,-69.93,-23.76,647.0,2009-11-30,8.073703703703703,224.10300925925927,14.771458333333333,66.73493118177504,,,http://walker.dgf.uchile.cl/Mediciones/datos/csv/c71.csv
c71,c7.1,II Región de Antofagasta,-69.93,-23.76,647.0,2009-12-31,8.096485260770976,223.82290249433106,16.019274376417233,67.70438957475994,938.1377314814815,,http://walker.dgf.uchile.cl/Mediciones/datos/csv/c71.csv
c71,c7.1,II Región de Antofagasta,-69.93,-23.76,647.0,2010-01-31,7.9517697132616485,225.1798835125448,17.34249551971326,66.90501792114695,937.1438172043011,,http://walker.dgf.uchile.cl/Mediciones/datos/csv/c71.csv
c71,c7.1,II Región de Antofagasta,-69.93,-23.76,647.0,2010-02-28,7.409375,222.92559523809524,18.794494047619047,66.69915674603175,936.9198908730159,,http://walker.dgf.uchile.cl/Mediciones/datos/csv/c71.csv
c71,c7.1,II Región de Antofagasta,-69.93,-23.76,647.0,2010-03-31,6.954032258064516,211.2334229390681,16.836290322580645,66.36453423120089,937.8662634408602,,http://walker.dgf.uchile.cl/Mediciones/datos/csv/c71.csv
c71,c7.1,II Región de Antofagasta,-69.93,-23.76,647.0,2010-04-30,6.337800925925926,206.4125,15.106782407407408,65.6882996045592,939.0775462962963,,http://walker.dgf.uchile.cl/Mediciones/datos/csv/c71.csv
c71,c7.1,II Región de Antofagasta,-69.93,-23.76,647.0,2010-05-31,5.3348118279569885,196.92607526881721,13.236671146953405,57.0265306122449,940.0062724014336,,http://walker.dgf.uchile.cl/Mediciones/datos/csv/c71.csv
c71,c7.1,II Región de Antofagasta,-69.93,-23.76,647.0,2010-06-30,4.866018518518518,192.7060185185185,10.801967592592593,55.677381233750886,941.3736111111111,,http://walker.dgf.uchile.cl/Mediciones/datos/csv/c71.csv
c71,c7.1,II Región de Antofagasta,-69.93,-23.76,647.0,2010-07-31,5.1204525089605735,191.19063620071685,8.104435483870967,56.23389675650982,941.97020609319,,http://walker.dgf.uchile.cl/Mediciones/datos/csv/c71.csv
c71,c7.1,II Región de Antofagasta,-69.93,-23.76,647.0,2010-08-31,5.9279569892473125,203.09923835125448,10.330981182795698,60.58226982680036,940.4657258064516,,http://walker.dgf.uchile.cl/Mediciones/datos/csv/c71.csv
c71,c7.1,II Región de Antofagasta,-69.93,-23.76,647.0,2010-09-30,6.408194444444445,205.63935185185184,11.977199074074074,57.67399861078953,940.4206018518519,,http://walker.dgf.uchile.cl/Mediciones/datos/csv/c71.csv
c71,c7.1,II Región de Antofagasta,-69.93,-23.76,647.0,2010-10-31,7.2081989247311835,217.13754480286738,12.401321684587813,62.35797491039426,940.2372311827957,,http://walker.dgf.uchile.cl/Mediciones/datos/csv/c71.csv
c71,c7.1,II Región de Antofagasta,-69.93,-23.76,647.0,2010-11-30,7.4963194444444445,217.56319444444443,14.162060185185185,59.71458333333333,939.4025462962964,,http://walker.dgf.uchile.cl/Mediciones/datos/csv/c71.csv
c71,c7.1,II Región de Antofagasta,-69.93,-23.76,647.0,2010-12-31,7.894758064516128,220.6861559139785,15.556317204301074,61.49910394265233,938.5103046594982,,http://walker.dgf.uchile.cl/Mediciones/datos/csv/c71.csv
c71,c7.1,II Región de Antofagasta,-69.93,-23.76,647.0,2011-01-31,7.4470430107526875,215.34991039426524,17.57806899641577,60.35730286738351,937.605958781362,,http://walker.dgf.uchile.cl/Mediciones/datos/csv/c71.csv
c71,c7.1,II Región de Antofagasta,-69.93,-23.76,647.0,2011-02-28,6.885243055555556,215.99156746031747,19.25989583333333,58.26760912698413,938.250496031746,,http://walker.dgf.uchile.cl/Mediciones/datos/csv/c71.csv
c71,c7.1,II Región de Antofagasta,-69.93,-23.76,647.0,2011-03-31,6.548476702508961,206.93167562724014,16.60931899641577,58.71012544802868,938.6798835125448,,http://walker.dgf.uchile.cl/Mediciones/datos/csv/c71.csv
c71,c7.1,II Región de Antofagasta,-69.93,-23.76,647.0,2011-04-30,6.0529166666666665,204.50023148148148,14.915069444444445,62.317824074074075,939.1891203703703,,http://walker.dgf.uchile.cl/Mediciones/datos/csv/c71.csv
c71,c7.1,II Región de Antofagasta,-69.93,-23.76,647.0,2011-05-31,5.346214157706093,192.56048387096774,12.668279569892473,59.54099462365591,939.5051523297491,,http://walker.dgf.uchile.cl/Mediciones/datos/csv/c71.csv
c71,c7.1,II Región de Antofagasta,-69.93,-23.76,647.0,2011-06-30,5.245694444444445,201.89444444444445,10.921111111111111,71.3,940.5372685185185,,http://walker.dgf.uchile.cl/Mediciones/datos/csv/c71.csv
c71,c7.1,II Región de Antofagasta,-69.93,-23.76,647.0,2011-07-31,5.437455197132616,198.35819892473117,10.714224910394266,64.61693548387096,940.3187724014336,,http://walker.dgf.uchile.cl/Mediciones/datos/csv/c71.csv
c71,c7.1,II Región de Antofagasta,-69.93,-23.76,647.0,2011-08-31,5.688933691756273,197.40837813620072,11.325784050179212,53.90725806451613,940.3290770609319,,http://walker.dgf.uchile.cl/Mediciones/datos/csv/c71.csv
c71,c7.1,II Región de Antofagasta,-69.93,-23.76,647.0,2011-09-30,6.6722157092614305,214.11699882766706,11.522684642438453,69.25351782363977,940.5472450175849,0.0,http://walker.dgf.uchile.cl/Mediciones/datos/csv/c71.csv
c71,c7.1,II Región de Antofagasta,-69.93,-23.76,647.0,2011-10-31,6.815703405017921,211.42069892473117,13.373521505376344,54.18660394265233,940.622311827957,0.0,http://walker.dgf.uchile.cl/Mediciones/datos/csv/c71.csv
c71,c7.1,II Región de Antofagasta,-69.93,-23.76,647.0,2011-11-30,7.743089430894309,220.09245063879212,14.332764227642278,60.87665505226481,939.4185830429733,0.0,http://walker.dgf.uchile.cl/Mediciones/datos/csv/c71.csv
c71,c7.1,II Región de Antofagasta,-69.93,-23.76,647.0,2011-12-31,7.943637992831541,226.4016577060932,16.649551971326165,62.70586917562724,938.8060035842294,0.0,http://walker.dgf.uchile.cl/Mediciones/datos/csv/c71.csv
c71,c7.1,II Región de Antofagasta,-69.93,-23.76,647.0,2012-01-31,7.422939068100359,216.26142473118279,18.38472222222222,58.06205197132616,939.0389784946236,0.0,http://walker.dgf.uchile.cl/Mediciones/datos/csv/c71.csv
c71,c7.1,II Región de Antofagasta,-69.93,-23.76,647.0,2012-02-29,7.167696360153257,219.33620689655172,19.14166666666667,60.7169540229885,937.945162835249,0.0,http://walker.dgf.uchile.cl/Mediciones/datos/csv/c71.csv
c71,c7.1,II Región de Antofagasta,-69.93,-23.76,647.0,2012-03-31,6.707437275985663,205.19198028673836,18.059722222222224,62.866263440860216,937.6066308243728,0.0,http://walker.dgf.uchile.cl/Mediciones/datos/csv/c71.csv
c71,c7.1,II Región de Antofagasta,-69.93,-23.76,647.0,2012-04-30,5.779467592592592,197.24189814814815,16.279074074074074,62.523842592592594,939.7282407407407,0.0,http://walker.dgf.uchile.cl/Mediciones/datos/csv/c71.csv
c71,c7.1,II Región de Antofagasta,-69.93,-23.76,647.0,2012-05-31,5.656675627240143,194.48678315412187,13.089516129032258,62.426200089726336,939.7452956989247,0.0,http://walker.dgf.uchile.cl/Mediciones/datos/csv/c71.csv
c71,c7.1,II Región de Antofagasta,-69.93,-23.76,647.0,2012-06-30,4.935439814814814,181.61111111111111,12.904884259259259,57.88927495946259,940.7844907407407,0.0,http://walker.dgf.uchile.cl/Mediciones/datos/csv/c71.csv
c71,c7.1,II Región de Antofagasta,-69.93,-23.76,647.0,2012-07-31,5.140613799283154,190.82840501792114,10.315501792114695,59.23620457604307,940.5013440860215,0.0,http://walker.dgf.uchile.cl/Mediciones/datos/csv/c71.csv
c71,c7.1,II Región de Antofagasta,-69.93,-23.76,647.0,2012-08-31,5.977396953405018,206.47020609318997,10.831294802867383,63.687373850639155,940.9280913978495,0.0,http://walker.dgf.uchile.cl/Mediciones/datos/csv/c71.csv
c71,c7.1,II Región de Antofagasta,-69.93,-23.76,647.0,2012-09-30,6.923796296296296,215.55162037037036,12.39048611111111,64.50730688935282,940.3840277777778,0.0,http://walker.dgf.uchile.cl/Mediciones/datos/csv/c71.csv
c71,c7.1,II Región de Antofagasta,-69.93,-23.76,647.0,2012-10-31,7.23915770609319,220.17697132616487,12.972468637992831,63.104166666666664,939.9991039426524,0.0,http://walker.dgf.uchile.cl/Mediciones/datos/csv/c71.csv
c71,c7.1,II Región de Antofagasta,-69.93,-23.76,647.0,2012-11-30,7.747700701480904,219.84333593141076,14.128020265003897,63.050272798129384,939.3643803585347,0.0,http://walker.dgf.uchile.cl/Mediciones/datos/csv/c71.csv
c8,c8,II Región de Antofagasta,-70.14,-23.45,773.0,2009-07-31,6.255364033959351,154.1860046308207,12.505183946488295,36.13888145571314,,,http://walker.dgf.uchile.cl/Mediciones/datos/csv/c8.csv
c8,c8,II Región de Antofagasta,-70.14,-23.45,773.0,2009-08-31,6.5012096774193555,159.46393369175627,13.126276881720429,41.4711802378774,,,http://walker.dgf.uchile.cl/Mediciones/datos/csv/c8.csv
c8,c8,II Región de Antofagasta,-70.14,-23.45,773.0,2009-09-30,5.9907870370370375,180.0548611111111,12.849907407407407,45.19399428026692,,,http://walker.dgf.uchile.cl/Mediciones/datos/csv/c8.csv
c8,c8,II Región de Antofagasta,-70.14,-23.45,773.0,2009-10-31,6.091778029445074,189.39229898074746,14.571313703284257,51.37773637633908,,,http://walker.dgf.uchile.cl/Mediciones/datos/csv/c8.csv
c8,c8,II Región de Antofagasta,-70.14,-23.45,773.0,2009-11-30,6.1721759259259255,190.19305555555556,15.431458333333332,63.64318813716404,,,http://walker.dgf.uchile.cl/Mediciones/datos/csv/c8.csv
c8,c8,II Región de Antofagasta,-70.14,-23.45,773.0,2009-12-31,6.086324398000909,184.49159472966832,16.544865970013632,66.40776919582008,926.7486645299145,322.07852564102564,http://walker.dgf.uchile.cl/Mediciones/datos/csv/c8.csv
c8,c8,II Región de Antofagasta,-70.14,-23.45,773.0,2010-01-31,6.078920250896057,184.9605734767025,17.570855734767026,66.06563620071685,925.8021953405018,311.641353046595,http://walker.dgf.uchile.cl/Mediciones/datos/csv/c8.csv
c8,c8,II Región de Antofagasta,-70.14,-23.45,773.0,2010-02-28,5.66639384920635,181.21626984126985,18.826984126984126,68.35243055555556,925.5059523809524,271.52256944444446,http://walker.dgf.uchile.cl/Mediciones/datos/csv/c8.csv
c8,c8,II Región de Antofagasta,-70.14,-23.45,773.0,2010-03-31,5.847647849462366,175.34363799283153,17.29527329749104,62.83714157706093,926.2862903225806,234.12186379928315,http://walker.dgf.uchile.cl/Mediciones/datos/csv/c8.csv
c8,c8,II Región de Antofagasta,-70.14,-23.45,773.0,2010-04-30,5.808194444444445,173.87800925925927,15.979791666666666,60.79439685112295,927.3266203703704,181.29513888888889,http://walker.dgf.uchile.cl/Mediciones/datos/csv/c8.csv
c8,c8,II Región de Antofagasta,-70.14,-23.45,773.0,2010-05-31,6.0831989247311835,164.95743727598565,14.487074372759857,52.129957427739186,928.0024641577061,145.69847670250897,http://walker.dgf.uchile.cl/Mediciones/datos/csv/c8.csv
c8,c8,II Región de Antofagasta,-70.14,-23.45,773.0,2010-06-30,5.881495809155384,158.7885235332044,12.588781431334624,44.47142857142857,929.4790457769182,134.57898130238556,http://walker.dgf.uchile.cl/Mediciones/datos/csv/c8.csv
cebada_cerro,La Cebada - Cerro,Región de Coquimbo,-71.56,-30.95,606.0,2006-06-30,3.928680010134279,173.72181403597668,,,,115.96744362807195,http://walker.dgf.uchile.cl/Mediciones/datos/csv/cebada_cerro.csv
cebada_cerro,La Cebada - Cerro,Región de Coquimbo,-71.56,-30.95,606.0,2006-07-31,4.450918458781362,169.21348566308242,,,,119.05842293906811,http://walker.dgf.uchile.cl/Mediciones/datos/csv/cebada_cerro.csv
cebada_cerro,La Cebada - Cerro,Región de Coquimbo,-71.56,-30.95,606.0,2006-08-31,3.556406810035842,198.43391577060933,,,,160.9559139784946,http://walker.dgf.uchile.cl/Mediciones/datos/csv/cebada_cerro.csv
cebada_cerro,La Cebada - Cerro,Región de Coquimbo,-71.56,-30.95,606.0,2006-09-30,4.510300925925926,200.52662037037038,,,,215.9864351851852,http://walker.dgf.uchile.cl/Mediciones/datos/csv/cebada_cerro.csv
cebada_cerro,La Cebada - Cerro,Región de Coquimbo,-71.56,-30.95,606.0,2006-10-31,4.728270609318996,218.12007168458783,,,,254.14751344086022,http://walker.dgf.uchile.cl/Mediciones/datos/csv/cebada_cerro.csv
cebada_cerro,La Cebada - Cerro,Región de Coquimbo,-71.56,-30.95,606.0,2006-11-30,4.79224537037037,217.82569444444445,,,,294.9882407407407,http://walker.dgf.uchile.cl/Mediciones/datos/csv/cebada_cerro.csv
cebada_cerro,La Cebada - Cerro,Región de Coquimbo,-71.56,-30.95,606.0,2006-12-31,5.060125448028674,227.35506272401435,,,,315.014314516129,http://walker.dgf.uchile.cl/Mediciones/datos/csv/cebada_cerro.csv
cebada_cerro,La Cebada - Cerro,Región de Coquimbo,-71.56,-30.95,606.0,2007-01-31,4.690277777777778,218.37724014336916,,,,318.4764784946237,http://walker.dgf.uchile.cl/Mediciones/datos/csv/cebada_cerro.csv
cebada_cerro,La Cebada - Cerro,Región de Coquimbo,-71.56,-30.95,606.0,2007-02-28,4.503249007936508,220.2889384920635,,,,272.7343005952381,http://walker.dgf.uchile.cl/Mediciones/datos/csv/cebada_cerro.csv
cebada_cerro,La Cebada - Cerro,Región de Coquimbo,-71.56,-30.95,606.0,2007-03-31,4.1822580645161285,211.10147849462365,,,,248.45510752688173,http://walker.dgf.uchile.cl/Mediciones/datos/csv/cebada_cerro.csv
cebada_cerro,La Cebada - Cerro,Región de Coquimbo,-71.56,-30.95,606.0,2007-04-30,4.019490740740741,207.61944444444444,,,,187.3222685185185,http://walker.dgf.uchile.cl/Mediciones/datos/csv/cebada_cerro.csv
cebada_cerro,La Cebada - Cerro,Región de Coquimbo,-71.56,-30.95,606.0,2007-05-31,3.71535018430753,197.48999473407056,,,,153.07493417588205,http://walker.dgf.uchile.cl/Mediciones/datos/csv/cebada_cerro.csv
cebada_costa,La Cebada - costa,Región de Coquimbo,-71.63,-31.03,265.0,2006-06-30,4.651227983130736,158.93227486975937,,,,,http://walker.dgf.uchile.cl/Mediciones/datos/csv/cebada_costa.csv
cebada_costa,La Cebada - costa,Región de Coquimbo,-71.63,-31.03,265.0,2006-07-31,5.41008064516129,161.79009856630825,,,,,http://walker.dgf.uchile.cl/Mediciones/datos/csv/cebada_costa.csv
cebada_costa,La Cebada - costa,Región de Coquimbo,-71.63,-31.03,265.0,2006-08-31,4.479435483870968,189.15322580645162,,,,,http://walker.dgf.uchile.cl/Mediciones/datos/csv/cebada_costa.csv
cebada_costa,La Cebada - costa,Región de Coquimbo,-71.63,-31.03,265.0,2006-09-30,5.997361111111111,184.1613425925926,,,,,http://walker.dgf.uchile.cl/Mediciones/datos/csv/cebada_costa.csv
cebada_costa,La Cebada - costa,Región de Coquimbo,-71.63,-31.03,265.0,2006-10-31,6.817719534050179,191.53405017921148,,,,,http://walker.dgf.uchile.cl/Mediciones/datos/csv/cebada_costa.csv
cebada_costa,La Cebada - costa,Región de Coquimbo,-71.63,-31.03,265.0,2006-11-30,1.2353703703703705,30.372916666666665,,,,,http://walker.dgf.uchile.cl/Mediciones/datos/csv/cebada_costa.csv
cebada_costa,La Cebada - costa,Región de Coquimbo,-71.63,-31.03,265.0,2006-12-31,3.0042562724014337,69.8125,,,,,http://walker.dgf.uchile.cl/Mediciones/datos/csv/cebada_costa.csv
cebada_costa,La Cebada - costa,Región de Coquimbo,-71.63,-31.03,265.0,2007-01-31,6.024171146953405,200.92069892473117,,,,,http://walker.dgf.uchile.cl/Mediciones/datos/csv/cebada_costa.csv
cebada_costa,La Cebada - costa,Región de Coquimbo,-71.63,-31.03,265.0,2007-02-28,5.729811507936508,199.0109126984127,,,,,http://walker.dgf.uchile.cl/Mediciones/datos/csv/cebada_costa.csv
cebada_costa,La Cebada - costa,Región de Coquimbo,-71.63,-31.03,265.0,2007-03-31,5.251366487455197,197.07437275985663,,,,,http://walker.dgf.uchile.cl/Mediciones/datos/csv/cebada_costa.csv
cebada_costa,La Cebada - costa,Región de Coquimbo,-71.63,-31.03,265.0,2007-04-30,4.97136574074074,186.69351851851852,,,,,http://walker.dgf.uchile.cl/Mediciones/datos/csv/cebada_costa.csv
cebada_costa,La Cebada - costa,Región de Coquimbo,-71.63,-31.03,265.0,2007-05-31,5.325552050473187,178.82071503680336,,,,,http://walker.dgf.uchile.cl/Mediciones/datos/csv/cebada_costa.csv
chaca,Valle Chaca,Región de Arica y Parinacota,-70.15,-18.8,48.0,2003-01-31,3.677804487179487,228.6738782051282,,,,13.846153846153847,http://walker.dgf.uchile.cl/Mediciones/datos/csv/chaca.csv
chaca,Valle Chaca,Región de Arica y Parinacota,-70.15,-18.8,48.0,2003-02-28,3.791691468253968,221.79786706349208,,,,14.6875,http://walker.dgf.uchile.cl/Mediciones/datos/csv/chaca.csv
chaca,Valle Chaca,Región de Arica y Parinacota,-70.15,-18.8,48.0,2003-03-31,3.531310818546079,215.3142530051517,,,,13.780767029192901,http://walker.dgf.uchile.cl/Mediciones/datos/csv/chaca.csv
chaca,Valle Chaca,Región de Arica y Parinacota,-70.15,-18.8,48.0,2003-12-31,3.53776144714528,227.0254381006218,,,,10.6840022611645,http://walker.dgf.uchile.cl/Mediciones/datos/csv/chaca.csv
chaca,Valle Chaca,Región de Arica y Parinacota,-70.15,-18.8,48.0,2004-01-31,3.5929659498207887,233.57437275985663,,,,10.504032258064516,http://walker.dgf.uchile.cl/Mediciones/datos/csv/chaca.csv
chaca,Valle Chaca,Región de Arica y Parinacota,-70.15,-18.8,48.0,2004-02-29,3.601101796407186,233.69820359281437,,,,18.61986118526428,http://walker.dgf.uchile.cl/Mediciones/datos/csv/chaca.csv
chaca,Valle Chaca,Región de Arica y Parinacota,-70.15,-18.8,48.0,2004-03-31,3.391845878136201,222.3965053763441,,,,68.95213923132705,http://walker.dgf.uchile.cl/Mediciones/datos/csv/chaca.csv
chaca,Valle Chaca,Región de Arica y Parinacota,-70.15,-18.8,48.0,2004-04-30,3.0882584529874944,201.1683649837888,,,,69.8342939481268,http://walker.dgf.uchile.cl/Mediciones/datos/csv/chaca.csv
chaca,Valle Chaca,Región de Arica y Parinacota,-70.15,-18.8,48.0,2004-05-31,2.597423835125448,186.79816308243727,,,,72.17347956131606,http://walker.dgf.uchile.cl/Mediciones/datos/csv/chaca.csv
chaca,Valle Chaca,Región de Arica y Parinacota,-70.15,-18.8,48.0,2004-06-30,2.299814814814815,189.65439814814815,,,,70.13297872340425,http://walker.dgf.uchile.cl/Mediciones/datos/csv/chaca.csv
chaca,Valle Chaca,Región de Arica y Parinacota,-70.15,-18.8,48.0,2004-07-31,2.524439964157706,192.353270609319,,,,72.26319135410044,http://walker.dgf.uchile.cl/Mediciones/datos/csv/chaca.csv
chaca,Valle Chaca,Región de Arica y Parinacota,-70.15,-18.8,48.0,2004-08-31,2.879103139013453,218.4309417040359,,,,75.89108910891089,http://walker.dgf.uchile.cl/Mediciones/datos/csv/chaca.csv
chaca,Valle Chaca,Región de Arica y Parinacota,-70.15,-18.8,48.0,2004-09-30,3.3177314814814816,216.26921296296297,,,,67.42628321805606,http://walker.dgf.uchile.cl/Mediciones/datos/csv/chaca.csv
chaca,Valle Chaca,Región de Arica y Parinacota,-70.15,-18.8,48.0,2004-10-31,3.610428347163041,223.58466023772147,,,,70.78467153284672,http://walker.dgf.uchile.cl/Mediciones/datos/csv/chaca.csv
chaca,Valle Chaca,Región de Arica y Parinacota,-70.15,-18.8,48.0,2004-11-30,3.8423148148148147,224.90671296296296,,,,68.42249121436939,http://walker.dgf.uchile.cl/Mediciones/datos/csv/chaca.csv
chaca,Valle Chaca,Región de Arica y Parinacota,-70.15,-18.8,48.0,2004-12-31,3.7444727694090383,230.84009269988414,,,,74.94080505130229,http://walker.dgf.uchile.cl/Mediciones/datos/csv/chaca.csv
chaca,Valle Chaca,Región de Arica y Parinacota,-70.15,-18.8,48.0,2005-01-31,3.677128136200717,238.25044802867384,,,,77.65886287625418,http://walker.dgf.uchile.cl/Mediciones/datos/csv/chaca.csv
chaca,Valle Chaca,Región de Arica y Parinacota,-70.15,-18.8,48.0,2005-02-28,3.454076902099809,234.0777202072539,,,,82.5684485006519,http://walker.dgf.uchile.cl/Mediciones/datos/csv/chaca.csv
colchane,colchane,Región de Tarapacá,-68.65,-19.27,4200.0,2005-03-31,5.559481668773705,155.7927623261694,,,,,http://walker.dgf.uchile.cl/Mediciones/datos/csv/colchane.csv
colchane,colchane,Región de Tarapacá,-68.65,-19.27,4200.0,2005-04-30,5.995972222222222,153.25618055555555,,,,,http://walker.dgf.uchile.cl/Mediciones/datos/csv/colchane.csv
colchane,colchane,Región de Tarapacá,-68.65,-19.27,4200.0,2005-05-31,6.272804659498208,149.28626792114696,,,,,http://walker.dgf.uchile.cl/Mediciones/datos/csv/colchane.csv
colchane,colchane,Región de Tarapacá,-68.65,-19.27,4200.0,2005-06-30,5.2752083333333335,158.13030092592592,,,,,http://walker.dgf.uchile.cl/Mediciones/datos/csv/colchane.csv
colchane,colchane,Región de Tarapacá,-68.65,-19.27,4200.0,2005-07-31,6.712275985663082,152.8589605734767,,,,,http://walker.dgf.uchile.cl/Mediciones/datos/csv/colchane.csv
colchane,colchane,Región de Tarapacá,-68.65,-19.27,4200.0,2005-08-31,6.159655017921147,156.08263888888888,,,,,http://walker.dgf.uchile.cl/Mediciones/datos/csv/colchane.csv
colchane,colchane,Región de Tarapacá,-68.65,-19.27,4200.0,2005-09-30,8.247453703703703,126.27185185185186,,,,,http://walker.dgf.uchile.cl/Mediciones/datos/csv/colchane.csv
colchane,colchane,Región de Tarapacá,-68.65,-19.27,4200.0,2005-10-31,7.480398745519714,139.09059139784947,,,,,http://walker.dgf.uchile.cl/Mediciones/datos/csv/colchane.csv
colchane,colchane,Región de Tarapacá,-68.65,-19.27,4200.0,2005-11-30,1.0010199350950393,153.76984237366713,,,,,http://walker.dgf.uchile.cl/Mediciones/datos/csv/colchane.csv
colchane,colchane,Región de Tarapacá,-68.65,-19.27,4200.0,2005-12-31,0.4002016129032258,165.7670698924731,,,,,http://walker.dgf.uchile.cl/Mediciones/datos/csv/colchane.csv
colchane,colchane,Región de Tarapacá,-68.65,-19.27,4200.0,2006-01-31,0.40004480286738353,184.90423387096774,,,,,http://walker.dgf.uchile.cl/Mediciones/datos/csv/colchane.csv
colchane,colchane,Región de Tarapacá,-68.65,-19.27,4200.0,2006-02-28,0.4,165.70037202380954,,,,,http://walker.dgf.uchile.cl/Mediciones/datos/csv/colchane.csv
colchane,colchane,Región de Tarapacá,-68.65,-19.27,4200.0,2006-03-31,0.4,170.76814516129033,,,,,http://walker.dgf.uchile.cl/Mediciones/datos/csv/colchane.csv
colchane,colchane,Región de Tarapacá,-68.65,-19.27,4200.0,2006-04-30,0.4,171.3361574074074,,,,,http://walker.dgf.uchile.cl/Mediciones/datos/csv/colchane.csv
colchane,colchane,Región de Tarapacá,-68.65,-19.27,4200.0,2006-05-31,0.4,165.499708781362,,,,,http://walker.dgf.uchile.cl/Mediciones/datos/csv/colchane.csv
colchane,colchane,Región de Tarapacá,-68.65,-19.27,4200.0,2006-06-30,0.4,163.4495601851852,,,,,http://walker.dgf.uchile.cl/Mediciones/datos/csv/colchane.csv
colchane,colchane,Región de Tarapacá,-68.65,-19.27,4200.0,2006-07-31,0.4,161.75969982078854,,,,,http://walker.dgf.uchile.cl/Mediciones/datos/csv/colchane.csv
colchane,colchane,Región de Tarapacá,-68.65,-19.27,4200.0,2006-08-31,0.4,156.88353494623655,,,,,http://walker.dgf.uchile.cl/Mediciones/datos/csv/colchane.csv
colchane,colchane,Región de Tarapacá,-68.65,-19.27,4200.0,2006-09-30,0.5474768518518518,152.79645833333333,,,,,http://walker.dgf.uchile.cl/Mediciones/datos/csv/colchane.csv
colchane,colchane,Región de Tarapacá,-68.65,-19.27,4200.0,2006-10-31,4.632818100358423,174.34991039426524,,,,,http://walker.dgf.uchile.cl/Mediciones/datos/csv/colchane.csv
colchane,colchane,Región de Tarapacá,-68.65,-19.27,4200.0,2006-11-30,4.324259259259259,182.74884259259258,,,,,http://walker.dgf.uchile.cl/Mediciones/datos/csv/colchane.csv
colchane,colchane,Región de Tarapacá,-68.65,-19.27,4200.0,2006-12-31,4.13290770609319,185.71594982078852,,,,,http://walker.dgf.uchile.cl/Mediciones/datos/csv/colchane.csv
colchane,colchane,Región de Tarapacá,-68.65,-19.27,4200.0,2007-01-31,3.766666666666667,193.0383064516129,,,,,http://walker.dgf.uchile.cl/Mediciones/datos/csv/colchane.csv
colchane,colchane,Región de Tarapacá,-68.65,-19.27,4200.0,2007-02-28,3.890922619047619,184.24429563492063,,,,,http://walker.dgf.uchile.cl/Mediciones/datos/csv/colchane.csv
colchane,colchane,Región de Tarapacá,-68.65,-19.27,4200.0,2007-03-31,3.524663978494624,192.05040322580646,,,,,http://walker.dgf.uchile.cl/Mediciones/datos/csv/colchane.csv
colchane,colchane,Región de Tarapacá,-68.65,-19.27,4200.0,2007-04-30,3.213101851851852,186.68726851851852,,,,,http://walker.dgf.uchile.cl/Mediciones/datos/csv/colchane.csv
colchane,colchane,Región de Tarapacá,-68.65,-19.27,4200.0,2007-05-31,2.9945634266886327,166.36298736957716,,,,,http://walker.dgf.uchile.cl/Mediciones/datos/csv/colchane.csv
cupo,Cupo,Región de Antofagasta,-68.32,-22.12,3393.0,2003-12-31,6.038046340179042,180.0984728804634,,,,17.44075829383886,http://walker.dgf.uchile.cl/Mediciones/datos/csv/cupo.csv
cupo,Cupo,Región de Antofagasta,-68.32,-22.12,3393.0,2004-01-31,5.237208781362008,181.1301523297491,,,,16.25,http://walker.dgf.uchile.cl/Mediciones/datos/csv/cupo.csv
cupo,Cupo,Región de Antofagasta,-68.32,-22.12,3393.0,2004-02-29,5.236997126436782,179.02346743295018,,,,14.181034482758621,http://walker.dgf.uchile.cl/Mediciones/datos/csv/cupo.csv
cupo,Cupo,Región de Antofagasta,-68.32,-22.12,3393.0,2004-03-31,6.724484767025089,131.71639784946237,,,,12.943548387096774,http://walker.dgf.uchile.cl/Mediciones/datos/csv/cupo.csv
cupo,Cupo,Región de Antofagasta,-68.32,-22.12,3393.0,2004-04-30,7.031048853901366,152.28200972447326,,,,15.833118057349521,http://walker.dgf.uchile.cl/Mediciones/datos/csv/cupo.csv
cupo,Cupo,Región de Antofagasta,-68.32,-22.12,3393.0,2004-05-31,8.387298387096774,166.61491935483872,,,,35.420705699883676,http://walker.dgf.uchile.cl/Mediciones/datos/csv/cupo.csv
cupo,Cupo,Región de Antofagasta,-68.32,-22.12,3393.0,2004-06-30,9.193773148148148,114.36041666666667,,,,28.664739884393065,http://walker.dgf.uchile.cl/Mediciones/datos/csv/cupo.csv
cupo,Cupo,Región de Antofagasta,-68.32,-22.12,3393.0,2004-07-31,7.719408337068579,91.57754370237562,,,,58.6743711760707,http://walker.dgf.uchile.cl/Mediciones/datos/csv/cupo.csv
cupo,Cupo,Región de Antofagasta,-68.32,-22.12,3393.0,2004-08-31,7.82078853046595,176.32571684587813,,,,90.41270881100557,http://walker.dgf.uchile.cl/Mediciones/datos/csv/cupo.csv
cupo,Cupo,Región de Antofagasta,-68.32,-22.12,3393.0,2004-09-30,8.511157407407406,184.66319444444446,,,,62.483404919953145,http://walker.dgf.uchile.cl/Mediciones/datos/csv/cupo.csv
cupo,Cupo,Región de Antofagasta,-68.32,-22.12,3393.0,2004-10-31,7.570717839374556,188.17412935323384,,,,68.24238578680203,http://walker.dgf.uchile.cl/Mediciones/datos/csv/cupo.csv
d01,d01,II Región de Antofagasta,-69.81,-25.0,2269.0,2009-07-31,6.760750260507121,66.47064953108719,11.079489406043765,19.576695652173914,,,http://walker.dgf.uchile.cl/Mediciones/datos/csv/d01.csv
d01,d01,II Región de Antofagasta,-69.81,-25.0,2269.0,2009-08-31,3.9828629032258065,102.19556451612904,14.256944444444445,9.633512544802867,,,http://walker.dgf.uchile.cl/Mediciones/datos/csv/d01.csv
d01,d01,II Región de Antofagasta,-69.81,-25.0,2269.0,2009-09-30,9.749791666666667,87.94699074074074,13.836967592592591,8.615046296296295,,,http://walker.dgf.uchile.cl/Mediciones/datos/csv/d01.csv
d01,d01,II Región de Antofagasta,-69.81,-25.0,2269.0,2009-10-31,8.213911290322581,116.07034050179212,16.53378136200717,10.628360215053764,,,http://walker.dgf.uchile.cl/Mediciones/datos/csv/d01.csv
d01,d01,II Región de Antofagasta,-69.81,-25.0,2269.0,2009-11-30,6.831666666666666,138.5199074074074,17.533449074074074,18.95787037037037,,,http://walker.dgf.uchile.cl/Mediciones/datos/csv/d01.csv
d01,d01,II Región de Antofagasta,-69.81,-25.0,2269.0,2009-12-31,7.328843970020441,135.01408130819897,17.557245060186236,19.257778787190553,800.0,,http://walker.dgf.uchile.cl/Mediciones/datos/csv/d01.csv
d01,d01,II Región de Antofagasta,-69.81,-25.0,2269.0,2010-01-31,7.253293010752689,134.07638888888889,18.058960573476703,22.18010752688172,800.0,,http://walker.dgf.uchile.cl/Mediciones/datos/csv/d01.csv
d01,d01,II Región de Antofagasta,-69.81,-25.0,2269.0,2010-02-28,8.117460317460317,119.7423115079365,18.44593253968254,31.65277777777778,800.0,,http://walker.dgf.uchile.cl/Mediciones/datos/csv/d01.csv
d01,d01,II Región de Antofagasta,-69.81,-25.0,2269.0,2010-03-31,7.074955197132616,126.3508064516129,18.20313620071685,22.907482078853047,800.0,,http://walker.dgf.uchile.cl/Mediciones/datos/csv/d01.csv
d01,d01,II Región de Antofagasta,-69.81,-25.0,2269.0,2010-04-30,7.460486111111111,119.11712962962963,16.482175925925926,19.96712962962963,800.0,,http://walker.dgf.uchile.cl/Mediciones/datos/csv/d01.csv
d01,d01,II Región de Antofagasta,-69.81,-25.0,2269.0,2010-05-31,11.471527777777778,58.280913978494624,13.350537634408603,27.166666666666668,800.0,,http://walker.dgf.uchile.cl/Mediciones/datos/csv/d01.csv
d01,d01,II Región de Antofagasta,-69.81,-25.0,2269.0,2010-06-30,10.307106481481481,65.66064814814816,12.818657407407407,13.453935185185186,800.0,,http://walker.dgf.uchile.cl/Mediciones/datos/csv/d01.csv
d01,d01,II Región de Antofagasta,-69.81,-25.0,2269.0,2010-07-31,10.21850358422939,70.83131720430107,10.448566308243729,12.991935483870968,800.0,,http://walker.dgf.uchile.cl/Mediciones/datos/csv/d01.csv
d01,d01,II Región de Antofagasta,-69.81,-25.0,2269.0,2010-08-31,8.602777777777778,94.83848566308244,14.353136200716847,8.074372759856631,800.0,,http://walker.dgf.uchile.cl/Mediciones/datos/csv/d01.csv
d01,d01,II Región de Antofagasta,-69.81,-25.0,2269.0,2010-09-30,8.901365740740742,111.52962962962962,13.867060185185185,11.253935185185185,800.0,,http://walker.dgf.uchile.cl/Mediciones/datos/csv/d01.csv
d01,d01,II Región de Antofagasta,-69.81,-25.0,2269.0,2010-10-31,9.939292114695341,87.31832437275986,14.15956541218638,12.210797491039427,800.0,,http://walker.dgf.uchile.cl/Mediciones/datos/csv/d01.csv
d01,d01,II Región de Antofagasta,-69.81,-25.0,2269.0,2010-11-30,8.521273148148149,112.63125,15.078958333333333,13.450925925925926,800.0,,http://walker.dgf.uchile.cl/Mediciones/datos/csv/d01.csv
d01,d01,II Región de Antofagasta,-69.81,-25.0,2269.0,2010-12-31,8.427777777777777,110.85752688172043,15.81863799283154,19.982078853046595,800.0,,http://walker.dgf.uchile.cl/Mediciones/datos/csv/d01.csv
d01,d01,II Región de Antofagasta,-69.81,-25.0,2269.0,2011-01-31,7.473723118279569,129.7347670250896,16.683490143369177,26.351702508960575,800.0,,http://walker.dgf.uchile.cl/Mediciones/datos/csv/d01.csv
d01,d01,II Región de Antofagasta,-69.81,-25.0,2269.0,2011-02-28,8.61703869047619,113.95064484126983,16.2218253968254,41.069940476190474,800.0,,http://walker.dgf.uchile.cl/Mediciones/datos/csv/d01.csv
d01,d01,II Región de Antofagasta,-69.81,-25.0,2269.0,2011-03-31,7.776769713261649,109.56317204301075,16.013844086021507,22.941084229390682,800.0,,http://walker.dgf.uchile.cl/Mediciones/datos/csv/d01.csv
d01,d01,II Región de Antofagasta,-69.81,-25.0,2269.0,2011-04-30,7.399953703703703,111.63819444444445,15.281759259259259,25.846296296296295,800.0,,http://walker.dgf.uchile.cl/Mediciones/datos/csv/d01.csv
d01,d01,II Región de Antofagasta,-69.81,-25.0,2269.0,2011-05-31,8.101971326164874,97.48476702508961,15.741801075268816,13.870519713261649,800.0,,http://walker.dgf.uchile.cl/Mediciones/datos/csv/d01.csv
d01,d01,II Región de Antofagasta,-69.81,-25.0,2269.0,2011-06-30,10.076111111111112,79.3011574074074,12.97787037037037,19.030324074074073,800.0,,http://walker.dgf.uchile.cl/Mediciones/datos/csv/d01.csv
d01,d01,II Región de Antofagasta,-69.81,-25.0,2269.0,2011-07-31,10.658799638989171,60.38199458483754,11.56024368231047,22.9789592760181,800.0,,http://walker.dgf.uchile.cl/Mediciones/datos/csv/d01.csv
d01,d01,II Región de Antofagasta,-69.81,-25.0,2269.0,2011-08-31,8.970295698924732,92.5013440860215,13.210864695340502,10.103270609318997,800.0,,http://walker.dgf.uchile.cl/Mediciones/datos/csv/d01.csv
d01,d01,II Región de Antofagasta,-69.81,-25.0,2269.0,2011-09-30,6.327317415730337,131.0816947565543,15.798220973782772,8.442883895131086,800.0,0.0,http://walker.dgf.uchile.cl/Mediciones/datos/csv/d01.csv
d01,d01,II Región de Antofagasta,-69.81,-25.0,2269.0,2011-10-31,9.394175627240143,104.0548835125448,14.02959229390681,12.051299283154123,800.0,0.0,http://walker.dgf.uchile.cl/Mediciones/datos/csv/d01.csv
d01,d01,II Región de Antofagasta,-69.81,-25.0,2269.0,2011-11-30,7.3937731481481475,134.12152777777777,16.697986111111113,14.539814814814815,800.0,0.0,http://walker.dgf.uchile.cl/Mediciones/datos/csv/d01.csv
d01,d01,II Región de Antofagasta,-69.81,-25.0,2269.0,2011-12-31,8.321482974910394,124.14829749103943,16.977240143369173,20.08086917562724,800.0,0.0,http://walker.dgf.uchile.cl/Mediciones/datos/csv/d01.csv
d01,d01,II Región de Antofagasta,-69.81,-25.0,2269.0,2012-01-31,7.810483870967742,130.96482974910396,16.75486111111111,31.71057347670251,800.0,0.0,http://walker.dgf.uchile.cl/Mediciones/datos/csv/d01.csv
d01,d01,II Región de Antofagasta,-69.81,-25.0,2269.0,2012-02-29,7.456154214559388,127.66283524904215,16.690253831417625,38.361111111111114,800.0,0.0,http://walker.dgf.uchile.cl/Mediciones/datos/csv/d01.csv
d01,d01,II Región de Antofagasta,-69.81,-25.0,2269.0,2012-03-31,6.49527329749104,138.33512544802866,17.90232974910394,29.204973118279568,800.0,0.0,http://walker.dgf.uchile.cl/Mediciones/datos/csv/d01.csv
d01,d01,II Región de Antofagasta,-69.81,-25.0,2269.0,2012-04-30,8.630532407407408,92.04351851851852,14.889606481481481,35.2974537037037,800.0,0.0,http://walker.dgf.uchile.cl/Mediciones/datos/csv/d01.csv
d01,d01,II Región de Antofagasta,-69.81,-25.0,2269.0,2012-05-31,7.655757168458782,109.15770609318996,15.451052867383513,16.455197132616487,800.0,0.0,http://walker.dgf.uchile.cl/Mediciones/datos/csv/d01.csv
d01,d01,II Región de Antofagasta,-69.81,-25.0,2269.0,2012-06-30,7.870532407407406,98.9275462962963,13.803749999999999,15.81412037037037,800.0,0.0,http://walker.dgf.uchile.cl/Mediciones/datos/csv/d01.csv
d01,d01,II Región de Antofagasta,-69.81,-25.0,2269.0,2012-07-31,8.142809139784946,96.39493727598567,13.45586917562724,9.8086917562724,800.0038082437276,0.0,http://walker.dgf.uchile.cl/Mediciones/datos/csv/d01.csv
d01,d01,II Región de Antofagasta,-69.81,-25.0,2269.0,2012-08-31,9.608736559139786,82.39605734767025,14.333198924731184,10.213037634408602,800.0017921146954,0.0,http://walker.dgf.uchile.cl/Mediciones/datos/csv/d01.csv
d01,d01,II Región de Antofagasta,-69.81,-25.0,2269.0,2012-09-30,9.058472222222221,104.00486111111111,16.48865740740741,10.393518518518519,800.0,0.0,http://walker.dgf.uchile.cl/Mediciones/datos/csv/d01.csv
d01,d01,II Región de Antofagasta,-69.81,-25.0,2269.0,2012-10-31,8.757078853046595,107.95497311827957,15.951120071684588,9.62858422939068,800.0,0.0,http://walker.dgf.uchile.cl/Mediciones/datos/csv/d01.csv
d01,d01,II Región de Antofagasta,-69.81,-25.0,2269.0,2012-11-30,7.7929861111111105,119.96736111111112,16.95321759259259,10.868518518518519,800.0,0.0,http://walker.dgf.uchile.cl/Mediciones/datos/csv/d01.csv
d01,d01,II Región de Antofagasta,-69.81,-25.0,2269.0,2012-12-31,7.582302867383513,131.23163082437276,17.064538530465953,21.157482078853047,800.0,0.0,http://walker.dgf.uchile.cl/Mediciones/datos/csv/d01.csv
d01,d01,II Región de Antofagasta,-69.81,-25.0,2269.0,2013-01-31,7.810461469534051,123.73319892473118,18.048633512544804,19.283378136200717,800.0,0.0,http://walker.dgf.uchile.cl/Mediciones/datos/csv/d01.csv
d01,d01,II Región de Antofagasta,-69.81,-25.0,2269.0,2013-02-28,7.5183035714285715,132.36631944444446,17.490848214285716,35.70386904761905,800.0,0.0,http://walker.dgf.uchile.cl/Mediciones/datos/csv/d01.csv
d01,d01,II Región de Antofagasta,-69.81,-25.0,2269.0,2013-03-31,7.320161290322581,123.39717741935483,17.001209677419354,22.99350358422939,800.0006720430108,0.0,http://walker.dgf.uchile.cl/Mediciones/datos/csv/d01.csv
d01,d01,II Región de Antofagasta,-69.81,-25.0,2269.0,2013-04-30,7.270625,122.52546296296296,16.470972222222223,13.38425925925926,800.0081018518518,0.0,http://walker.dgf.uchile.cl/Mediciones/datos/csv/d01.csv
d01,d01,II Región de Antofagasta,-69.81,-25.0,2269.0,2013-05-31,8.735685483870967,85.40927419354838,14.234610215053763,19.385304659498207,800.0089605734767,0.0,http://walker.dgf.uchile.cl/Mediciones/datos/csv/d01.csv
d01,d01,II Región de Antofagasta,-69.81,-25.0,2269.0,2013-06-30,8.629074074074074,84.74444444444444,13.217361111111112,17.28125,800.0034722222222,0.0,http://walker.dgf.uchile.cl/Mediciones/datos/csv/d01.csv
d01,d01,II Región de Antofagasta,-69.81,-25.0,2269.0,2013-07-31,8.55253136200717,89.58938172043011,14.254995519713262,12.879928315412187,800.0008960573476,0.0,http://walker.dgf.uchile.cl/Mediciones/datos/csv/d01.csv
d01,d01,II Región de Antofagasta,-69.81,-25.0,2269.0,2013-08-31,7.152576164874552,118.13888888888889,13.891061827956989,12.539874551971327,800.0044802867384,0.0,http://walker.dgf.uchile.cl/Mediciones/datos/csv/d01.csv
d01,d01,II Región de Antofagasta,-69.81,-25.0,2269.0,2013-09-30,8.102893518518519,125.05532407407408,14.386597222222221,12.207407407407407,800.0,0.0,http://walker.dgf.uchile.cl/Mediciones/datos/csv/d01.csv
d01,d01,II Región de Antofagasta,-69.81,-25.0,2269.0,2013-10-31,8.273028673835126,106.28718637992831,15.631586021505376,8.87768817204301,800.0,0.0,http://walker.dgf.uchile.cl/Mediciones/datos/csv/d01.csv
d01,d01,II Región de Antofagasta,-69.81,-25.0,2269.0,2013-11-30,7.945231481481482,126.83773148148148,15.993032407407407,14.396064814814816,800.0,0.0,http://walker.dgf.uchile.cl/Mediciones/datos/csv/d01.csv
d01,d01,II Región de Antofagasta,-69.81,-25.0,2269.0,2013-12-31,8.05880376344086,122.4451164874552,17.61214157706093,19.219982078853047,800.0002240143369,0.0,http://walker.dgf.uchile.cl/Mediciones/datos/csv/d01.csv
d01,d01,II Región de Antofagasta,-69.81,-25.0,2269.0,2014-01-31,8.23608870967742,123.39650537634408,16.9480958781362,39.28293010752688,800.00291218638,0.0,http://walker.dgf.uchile.cl/Mediciones/datos/csv/d01.csv
d01,d01,II Región de Antofagasta,-69.81,-25.0,2269.0,2014-02-28,7.511135912698413,126.96056547619048,16.993750000000002,21.663194444444443,800.0044642857143,0.0,http://walker.dgf.uchile.cl/Mediciones/datos/csv/d01.csv
d01,d01,II Región de Antofagasta,-69.81,-25.0,2269.0,2014-03-31,7.967002688172042,111.11043906810036,15.926881720430108,31.926971326164875,800.0020161290323,0.0,http://walker.dgf.uchile.cl/Mediciones/datos/csv/d01.csv
d01,d01,II Región de Antofagasta,-69.81,-25.0,2269.0,2014-04-30,7.280300925925927,112.5125,16.786666666666665,18.61712962962963,800.0013888888889,0.0,http://walker.dgf.uchile.cl/Mediciones/datos/csv/d01.csv
d01,d01,II Región de Antofagasta,-69.81,-25.0,2269.0,2014-05-31,9.438799283154122,79.99641577060932,13.198431899641578,19.617789014019767,800.0427867383513,0.0,http://walker.dgf.uchile.cl/Mediciones/datos/csv/d01.csv
d01,d01,II Región de Antofagasta,-69.81,-25.0,2269.0,2014-06-30,9.715023148148148,75.31712962962963,13.024050925925927,11.59837962962963,800.0590277777778,0.0,http://walker.dgf.uchile.cl/Mediciones/datos/csv/d01.csv
d01,d01,II Región de Antofagasta,-69.81,-25.0,2269.0,2014-07-31,8.887656810035843,82.60528673835125,13.284251792114695,8.85371863799283,800.0071684587814,0.0,http://walker.dgf.uchile.cl/Mediciones/datos/csv/d01.csv
d01,d01,II Región de Antofagasta,-69.81,-25.0,2269.0,2014-08-31,7.784005376344087,106.70295698924731,15.411223118279569,12.738799283154123,800.0340501792115,0.0,http://walker.dgf.uchile.cl/Mediciones/datos/csv/d01.csv
d01,d01,II Región de Antofagasta,-69.81,-25.0,2269.0,2014-09-30,10.154814814814815,90.18009259259259,14.641527777777778,14.639351851851853,800.0421296296296,0.0,http://walker.dgf.uchile.cl/Mediciones/datos/csv/d01.csv
d01,d01,II Región de Antofagasta,-69.81,-25.0,2269.0,2014-10-31,6.9168010752688165,141.29928315412187,17.78622311827957,13.237231182795698,800.1227598566309,0.0,http://walker.dgf.uchile.cl/Mediciones/datos/csv/d01.csv
d01,d01,II Región de Antofagasta,-69.81,-25.0,2269.0,2014-11-30,7.539745370370371,126.79675925925926,16.49974537037037,13.988657407407407,800.0453703703704,0.0,http://walker.dgf.uchile.cl/Mediciones/datos/csv/d01.csv
d01,d01,II Región de Antofagasta,-69.81,-25.0,2269.0,2014-12-31,7.885909498207885,118.95586917562724,17.2505376344086,12.886200716845877,800.046146953405,0.0,http://walker.dgf.uchile.cl/Mediciones/datos/csv/d01.csv
d01,d01,II Región de Antofagasta,-69.81,-25.0,2269.0,2015-01-31,7.587253584229391,135.10909498207886,18.18492383512545,18.7040770609319,800.1377688172043,0.0,http://walker.dgf.uchile.cl/Mediciones/datos/csv/d01.csv
d01,d01,II Región de Antofagasta,-69.81,-25.0,2269.0,2015-02-28,8.325793650793651,117.8452380952381,17.193874007936508,42.04117063492063,800.0240575396825,0.0,http://walker.dgf.uchile.cl/Mediciones/datos/csv/d01.csv
d01,d01,II Región de Antofagasta,-69.81,-25.0,2269.0,2015-03-31,8.169623655913977,123.71617383512545,16.779883512544803,46.00112258643916,800.0535394265233,0.0,http://walker.dgf.uchile.cl/Mediciones/datos/csv/d01.csv
d01,d01,II Región de Antofagasta,-69.81,-25.0,2269.0,2015-04-30,6.515564365671642,125.63666044776119,17.303661380597017,21.959421641791046,800.0349813432836,0.0,http://walker.dgf.uchile.cl/Mediciones/datos/csv/d01.csv
d01,d01,II Región de Antofagasta,-69.81,-25.0,2269.0,2015-05-31,8.079475806451613,98.68660394265233,15.13048835125448,18.72692652329749,800.0495071684588,0.0,http://walker.dgf.uchile.cl/Mediciones/datos/csv/d01.csv
d01,d01,II Región de Antofagasta,-69.81,-25.0,2269.0,2015-06-30,6.506423611111111,123.7800925925926,16.013194444444444,8.440972222222221,800.0361111111112,0.0,http://walker.dgf.uchile.cl/Mediciones/datos/csv/d01.csv
d01,d01,II Región de Antofagasta,-69.81,-25.0,2269.0,2015-07-31,8.261236559139785,91.82437275985663,12.93543906810036,12.283378136200717,800.013664874552,0.0,http://walker.dgf.uchile.cl/Mediciones/datos/csv/d01.csv
d01,d01,II Región de Antofagasta,-69.81,-25.0,2269.0,2015-08-31,9.758892161304939,85.38106026280018,13.787086542818304,17.45582238332578,800.0405527865881,0.0,http://walker.dgf.uchile.cl/Mediciones/datos/csv/d01.csv
d01,d01,II Región de Antofagasta,-69.81,-25.0,2269.0,2015-09-30,7.731458333333333,121.32569444444445,15.265694444444446,12.241898148148149,800.0046296296297,0.0,http://walker.dgf.uchile.cl/Mediciones/datos/csv/d01.csv
d01,d01,II Región de Antofagasta,-69.81,-25.0,2269.0,2015-10-31,8.899599014336918,113.82482078853046,15.75306899641577,15.558019713261649,800.0983422939069,0.0,http://walker.dgf.uchile.cl/Mediciones/datos/csv/d01.csv
d01,d01,II Región de Antofagasta,-69.81,-25.0,2269.0,2015-11-30,9.369016203703705,111.51342592592593,16.224837962962965,12.436111111111112,800.118287037037,0.0,http://walker.dgf.uchile.cl/Mediciones/datos/csv/d01.csv
d01,d01,II Región de Antofagasta,-69.81,-25.0,2269.0,2015-12-31,8.070822132616488,117.01052867383513,18.742159498207887,10.14896953405018,800.2289426523297,0.0,http://walker.dgf.uchile.cl/Mediciones/datos/csv/d01.csv
d01,d01,II Región de Antofagasta,-69.81,-25.0,2269.0,2016-01-31,8.123803763440861,120.96303763440861,18.706675627240145,21.11043906810036,800.2130376344086,0.0,http://walker.dgf.uchile.cl/Mediciones/datos/csv/d01.csv
d01,d01,II Región de Antofagasta,-69.81,-25.0,2269.0,2016-02-29,7.351115900383141,134.19612068965517,18.904525862068965,31.13050766283525,800.0,0.0,http://walker.dgf.uchile.cl/Mediciones/datos/csv/d01.csv
d01,d01,II Región de Antofagasta,-69.81,-25.0,2269.0,2016-03-31,7.73869847670251,118.85931899641577,18.281406810035843,27.756720430107528,800.0,0.0,http://walker.dgf.uchile.cl/Mediciones/datos/csv/d01.csv
d01,d01,II Región de Antofagasta,-69.81,-25.0,2269.0,2016-04-30,8.805229166666665,94.8337962962963,16.389583333333334,29.773611111111112,800.0,0.0,http://walker.dgf.uchile.cl/Mediciones/datos/csv/d01.csv
d01,d01,II Región de Antofagasta,-69.81,-25.0,2269.0,2016-05-31,9.866243279569893,80.09744623655914,14.649215949820789,21.917786738351253,800.0,0.0,http://walker.dgf.uchile.cl/Mediciones/datos/csv/d01.csv
d01,d01,II Región de Antofagasta,-69.81,-25.0,2269.0,2016-06-30,9.706962962962963,76.55324074074075,12.70900462962963,20.802331002331,800.0,0.0,http://walker.dgf.uchile.cl/Mediciones/datos/csv/d01.csv
d01,d01,II Región de Antofagasta,-69.81,-25.0,2269.0,2016-07-31,9.456433691756272,78.74955197132617,13.114090501792115,18.24820788530466,800.0,0.0,http://walker.dgf.uchile.cl/Mediciones/datos/csv/d01.csv
d01,d01,II Región de Antofagasta,-69.81,-25.0,2269.0,2016-08-31,6.602737226277372,126.98243613138686,14.488617700729927,11.306341240875913,800.0,0.0,http://walker.dgf.uchile.cl/Mediciones/datos/csv/d01.csv
d01,d01,II Región de Antofagasta,-69.81,-25.0,2269.0,2016-09-30,6.331631944444445,136.34421296296296,16.340115740740742,11.916203703703705,800.0025462962963,0.0,http://walker.dgf.uchile.cl/Mediciones/datos/csv/d01.csv
d01,d01,II Región de Antofagasta,-69.81,-25.0,2269.0,2016-10-31,7.722759856630825,125.50224014336918,15.849574372759857,12.985439068100359,800.0033602150538,0.0,http://walker.dgf.uchile.cl/Mediciones/datos/csv/d01.csv
d01,d01,II Región de Antofagasta,-69.81,-25.0,2269.0,2016-11-30,8.491347222222222,109.07916666666667,16.518726851851852,15.177546296296295,800.011574074074,0.0,http://walker.dgf.uchile.cl/Mediciones/datos/csv/d01.csv
d01,d01,II Región de Antofagasta,-69.81,-25.0,2269.0,2016-12-31,8.711901881720431,118.87253584229391,16.682504480286738,23.48172235927338,800.0459229390681,0.0,http://walker.dgf.uchile.cl/Mediciones/datos/csv/d01.csv
d01,d01,II Región de Antofagasta,-69.81,-25.0,2269.0,2017-01-31,7.601064068100359,132.8073476702509,17.81285842293907,42.12544802867384,800.0,0.0,http://walker.dgf.uchile.cl/Mediciones/datos/csv/d01.csv
d01,d01,II Región de Antofagasta,-69.81,-25.0,2269.0,2017-02-28,7.59077876984127,124.14880952380952,16.881696428571427,40.59052579365079,800.0,0.0,http://walker.dgf.uchile.cl/Mediciones/datos/csv/d01.csv
d01,d01,II Región de Antofagasta,-69.81,-25.0,2269.0,2017-03-31,6.8066263440860215,129.94825268817203,16.969847670250896,36.03629032258065,800.0,0.0,http://walker.dgf.uchile.cl/Mediciones/datos/csv/d01.csv
d01,d01,II Región de Antofagasta,-69.81,-25.0,2269.0,2017-04-30,7.833722222222223,112.54444444444445,15.654050925925926,26.292824074074073,800.0,0.0,http://walker.dgf.uchile.cl/Mediciones/datos/csv/d01.csv
d01,d01,II Región de Antofagasta,-69.81,-25.0,2269.0,2017-05-31,12.947620967741935,50.597446236559136,12.76290322580645,31.611587015329125,800.0,0.0,http://walker.dgf.uchile.cl/Mediciones/datos/csv/d01.csv
d01,d01,II Región de Antofagasta,-69.81,-25.0,2269.0,2017-06-30,11.200129629629629,55.247453703703705,12.961157407407407,22.737037037037037,800.0,0.0,http://walker.dgf.uchile.cl/Mediciones/datos/csv/d01.csv
d01,d01,II Región de Antofagasta,-69.81,-25.0,2269.0,2017-07-31,8.09997311827957,95.00224014336918,15.251500896057347,11.03673835125448,800.0,0.0,http://walker.dgf.uchile.cl/Mediciones/datos/csv/d01.csv
d01,d01,II Región de Antofagasta,-69.81,-25.0,2269.0,2017-08-31,8.774964157706094,94.86693548387096,13.450492831541219,13.126568100358423,800.0,0.0,http://walker.dgf.uchile.cl/Mediciones/datos/csv/d01.csv
d01,d01,II Región de Antofagasta,-69.81,-25.0,2269.0,2017-09-30,8.544532407407408,112.52685185185184,15.063541666666667,16.235648148148147,800.0,0.0,http://walker.dgf.uchile.cl/Mediciones/datos/csv/d01.csv
d01,d01,II Región de Antofagasta,-69.81,-25.0,2269.0,2017-10-31,7.445342741935485,129.89829749103941,15.88024193548387,10.884856630824373,800.0,0.0,http://walker.dgf.uchile.cl/Mediciones/datos/csv/d01.csv
d01,d01,II Región de Antofagasta,-69.81,-25.0,2269.0,2017-11-30,7.615023148148149,129.71712962962962,16.574513888888887,17.524305555555557,800.0,0.0,http://walker.dgf.uchile.cl/Mediciones/datos/csv/d01.csv
d01,d01,II Región de Antofagasta,-69.81,-25.0,2269.0,2017-12-31,8.15122535842294,122.57235663082437,17.268167562724017,18.677419354838708,800.0,0.0,http://walker.dgf.uchile.cl/Mediciones/datos/csv/d01.csv
d01,d01,II Región de Antofagasta,-69.81,-25.0,2269.0,2018-01-31,7.396131272401434,136.5535394265233,17.161984767025093,26.07101254480287,800.0,0.0,http://walker.dgf.uchile.cl/Mediciones/datos/csv/d01.csv
d01,d01,II Región de Antofagasta,-69.81,-25.0,2269.0,2018-02-28,7.8653546626984125,123.55580357142857,16.821974206349207,40.82688492063492,800.0,0.0,http://walker.dgf.uchile.cl/Mediciones/datos/csv/d01.csv
d01,d01,II Región de Antofagasta,-69.81,-25.0,2269.0,2018-03-31,7.150696684587813,124.8201164874552,17.172782258064515,25.963037634408604,800.0,0.0,http://walker.dgf.uchile.cl/Mediciones/datos/csv/d01.csv
d01,d01,II Región de Antofagasta,-69.81,-25.0,2269.0,2018-04-30,6.447409722222223,126.82337962962963,16.44037037037037,30.87523148148148,800.0,0.0,http://walker.dgf.uchile.cl/Mediciones/datos/csv/d01.csv
d01,d01,II Región de Antofagasta,-69.81,-25.0,2269.0,2018-05-31,7.915463709677419,101.38821684587813,15.201993727598566,14.987231182795698,800.0,0.0,http://walker.dgf.uchile.cl/Mediciones/datos/csv/d01.csv
d01,d01,II Región de Antofagasta,-69.81,-25.0,2269.0,2018-06-30,9.604856481481482,78.14907407407408,13.128912037037038,15.875462962962963,800.0,0.0,http://walker.dgf.uchile.cl/Mediciones/datos/csv/d01.csv
d01,d01,II Región de Antofagasta,-69.81,-25.0,2269.0,2018-07-31,9.851075268817203,83.58870967741936,13.43355734767025,20.600806451612904,800.0,0.0,http://walker.dgf.uchile.cl/Mediciones/datos/csv/d01.csv
d01,d01,II Región de Antofagasta,-69.81,-25.0,2269.0,2018-08-31,7.172217741935484,120.64448924731182,14.537612007168459,11.858646953405017,800.0,0.0,http://walker.dgf.uchile.cl/Mediciones/datos/csv/d01.csv
d01,d01,II Región de Antofagasta,-69.81,-25.0,2269.0,2018-09-30,6.62968287037037,137.55138888888888,15.629259259259259,10.561342592592593,800.0,0.0,http://walker.dgf.uchile.cl/Mediciones/datos/csv/d01.csv
d01,d01,II Región de Antofagasta,-69.81,-25.0,2269.0,2018-10-31,6.176765232974911,152.54995519713262,16.334722222222222,16.935931899641577,800.0,0.0,http://walker.dgf.uchile.cl/Mediciones/datos/csv/d01.csv
d01,d01,II Región de Antofagasta,-69.81,-25.0,2269.0,2018-11-30,6.543581018518519,145.4625,17.266921296296296,17.724537037037038,800.0,0.0,http://walker.dgf.uchile.cl/Mediciones/datos/csv/d01.csv
d01,d01,II Región de Antofagasta,-69.81,-25.0,2269.0,2018-12-31,7.610763888888888,132.7141577060932,17.67078853046595,16.103270609318997,800.0011200716846,0.0,http://walker.dgf.uchile.cl/Mediciones/datos/csv/d01.csv
d01,d01,II Región de Antofagasta,-69.81,-25.0,2269.0,2019-01-31,8.196234318996416,118.62746415770609,18.076299283154125,31.30331541218638,800.0,0.0,http://walker.dgf.uchile.cl/Mediciones/datos/csv/d01.csv
d01,d01,II Región de Antofagasta,-69.81,-25.0,2269.0,2019-02-28,7.223462301587301,135.7199900793651,18.2796626984127,36.78025793650794,800.0,0.0,http://walker.dgf.uchile.cl/Mediciones/datos/csv/d01.csv
d01,d01,II Región de Antofagasta,-69.81,-25.0,2269.0,2019-03-31,7.573700716845878,118.65613799283155,17.75127688172043,23.185259856630825,800.0004480286739,0.0,http://walker.dgf.uchile.cl/Mediciones/datos/csv/d01.csv
d01,d01,II Región de Antofagasta,-69.81,-25.0,2269.0,2019-04-30,7.827944444444444,109.27523148148148,16.064027777777778,25.412731481481483,800.0,0.0,http://walker.dgf.uchile.cl/Mediciones/datos/csv/d01.csv
d01,d01,II Región de Antofagasta,-69.81,-25.0,2269.0,2019-05-31,9.335094425483504,82.8259385665529,14.149635949943118,19.012059158134242,800.0,0.0,http://walker.dgf.uchile.cl/Mediciones/datos/csv/d01.csv
d01,d01,II Región de Antofagasta,-69.81,-25.0,2269.0,2019-06-30,8.88792824074074,93.72962962962963,14.926458333333334,12.783101851851852,800.0185185185185,0.0,http://walker.dgf.uchile.cl/Mediciones/datos/csv/d01.csv
d01,d01,II Región de Antofagasta,-69.81,-25.0,2269.0,2019-07-31,8.289495967741935,97.40098566308244,13.872715053763441,13.84655017921147,800.0526433691756,0.0,http://walker.dgf.uchile.cl/Mediciones/datos/csv/d01.csv
d01,d01,II Región de Antofagasta,-69.81,-25.0,2269.0,2019-08-31,6.524276433691756,132.29681899641577,15.703136200716846,8.294354838709678,800.005376344086,0.0,http://walker.dgf.uchile.cl/Mediciones/datos/csv/d01.csv
d01,d01,II Región de Antofagasta,-69.81,-25.0,2269.0,2019-09-30,11.04450462962963,87.20902777777778,14.927199074074075,13.997916666666667,800.0,0.0,http://walker.dgf.uchile.cl/Mediciones/datos/csv/d01.csv
d01,d01,II Región de Antofagasta,-69.81,-25.0,2269.0,2019-10-31,8.516339605734768,123.91017025089606,15.613418458781362,16.15882616487455,800.0,0.0,http://walker.dgf.uchile.cl/Mediciones/datos/csv/d01.csv
d01,d01,II Región de Antofagasta,-69.81,-25.0,2269.0,2019-11-30,7.429925925925926,127.55231481481482,17.846087962962965,18.31111111111111,800.013425925926,0.0,http://walker.dgf.uchile.cl/Mediciones/datos/csv/d01.csv
d01,d01,II Región de Antofagasta,-69.81,-25.0,2269.0,2019-12-31,7.3593906810035845,131.26971326164875,17.76451612903226,18.879928315412187,800.0031362007169,0.0,http://walker.dgf.uchile.cl/Mediciones/datos/csv/d01.csv
d01,d01,II Región de Antofagasta,-69.81,-25.0,2269.0,2020-01-31,7.974607974910395,126.83131720430107,18.169399641577062,34.80264336917563,800.0340501792115,0.0,http://walker.dgf.uchile.cl/Mediciones/datos/csv/d01.csv
d01,d01,II Región de Antofagasta,-69.81,-25.0,2269.0,2020-02-29,7.34489224137931,128.81728927203065,18.340924329501917,32.31202107279694,800.2004310344828,0.0,http://walker.dgf.uchile.cl/Mediciones/datos/csv/d01.csv
d01,d01,II Región de Antofagasta,-69.81,-25.0,2269.0,2020-03-31,6.589043458781362,134.88888888888889,17.772513440860216,31.336021505376344,800.2780017921147,0.0,http://walker.dgf.uchile.cl/Mediciones/datos/csv/d01.csv
d01,d01,II Región de Antofagasta,-69.81,-25.0,2269.0,2020-04-30,6.941268518518518,121.35810185185186,17.063310185185184,25.878935185185185,800.3018518518519,0.0,http://walker.dgf.uchile.cl/Mediciones/datos/csv/d01.csv
d01,d01,II Región de Antofagasta,-69.81,-25.0,2269.0,2020-05-31,8.124003136200718,96.3048835125448,16.27623207885305,16.093637992831543,800.1762992831541,0.0,http://walker.dgf.uchile.cl/Mediciones/datos/csv/d01.csv
d01,d01,II Región de Antofagasta,-69.81,-25.0,2269.0,2020-06-30,9.719002314814814,83.82476851851852,13.154560185185185,21.28726851851852,800.2828703703703,0.0,http://walker.dgf.uchile.cl/Mediciones/datos/csv/d01.csv
d01,d01,II Región de Antofagasta,-69.81,-25.0,2269.0,2020-07-31,6.905864695340502,114.62903225806451,13.232818100358424,9.927195340501791,800.0591397849462,0.0,http://walker.dgf.uchile.cl/Mediciones/datos/csv/d01.csv
d01,d01,II Región de Antofagasta,-69.81,-25.0,2269.0,2020-08-31,9.167950268817204,101.02083333333333,12.952777777777778,15.803539426523297,800.002688172043,0.0,http://walker.dgf.uchile.cl/Mediciones/datos/csv/d01.csv
d01,d01,II Región de Antofagasta,-69.81,-25.0,2269.0,2020-09-30,8.517092592592592,109.7076388888889,15.17976851851852,12.925694444444444,800.0016203703703,0.0,http://walker.dgf.uchile.cl/Mediciones/datos/csv/d01.csv
d01,d01,II Región de Antofagasta,-69.81,-25.0,2269.0,2020-10-31,7.4252979390681,131.40120967741936,17.46420250896057,13.488799283154123,800.0058243727599,0.0,http://walker.dgf.uchile.cl/Mediciones/datos/csv/d01.csv
d01,d01,II Región de Antofagasta,-69.81,-25.0,2269.0,2020-11-30,8.268050925925927,118.31643518518518,16.40622685185185,13.470833333333333,800.0053240740741,0.0,http://walker.dgf.uchile.cl/Mediciones/datos/csv/d01.csv
d01,d01,II Región de Antofagasta,-69.81,-25.0,2269.0,2020-12-31,7.785056003584229,129.05017921146953,16.96543458781362,23.17562724014337,800.0098566308244,0.0,http://walker.dgf.uchile.cl/Mediciones/datos/csv/d01.csv
d01,d01,II Región de Antofagasta,-69.81,-25.0,2269.0,2021-01-31,6.996025985663082,140.99417562724014,16.94742383512545,28.354390681003583,800.00291218638,0.0,http://walker.dgf.uchile.cl/Mediciones/datos/csv/d01.csv
d01,d01,II Región de Antofagasta,-69.81,-25.0,2269.0,2021-02-28,8.698492063492063,111.06969246031746,17.275669642857142,30.77951388888889,800.0260416666666,0.0,http://walker.dgf.uchile.cl/Mediciones/datos/csv/d01.csv
d01,d01,II Región de Antofagasta,-69.81,-25.0,2269.0,2021-03-31,8.436223118279571,109.8366935483871,16.358848566308243,34.234991039426525,800.0,0.0,http://walker.dgf.uchile.cl/Mediciones/datos/csv/d01.csv
d01,d01,II Región de Antofagasta,-69.81,-25.0,2269.0,2021-04-30,9.230710648148147,87.61736111111111,15.51710648148148,23.458796296296295,800.0782407407407,0.0,http://walker.dgf.uchile.cl/Mediciones/datos/csv/d01.csv
d01,d01,II Región de Antofagasta,-69.81,-25.0,2269.0,2021-05-31,8.923133960573477,90.62007168458781,14.752486559139786,21.116039426523297,800.0526433691756,0.0,http://walker.dgf.uchile.cl/Mediciones/datos/csv/d01.csv
d01,d01,II Región de Antofagasta,-69.81,-25.0,2269.0,2021-06-30,9.640636574074074,83.83449074074075,12.94164351851852,18.03287037037037,800.0673611111112,0.0,http://walker.dgf.uchile.cl/Mediciones/datos/csv/d01.csv
d01,d01,II Región de Antofagasta,-69.81,-25.0,2269.0,2021-07-31,7.754923835125449,106.0013440860215,14.222401433691758,12.45766129032258,800.1236559139785,0.0,http://walker.dgf.uchile.cl/Mediciones/datos/csv/d01.csv
d01,d01,II Región de Antofagasta,-69.81,-25.0,2269.0,2021-08-31,10.101536738351255,84.7078853046595,13.43662634408602,16.371639784946236,800.0145609318996,0.0,http://walker.dgf.uchile.cl/Mediciones/datos/csv/d01.csv
d01,d01,II Región de Antofagasta,-69.81,-25.0,2269.0,2021-09-30,8.749967592592593,113.59976851851852,15.433726851851851,11.222685185185185,800.006712962963,0.0,http://walker.dgf.uchile.cl/Mediciones/datos/csv/d01.csv
d01,d01,II Región de Antofagasta,-69.81,-25.0,2269.0,2021-10-31,9.518862007168458,105.14695340501792,15.46731630824373,12.402105734767025,800.0040322580645,0.0,http://walker.dgf.uchile.cl/Mediciones/datos/csv/d01.csv
d01,d01,II Región de Antofagasta,-69.81,-25.0,2269.0,2021-11-30,8.50311788913096,112.94674412975067,16.325163398692812,12.177438876785281,800.0,0.0,http://walker.dgf.uchile.cl/Mediciones/datos/csv/d01.csv
d02,d02,II Región de Antofagasta,-69.96,-25.1,1963.0,2009-07-31,9.015342796738146,80.89731199033524,12.476880096647537,17.216273442226257,,,http://walker.dgf.uchile.cl/Mediciones/datos/csv/d02.csv
d02,d02,II Región de Antofagasta,-69.96,-25.1,1963.0,2009-08-31,7.152867383512545,111.39090501792114,15.402083333333332,11.03320619250617,,,http://walker.dgf.uchile.cl/Mediciones/datos/csv/d02.csv
d02,d02,II Región de Antofagasta,-69.96,-25.1,1963.0,2009-09-30,8.488888888888889,105.03981481481482,14.690046296296297,9.559953703703703,,,http://walker.dgf.uchile.cl/Mediciones/datos/csv/d02.csv
d02,d02,II Región de Antofagasta,-69.96,-25.1,1963.0,2009-10-31,7.718346774193548,122.24955197132617,17.882997311827957,11.09655017921147,,,http://walker.dgf.uchile.cl/Mediciones/datos/csv/d02.csv
d02,d02,II Región de Antofagasta,-69.96,-25.1,1963.0,2009-11-30,6.471689814814815,143.6699074074074,18.817500000000003,19.588425925925925,,,http://walker.dgf.uchile.cl/Mediciones/datos/csv/d02.csv
d02,d02,II Región de Antofagasta,-69.96,-25.1,1963.0,2009-12-31,7.265129943502825,133.86395480225988,18.89092655367232,19.464406779661015,808.735,,http://walker.dgf.uchile.cl/Mediciones/datos/csv/d02.csv
d02,d02,II Región de Antofagasta,-69.96,-25.1,1963.0,2010-01-31,7.344108422939068,133.0609318996416,19.30689964157706,22.28942652329749,808.1254480286739,,http://walker.dgf.uchile.cl/Mediciones/datos/csv/d02.csv
d02,d02,II Región de Antofagasta,-69.96,-25.1,1963.0,2010-02-28,8.008854166666667,120.38715277777777,19.577157738095238,33.12822420634921,807.8789682539683,,http://walker.dgf.uchile.cl/Mediciones/datos/csv/d02.csv
d02,d02,II Región de Antofagasta,-69.96,-25.1,1963.0,2010-03-31,7.214874551971326,122.32728494623656,19.115120967741934,25.142697132616487,808.8304211469534,,http://walker.dgf.uchile.cl/Mediciones/datos/csv/d02.csv
d02,d02,II Región de Antofagasta,-69.96,-25.1,1963.0,2010-04-30,6.971689814814815,115.13263888888889,17.650393518518516,21.87824074074074,809.5858796296296,,http://walker.dgf.uchile.cl/Mediciones/datos/csv/d02.csv
d02,d02,II Región de Antofagasta,-69.96,-25.1,1963.0,2010-05-31,10.100940860215053,73.05465949820788,14.629659498207886,26.80801971326165,809.1971326164875,,http://walker.dgf.uchile.cl/Mediciones/datos/csv/d02.csv
d02,d02,II Región de Antofagasta,-69.96,-25.1,1963.0,2010-06-30,8.898287037037036,88.49791666666667,13.967476851851853,13.817824074074075,810.406712962963,,http://walker.dgf.uchile.cl/Mediciones/datos/csv/d02.csv
d02,d02,II Región de Antofagasta,-69.96,-25.1,1963.0,2010-07-31,8.688149641577061,86.30958781362007,11.311357526881721,14.356710732691015,809.714829749104,,http://walker.dgf.uchile.cl/Mediciones/datos/csv/d02.csv
d02,d02,II Región de Antofagasta,-69.96,-25.1,1963.0,2010-08-31,7.929704301075268,102.8635752688172,15.449283154121865,8.896505376344086,809.7918906810036,,http://walker.dgf.uchile.cl/Mediciones/datos/csv/d02.csv
d02,d02,II Región de Antofagasta,-69.96,-25.1,1963.0,2010-09-30,7.93513888888889,112.07662037037036,15.076875,12.434259259259258,809.5111111111111,,http://walker.dgf.uchile.cl/Mediciones/datos/csv/d02.csv
d02,d02,II Región de Antofagasta,-69.96,-25.1,1963.0,2010-10-31,8.797804659498208,109.35573476702508,15.246662186379929,12.682571684587813,809.25,,http://walker.dgf.uchile.cl/Mediciones/datos/csv/d02.csv
d02,d02,II Región de Antofagasta,-69.96,-25.1,1963.0,2010-11-30,8.18576388888889,126.23310185185186,16.497453703703705,13.889120370370371,808.9388888888889,,http://walker.dgf.uchile.cl/Mediciones/datos/csv/d02.csv
d02,d02,II Región de Antofagasta,-69.96,-25.1,1963.0,2010-12-31,8.035775089605734,131.8317652329749,17.12410394265233,19.837589605734767,808.2869623655914,,http://walker.dgf.uchile.cl/Mediciones/datos/csv/d02.csv
d02,d02,II Región de Antofagasta,-69.96,-25.1,1963.0,2011-01-31,7.300739247311828,131.96527777777777,18.04744623655914,26.94198028673835,808.0600358422939,,http://walker.dgf.uchile.cl/Mediciones/datos/csv/d02.csv
d02,d02,II Región de Antofagasta,-69.96,-25.1,1963.0,2011-02-28,8.063814484126985,123.48263888888889,17.73717757936508,39.910962301587304,808.5887896825396,,http://walker.dgf.uchile.cl/Mediciones/datos/csv/d02.csv
d02,d02,II Región de Antofagasta,-69.96,-25.1,1963.0,2011-03-31,7.554771505376344,118.79390681003584,17.1097894265233,25.259408602150536,808.9397401433691,,http://walker.dgf.uchile.cl/Mediciones/datos/csv/d02.csv
d02,d02,II Región de Antofagasta,-69.96,-25.1,1963.0,2011-04-30,7.590000000000001,116.67268518518519,16.48409722222222,26.37986111111111,809.449074074074,,http://walker.dgf.uchile.cl/Mediciones/datos/csv/d02.csv
d02,d02,II Región de Antofagasta,-69.96,-25.1,1963.0,2011-05-31,7.634587813620072,106.92069892473118,16.978113799283154,14.157482078853047,809.6117831541219,,http://walker.dgf.uchile.cl/Mediciones/datos/csv/d02.csv
d02,d02,II Región de Antofagasta,-69.96,-25.1,1963.0,2011-06-30,9.240324074074074,95.63888888888889,14.56238425925926,19.230555555555554,808.9393518518518,,http://walker.dgf.uchile.cl/Mediciones/datos/csv/d02.csv
d02,d02,II Región de Antofagasta,-69.96,-25.1,1963.0,2011-07-31,9.414560931899642,85.07482078853046,12.93597670250896,23.962564447433312,808.8346774193549,,http://walker.dgf.uchile.cl/Mediciones/datos/csv/d02.csv
d02,d02,II Región de Antofagasta,-69.96,-25.1,1963.0,2011-08-31,7.77655219467819,111.96884239254037,14.363782124175575,11.487150329770298,809.8530816465773,,http://walker.dgf.uchile.cl/Mediciones/datos/csv/d02.csv
d02,d02,II Región de Antofagasta,-69.96,-25.1,1963.0,2011-09-30,6.333663366336634,134.85737859500236,17.27989156058463,9.424799622819425,810.520744931636,0.0,http://walker.dgf.uchile.cl/Mediciones/datos/csv/d02.csv
d02,d02,II Región de Antofagasta,-69.96,-25.1,1963.0,2011-10-31,8.5213769751693,123.35846501128668,15.499864559819411,12.905643340857788,809.2067720090294,0.0,http://walker.dgf.uchile.cl/Mediciones/datos/csv/d02.csv
d02,d02,II Región de Antofagasta,-69.96,-25.1,1963.0,2011-11-30,7.270092592592593,136.4287037037037,17.99849537037037,14.442824074074075,808.9703703703703,0.0,http://walker.dgf.uchile.cl/Mediciones/datos/csv/d02.csv
d02,d02,II Región de Antofagasta,-69.96,-25.1,1963.0,2011-12-31,7.790232974910394,130.10640681003585,18.20264336917563,19.942204301075268,808.5860215053764,0.0,http://walker.dgf.uchile.cl/Mediciones/datos/csv/d02.csv
d02,d02,II Región de Antofagasta,-69.96,-25.1,1963.0,2012-01-31,7.441084229390681,135.78517025089604,18.065210573476705,31.27867383512545,809.0801971326165,0.0,http://walker.dgf.uchile.cl/Mediciones/datos/csv/d02.csv
d02,d02,II Región de Antofagasta,-69.96,-25.1,1963.0,2012-02-29,7.270426245210728,132.42361111111111,18.143893678160918,37.01125478927203,808.4583333333334,0.0,http://walker.dgf.uchile.cl/Mediciones/datos/csv/d02.csv
d02,d02,II Región de Antofagasta,-69.96,-25.1,1963.0,2012-03-31,6.7885080645161295,127.89762544802868,19.078225806451613,29.098118279569892,808.5103046594982,0.0,http://walker.dgf.uchile.cl/Mediciones/datos/csv/d02.csv
d02,d02,II Región de Antofagasta,-69.96,-25.1,1963.0,2012-04-30,7.9979861111111115,110.20925925925926,16.29664351851852,37.09444444444444,809.2527777777777,0.0,http://walker.dgf.uchile.cl/Mediciones/datos/csv/d02.csv
d02,d02,II Región de Antofagasta,-69.96,-25.1,1963.0,2012-05-31,7.368324372759856,115.31608422939068,16.94657258064516,16.862903225806452,809.5893817204301,0.0,http://walker.dgf.uchile.cl/Mediciones/datos/csv/d02.csv
d02,d02,II Región de Antofagasta,-69.96,-25.1,1963.0,2012-06-30,7.174814814814815,116.87476851851852,15.28888888888889,16.427083333333332,810.299074074074,0.0,http://walker.dgf.uchile.cl/Mediciones/datos/csv/d02.csv
d02,d02,II Región de Antofagasta,-69.96,-25.1,1963.0,2012-07-31,7.264314516129033,121.91465053763442,14.551097670250895,10.196908602150538,809.4370519713261,0.0,http://walker.dgf.uchile.cl/Mediciones/datos/csv/d02.csv
d02,d02,II Región de Antofagasta,-69.96,-25.1,1963.0,2012-08-31,8.474753584229392,108.16756272401433,15.363261648745521,11.469086021505376,809.6050627240144,0.0,http://walker.dgf.uchile.cl/Mediciones/datos/csv/d02.csv
d02,d02,II Región de Antofagasta,-69.96,-25.1,1963.0,2012-09-30,7.990833333333334,119.43773148148148,17.614791666666665,10.57175925925926,809.5837962962963,0.0,http://walker.dgf.uchile.cl/Mediciones/datos/csv/d02.csv
d02,d02,II Región de Antofagasta,-69.96,-25.1,1963.0,2012-10-31,7.804726702508961,134.87051971326164,16.78635752688172,10.210125448028673,809.2296146953405,0.0,http://walker.dgf.uchile.cl/Mediciones/datos/csv/d02.csv
d02,d02,II Región de Antofagasta,-69.96,-25.1,1963.0,2012-11-30,7.802847222222223,124.47106481481481,18.24662037037037,11.0875,809.2159722222223,0.0,http://walker.dgf.uchile.cl/Mediciones/datos/csv/d02.csv
d02,d02,II Región de Antofagasta,-69.96,-25.1,1963.0,2012-12-31,7.399283154121864,133.93391577060933,18.39693100358423,21.071460573476703,808.6149193548387,0.0,http://walker.dgf.uchile.cl/Mediciones/datos/csv/d02.csv
d02,d02,II Región de Antofagasta,-69.96,-25.1,1963.0,2013-01-31,7.561245519713262,129.36402329749103,19.390344982078854,19.080645161290324,808.9534050179211,0.0,http://walker.dgf.uchile.cl/Mediciones/datos/csv/d02.csv
d02,d02,II Región de Antofagasta,-69.96,-25.1,1963.0,2013-02-28,7.508258928571428,130.1532738095238,18.779265873015873,35.70907738095238,808.7480158730159,0.0,http://walker.dgf.uchile.cl/Mediciones/datos/csv/d02.csv
d02,d02,II Región de Antofagasta,-69.96,-25.1,1963.0,2013-03-31,7.099215949820789,130.62275985663084,18.23546146953405,22.345206093189965,809.4713261648745,0.0,http://walker.dgf.uchile.cl/Mediciones/datos/csv/d02.csv
d02,d02,II Región de Antofagasta,-69.96,-25.1,1963.0,2013-04-30,7.035810185185185,121.05462962962963,17.566921296296297,14.821990740740741,809.9076388888889,0.0,http://walker.dgf.uchile.cl/Mediciones/datos/csv/d02.csv
d02,d02,II Región de Antofagasta,-69.96,-25.1,1963.0,2013-05-31,7.84298835125448,99.8673835125448,15.53189964157706,20.07437275985663,810.6021505376344,0.0,http://walker.dgf.uchile.cl/Mediciones/datos/csv/d02.csv
d02,d02,II Región de Antofagasta,-69.96,-25.1,1963.0,2013-06-30,7.610092592592593,101.62453703703704,14.482662037037036,17.127777777777776,810.000462962963,0.0,http://walker.dgf.uchile.cl/Mediciones/datos/csv/d02.csv
d02,d02,II Región de Antofagasta,-69.96,-25.1,1963.0,2013-07-31,7.825918458781362,94.31294802867383,15.427867383512545,13.29413082437276,809.9193548387096,0.0,http://walker.dgf.uchile.cl/Mediciones/datos/csv/d02.csv
d02,d02,II Región de Antofagasta,-69.96,-25.1,1963.0,2013-08-31,6.8684363799283155,117.8228046594982,15.36247759856631,12.956989247311828,809.9791666666666,0.0,http://walker.dgf.uchile.cl/Mediciones/datos/csv/d02.csv
d02,d02,II Región de Antofagasta,-69.96,-25.1,1963.0,2013-09-30,7.270601851851852,132.23425925925926,15.578194444444446,12.346064814814815,808.9689814814815,0.0,http://walker.dgf.uchile.cl/Mediciones/datos/csv/d02.csv
d02,d02,II Región de Antofagasta,-69.96,-25.1,1963.0,2013-10-31,7.651299283154122,121.34879032258064,16.950716845878137,8.992159498207885,809.4437724014336,0.0,http://walker.dgf.uchile.cl/Mediciones/datos/csv/d02.csv
d02,d02,II Región de Antofagasta,-69.96,-25.1,1963.0,2013-11-30,7.377962962962963,132.03587962962962,17.25650462962963,15.118287037037037,808.819212962963,0.0,http://walker.dgf.uchile.cl/Mediciones/datos/csv/d02.csv
d02,d02,II Región de Antofagasta,-69.96,-25.1,1963.0,2013-12-31,7.9081541218638,125.77822580645162,18.799215949820788,18.966621863799283,808.712141577061,0.0,http://walker.dgf.uchile.cl/Mediciones/datos/csv/d02.csv
d02,d02,II Región de Antofagasta,-69.96,-25.1,1963.0,2014-01-31,7.821572580645161,132.230958781362,18.191890681003585,38.66913082437276,808.7715053763441,0.0,http://walker.dgf.uchile.cl/Mediciones/datos/csv/d02.csv
d02,d02,II Región de Antofagasta,-69.96,-25.1,1963.0,2014-02-28,7.467906746031746,129.3358134920635,18.199503968253968,21.83953373015873,808.6267361111111,0.0,http://walker.dgf.uchile.cl/Mediciones/datos/csv/d02.csv
d02,d02,II Región de Antofagasta,-69.96,-25.1,1963.0,2014-03-31,7.713978494623655,122.73431899641577,17.290210573476703,32.47603046594982,809.3517025089606,0.0,http://walker.dgf.uchile.cl/Mediciones/datos/csv/d02.csv
d02,d02,II Región de Antofagasta,-69.96,-25.1,1963.0,2014-04-30,7.240972222222222,119.7400462962963,17.702708333333334,19.144675925925927,809.450925925926,0.0,http://walker.dgf.uchile.cl/Mediciones/datos/csv/d02.csv
d02,d02,II Región de Antofagasta,-69.96,-25.1,1963.0,2014-05-31,8.380510752688172,102.76344086021506,14.428539426523297,21.803763440860216,809.8673835125448,0.0,http://walker.dgf.uchile.cl/Mediciones/datos/csv/d02.csv
d02,d02,II Región de Antofagasta,-69.96,-25.1,1963.0,2014-06-30,8.496481481481482,99.7775462962963,13.908333333333333,12.003240740740742,809.3266203703704,0.0,http://walker.dgf.uchile.cl/Mediciones/datos/csv/d02.csv
d02,d02,II Región de Antofagasta,-69.96,-25.1,1963.0,2014-07-31,8.114247311827956,101.8788082437276,14.131698028673835,10.248207885304659,810.0383064516129,0.0,http://walker.dgf.uchile.cl/Mediciones/datos/csv/d02.csv
d02,d02,II Región de Antofagasta,-69.96,-25.1,1963.0,2014-08-31,6.992876344086022,120.82840501792114,16.854009856630825,12.648297491039427,810.3131720430108,0.0,http://walker.dgf.uchile.cl/Mediciones/datos/csv/d02.csv
d02,d02,II Región de Antofagasta,-69.96,-25.1,1963.0,2014-09-30,8.926921296296298,108.8425925925926,15.833865740740741,14.76226851851852,809.4782407407407,0.0,http://walker.dgf.uchile.cl/Mediciones/datos/csv/d02.csv
d02,d02,II Región de Antofagasta,-69.96,-25.1,1963.0,2014-10-31,6.48111559139785,149.55891577060933,19.025291218637992,12.324596774193548,809.3691756272401,0.0,http://walker.dgf.uchile.cl/Mediciones/datos/csv/d02.csv
d02,d02,II Región de Antofagasta,-69.96,-25.1,1963.0,2014-11-30,7.227662037037037,139.62314814814815,17.6424537037037,13.462268518518519,808.6800925925926,0.0,http://walker.dgf.uchile.cl/Mediciones/datos/csv/d02.csv
d02,d02,II Región de Antofagasta,-69.96,-25.1,1963.0,2014-12-31,7.566890681003584,129.8956093189964,18.216890681003584,12.512544802867383,808.0008960573476,0.0,http://walker.dgf.uchile.cl/Mediciones/datos/csv/d02.csv
d02,d02,II Región de Antofagasta,-69.96,-25.1,1963.0,2015-01-31,7.330981182795699,135.4758064516129,19.363799283154123,18.197804659498207,808.1895161290323,0.0,http://walker.dgf.uchile.cl/Mediciones/datos/csv/d02.csv
d02,d02,II Región de Antofagasta,-69.96,-25.1,1963.0,2015-02-28,7.934027777777778,122.03521825396825,18.3218253968254,41.02852182539682,808.2118055555555,0.0,http://walker.dgf.uchile.cl/Mediciones/datos/csv/d02.csv
d02,d02,II Región de Antofagasta,-69.96,-25.1,1963.0,2015-03-31,7.9084677419354845,122.10663082437276,17.98228046594982,43.99730881363534,808.3391577060931,0.0,http://walker.dgf.uchile.cl/Mediciones/datos/csv/d02.csv
d02,d02,II Región de Antofagasta,-69.96,-25.1,1963.0,2015-04-30,6.689981325863679,115.63795518207283,18.65452847805789,20.780578898225958,809.0107376283847,0.0,http://walker.dgf.uchile.cl/Mediciones/datos/csv/d02.csv
d02,d02,II Región de Antofagasta,-69.96,-25.1,1963.0,2015-05-31,7.350073924731183,106.70900537634408,16.62954749103943,18.211245519713263,810.1671146953405,0.0,http://walker.dgf.uchile.cl/Mediciones/datos/csv/d02.csv
d02,d02,II Región de Antofagasta,-69.96,-25.1,1963.0,2015-06-30,6.045497685185185,112.18148148148148,17.477337962962963,8.185185185185185,810.312962962963,0.0,http://walker.dgf.uchile.cl/Mediciones/datos/csv/d02.csv
d02,d02,II Región de Antofagasta,-69.96,-25.1,1963.0,2015-07-31,6.667538082437276,121.93145161290323,13.87347670250896,15.31591928251121,810.2125896057348,0.0,http://walker.dgf.uchile.cl/Mediciones/datos/csv/d02.csv
d02,d02,II Región de Antofagasta,-69.96,-25.1,1963.0,2015-08-31,7.761359767025089,123.31922043010752,15.021370967741934,18.508960573476703,809.1370967741935,0.0,http://walker.dgf.uchile.cl/Mediciones/datos/csv/d02.csv
d02,d02,II Región de Antofagasta,-69.96,-25.1,1963.0,2015-09-30,7.3548935185185185,122.06828703703704,16.694305555555555,12.249305555555555,809.5763888888889,0.0,http://walker.dgf.uchile.cl/Mediciones/datos/csv/d02.csv
d02,d02,II Región de Antofagasta,-69.96,-25.1,1963.0,2015-10-31,7.994251792114695,129.46482974910396,17.065613799283152,15.10394265232975,809.6987007168459,0.0,http://walker.dgf.uchile.cl/Mediciones/datos/csv/d02.csv
d02,d02,II Región de Antofagasta,-69.96,-25.1,1963.0,2015-11-30,8.412280092592594,118.35462962962963,17.338425925925925,12.30162037037037,808.4162037037037,0.0,http://walker.dgf.uchile.cl/Mediciones/datos/csv/d02.csv
d02,d02,II Región de Antofagasta,-69.96,-25.1,1963.0,2015-12-31,7.584014336917563,128.85170250896059,19.78888888888889,9.947804659498209,808.4242831541219,0.0,http://walker.dgf.uchile.cl/Mediciones/datos/csv/d02.csv
d02,d02,II Región de Antofagasta,-69.96,-25.1,1963.0,2016-01-31,7.885824372759856,123.85685483870968,19.818234767025093,20.959005376344088,809.5981182795699,0.0,http://walker.dgf.uchile.cl/Mediciones/datos/csv/d02.csv
d02,d02,II Región de Antofagasta,-69.96,-25.1,1963.0,2016-02-29,7.417329980842912,126.90900383141762,20.07741858237548,30.27897509578544,808.8045977011494,0.0,http://walker.dgf.uchile.cl/Mediciones/datos/csv/d02.csv
d02,d02,II Región de Antofagasta,-69.96,-25.1,1963.0,2016-03-31,7.6162701612903225,118.6377688172043,19.468862007168457,28.286962365591396,810.0129928315412,0.0,http://walker.dgf.uchile.cl/Mediciones/datos/csv/d02.csv
d02,d02,II Región de Antofagasta,-69.96,-25.1,1963.0,2016-04-30,7.969916666666667,113.41157407407407,17.416249999999998,31.723148148148148,809.6636574074074,0.0,http://walker.dgf.uchile.cl/Mediciones/datos/csv/d02.csv
d02,d02,II Región de Antofagasta,-69.96,-25.1,1963.0,2016-05-31,8.436001344086021,99.74596774193549,15.89146505376344,21.7576164874552,810.3340053763441,0.0,http://walker.dgf.uchile.cl/Mediciones/datos/csv/d02.csv
d02,d02,II Región de Antofagasta,-69.96,-25.1,1963.0,2016-06-30,8.630152777777779,93.96111111111111,14.119305555555556,20.137037037037036,810.7689814814814,0.0,http://walker.dgf.uchile.cl/Mediciones/datos/csv/d02.csv
d02,d02,II Región de Antofagasta,-69.96,-25.1,1963.0,2016-07-31,7.902486559139784,97.70273297491039,14.13125,18.213037634408604,810.375,0.0,http://walker.dgf.uchile.cl/Mediciones/datos/csv/d02.csv
d02,d02,II Región de Antofagasta,-69.96,-25.1,1963.0,2016-08-31,6.205961021505376,126.97939068100358,16.240748207885304,10.401433691756273,810.6406810035842,0.0,http://walker.dgf.uchile.cl/Mediciones/datos/csv/d02.csv
d02,d02,II Región de Antofagasta,-69.96,-25.1,1963.0,2016-09-30,6.450344907407408,124.5425925925926,17.764444444444443,11.02962962962963,810.55625,0.0,http://walker.dgf.uchile.cl/Mediciones/datos/csv/d02.csv
d02,d02,II Región de Antofagasta,-69.96,-25.1,1963.0,2016-10-31,7.255482256596906,131.44813466787988,17.16533212010919,12.570291173794358,809.4620109190173,0.0,http://walker.dgf.uchile.cl/Mediciones/datos/csv/d02.csv
d02,d02,II Región de Antofagasta,-69.96,-25.1,1963.0,2016-11-30,7.80179861111111,126.225,17.755462962962966,15.285185185185185,809.3590277777778,0.0,http://walker.dgf.uchile.cl/Mediciones/datos/csv/d02.csv
d02,d02,II Región de Antofagasta,-69.96,-25.1,1963.0,2016-12-31,8.290631720430106,123.1236559139785,17.88644713261649,23.176747311827956,809.0512992831541,0.0,http://walker.dgf.uchile.cl/Mediciones/datos/csv/d02.csv
d02,d02,II Región de Antofagasta,-69.96,-25.1,1963.0,2017-01-31,7.450132541133455,131.09826325411333,19.13329524680073,39.82449725776965,809.8646709323583,0.0,http://walker.dgf.uchile.cl/Mediciones/datos/csv/d02.csv
d02,d02,II Región de Antofagasta,-69.96,-25.1,1963.0,2017-02-28,7.5499479166666665,122.22321428571429,18.462698412698415,38.75074404761905,810.3781001984127,0.0,http://walker.dgf.uchile.cl/Mediciones/datos/csv/d02.csv
d02,d02,II Región de Antofagasta,-69.96,-25.1,1963.0,2017-03-31,6.991642025089606,128.41532258064515,18.402083333333334,35.15613799283154,810.4211917562725,0.0,http://walker.dgf.uchile.cl/Mediciones/datos/csv/d02.csv
d02,d02,II Región de Antofagasta,-69.96,-25.1,1963.0,2017-04-30,7.254546296296296,121.49259259259259,16.85013888888889,26.83240740740741,810.4383796296296,0.0,http://walker.dgf.uchile.cl/Mediciones/datos/csv/d02.csv
d02,d02,II Región de Antofagasta,-69.96,-25.1,1963.0,2017-05-31,11.250779569892474,69.74126344086021,14.349081541218638,29.612903225806452,810.1759856630824,0.0,http://walker.dgf.uchile.cl/Mediciones/datos/csv/d02.csv
d02,d02,II Región de Antofagasta,-69.96,-25.1,1963.0,2017-06-30,9.892946759259258,82.67523148148148,14.23875,23.039583333333333,810.8096759259258,0.0,http://walker.dgf.uchile.cl/Mediciones/datos/csv/d02.csv
d02,d02,II Región de Antofagasta,-69.96,-25.1,1963.0,2017-07-31,7.048595430107527,104.21303763440861,16.66326164874552,10.852822580645162,811.6877016129032,0.0,http://walker.dgf.uchile.cl/Mediciones/datos/csv/d02.csv
d02,d02,II Región de Antofagasta,-69.96,-25.1,1963.0,2017-08-31,7.570094086021506,115.58602150537635,14.339560931899642,14.089381720430108,811.1973790322581,0.0,http://walker.dgf.uchile.cl/Mediciones/datos/csv/d02.csv
d02,d02,II Región de Antofagasta,-69.96,-25.1,1963.0,2017-09-30,7.571043981481481,119.01620370370371,16.457337962962963,15.185185185185185,810.7409722222222,0.0,http://walker.dgf.uchile.cl/Mediciones/datos/csv/d02.csv
d02,d02,II Región de Antofagasta,-69.96,-25.1,1963.0,2017-10-31,6.890403225806451,135.71818996415772,17.181989247311826,10.260304659498209,810.233579749104,0.0,http://walker.dgf.uchile.cl/Mediciones/datos/csv/d02.csv
d02,d02,II Región de Antofagasta,-69.96,-25.1,1963.0,2017-11-30,7.262537037037037,133.62476851851852,17.81548611111111,17.01990740740741,809.6318981481481,0.0,http://walker.dgf.uchile.cl/Mediciones/datos/csv/d02.csv
d02,d02,II Región de Antofagasta,-69.96,-25.1,1963.0,2017-12-31,7.933935931899641,123.70049283154121,18.614090501792116,17.485663082437277,809.6835349462365,0.0,http://walker.dgf.uchile.cl/Mediciones/datos/csv/d02.csv
d02,d02,II Región de Antofagasta,-69.96,-25.1,1963.0,2018-01-31,6.88013664874552,138.53920250896059,18.696975806451615,24.291666666666668,809.6513888888888,0.0,http://walker.dgf.uchile.cl/Mediciones/datos/csv/d02.csv
d02,d02,II Región de Antofagasta,-69.96,-25.1,1963.0,2018-02-28,7.871316964285715,124.58730158730158,17.911929563492063,40.17559523809524,810.0408978174603,0.0,http://walker.dgf.uchile.cl/Mediciones/datos/csv/d02.csv
d02,d02,II Región de Antofagasta,-69.96,-25.1,1963.0,2018-03-31,7.1174641577060935,121.64605734767025,18.595967741935482,24.63978494623656,809.6912410394266,0.0,http://walker.dgf.uchile.cl/Mediciones/datos/csv/d02.csv
d02,d02,II Región de Antofagasta,-69.96,-25.1,1963.0,2018-04-30,6.866280092592593,112.64930555555556,17.707638888888887,30.394675925925927,810.9818055555555,0.0,http://walker.dgf.uchile.cl/Mediciones/datos/csv/d02.csv
d02,d02,II Región de Antofagasta,-69.96,-25.1,1963.0,2018-05-31,7.13603270609319,109.00537634408602,16.196348566308245,15.731182795698924,811.3064292114695,0.0,http://walker.dgf.uchile.cl/Mediciones/datos/csv/d02.csv
d02,d02,II Región de Antofagasta,-69.96,-25.1,1963.0,2018-06-30,8.526969907407407,96.81828703703704,14.305254629629628,15.479166666666666,811.2322916666667,0.0,http://walker.dgf.uchile.cl/Mediciones/datos/csv/d02.csv
d02,d02,II Región de Antofagasta,-69.96,-25.1,1963.0,2018-07-31,9.135089605734768,102.05645161290323,15.104547491039426,18.493279569892472,810.9109094982078,0.0,http://walker.dgf.uchile.cl/Mediciones/datos/csv/d02.csv
d02,d02,II Región de Antofagasta,-69.96,-25.1,1963.0,2018-08-31,7.02043234767025,117.72468637992831,16.27948028673835,10.37858422939068,811.2083333333334,0.0,http://walker.dgf.uchile.cl/Mediciones/datos/csv/d02.csv
d02,d02,II Región de Antofagasta,-69.96,-25.1,1963.0,2018-09-30,6.594416666666667,126.03125,17.10763888888889,10.580324074074074,810.1799537037036,0.0,http://walker.dgf.uchile.cl/Mediciones/datos/csv/d02.csv
d02,d02,II Región de Antofagasta,-69.96,-25.1,1963.0,2018-10-31,5.96241935483871,146.38373655913978,17.915479390681003,16.350582437275985,810.6856630824373,0.0,http://walker.dgf.uchile.cl/Mediciones/datos/csv/d02.csv
d02,d02,II Región de Antofagasta,-69.96,-25.1,1963.0,2018-11-30,6.2969375,145.06898148148147,18.759560185185187,17.582638888888887,810.0124305555556,0.0,http://walker.dgf.uchile.cl/Mediciones/datos/csv/d02.csv
d02,d02,II Región de Antofagasta,-69.96,-25.1,1963.0,2018-12-31,7.475035842293907,133.87007168458783,18.703875448028676,15.738127240143369,810.032123655914,0.0,http://walker.dgf.uchile.cl/Mediciones/datos/csv/d02.csv
d02,d02,II Región de Antofagasta,-69.96,-25.1,1963.0,2019-01-31,7.810392025089605,124.7576164874552,19.295900537634406,30.399641577060933,809.8287634408603,0.0,http://walker.dgf.uchile.cl/Mediciones/datos/csv/d02.csv
d02,d02,II Región de Antofagasta,-69.96,-25.1,1963.0,2019-02-28,7.216520337301587,131.50694444444446,19.80121527777778,34.430059523809526,810.056001984127,0.0,http://walker.dgf.uchile.cl/Mediciones/datos/csv/d02.csv
d02,d02,II Región de Antofagasta,-69.96,-25.1,1963.0,2019-03-31,7.4705958781362005,123.83310931899642,18.974148745519713,23.19198028673835,810.2009184587813,0.0,http://walker.dgf.uchile.cl/Mediciones/datos/csv/d02.csv
d02,d02,II Región de Antofagasta,-69.96,-25.1,1963.0,2019-04-30,7.553601851851852,108.43981481481481,17.50141203703704,24.63888888888889,810.6440972222222,0.0,http://walker.dgf.uchile.cl/Mediciones/datos/csv/d02.csv
d02,d02,II Región de Antofagasta,-69.96,-25.1,1963.0,2019-05-31,8.369386322463768,97.02490942028986,15.38870018115942,18.969202898550726,810.4251811594203,0.0,http://walker.dgf.uchile.cl/Mediciones/datos/csv/d02.csv
d02,d02,II Región de Antofagasta,-69.96,-25.1,1963.0,2019-06-30,7.9577638888888895,119.52708333333334,16.18122685185185,12.21574074074074,810.970787037037,0.0,http://walker.dgf.uchile.cl/Mediciones/datos/csv/d02.csv
d02,d02,II Región de Antofagasta,-69.96,-25.1,1963.0,2019-07-31,7.217083333333334,111.26523297491039,15.325044802867383,13.41621863799283,811.0554435483871,0.0,http://walker.dgf.uchile.cl/Mediciones/datos/csv/d02.csv
d02,d02,II Región de Antofagasta,-69.96,-25.1,1963.0,2019-08-31,6.145064964157706,130.28001792114696,17.30902777777778,7.911962365591398,811.5389336917563,0.0,http://walker.dgf.uchile.cl/Mediciones/datos/csv/d02.csv
d02,d02,II Región de Antofagasta,-69.96,-25.1,1963.0,2019-09-30,9.367189814814814,113.66157407407407,15.898032407407408,12.838888888888889,810.2095833333333,0.0,http://walker.dgf.uchile.cl/Mediciones/datos/csv/d02.csv
d02,d02,II Región de Antofagasta,-69.96,-25.1,1963.0,2019-10-31,7.848136200716846,146.75067204301075,17.133086917562725,14.970430107526882,810.0303539426524,0.0,http://walker.dgf.uchile.cl/Mediciones/datos/csv/d02.csv
d02,d02,II Región de Antofagasta,-69.96,-25.1,1963.0,2019-11-30,7.4998912037037035,130.09305555555557,19.053356481481483,17.00023148148148,809.5891666666668,0.0,http://walker.dgf.uchile.cl/Mediciones/datos/csv/d02.csv
d02,d02,II Región de Antofagasta,-69.96,-25.1,1963.0,2019-12-31,7.431462813620072,132.83870967741936,19.1959229390681,16.948700716845877,809.7864471326166,0.0,http://walker.dgf.uchile.cl/Mediciones/datos/csv/d02.csv
d02,d02,II Región de Antofagasta,-69.96,-25.1,1963.0,2020-01-31,7.703893369175628,128.29547491039426,19.55992383512545,33.34789426523297,810.1922715053763,0.0,http://walker.dgf.uchile.cl/Mediciones/datos/csv/d02.csv
d02,d02,II Región de Antofagasta,-69.96,-25.1,1963.0,2020-02-29,7.38746408045977,128.19516283524905,19.65749521072797,29.5941091954023,810.2337164750958,0.0,http://walker.dgf.uchile.cl/Mediciones/datos/csv/d02.csv
d02,d02,II Región de Antofagasta,-69.96,-25.1,1963.0,2020-03-31,6.64200940860215,131.8969534050179,19.11720430107527,29.586021505376344,810.7689068100358,0.0,http://walker.dgf.uchile.cl/Mediciones/datos/csv/d02.csv
d02,d02,II Región de Antofagasta,-69.96,-25.1,1963.0,2020-04-30,7.167731481481481,112.33680555555556,18.494444444444444,25.921064814814816,811.439074074074,0.0,http://walker.dgf.uchile.cl/Mediciones/datos/csv/d02.csv
d02,d02,II Región de Antofagasta,-69.96,-25.1,1963.0,2020-05-31,7.895770609318997,94.52665770609319,17.56377688172043,14.691756272401435,811.3177867383513,0.0,http://walker.dgf.uchile.cl/Mediciones/datos/csv/d02.csv
d02,d02,II Región de Antofagasta,-69.96,-25.1,1963.0,2020-06-30,8.332784722222222,101.4261574074074,14.397407407407409,21.38425925925926,811.1042824074074,0.0,http://walker.dgf.uchile.cl/Mediciones/datos/csv/d02.csv
d02,d02,II Región de Antofagasta,-69.96,-25.1,1963.0,2020-07-31,6.354206989247312,115.53158602150538,14.638104838709678,10.220654121863799,811.164896953405,0.0,http://walker.dgf.uchile.cl/Mediciones/datos/csv/d02.csv
d02,d02,II Región de Antofagasta,-69.96,-25.1,1963.0,2020-08-31,8.293624551971325,129.7945788530466,14.560282258064516,13.47871863799283,810.1985663082437,0.0,http://walker.dgf.uchile.cl/Mediciones/datos/csv/d02.csv
d02,d02,II Región de Antofagasta,-69.96,-25.1,1963.0,2020-09-30,7.550719907407408,131.04791666666668,16.295740740740744,12.405555555555555,810.6865509259259,0.0,http://walker.dgf.uchile.cl/Mediciones/datos/csv/d02.csv
d02,d02,II Región de Antofagasta,-69.96,-25.1,1963.0,2020-10-31,6.610033602150537,142.99014336917563,18.811984767025088,11.54502688172043,810.379726702509,0.0,http://walker.dgf.uchile.cl/Mediciones/datos/csv/d02.csv
d02,d02,II Región de Antofagasta,-69.96,-25.1,1963.0,2020-11-30,7.592752314814815,136.12847222222223,17.580833333333334,12.72638888888889,810.2692129629629,0.0,http://walker.dgf.uchile.cl/Mediciones/datos/csv/d02.csv
d02,d02,II Región de Antofagasta,-69.96,-25.1,1963.0,2020-12-31,7.8177019056261345,126.44986388384756,18.362159709618872,21.287885662431943,810.2237068965518,0.0,http://walker.dgf.uchile.cl/Mediciones/datos/csv/d02.csv
d02,d02,II Región de Antofagasta,-69.96,-25.1,1963.0,2021-01-31,6.9173095878136195,137.06205197132616,18.614000896057345,25.68010752688172,809.9766353046596,0.0,http://walker.dgf.uchile.cl/Mediciones/datos/csv/d02.csv
d02,d02,II Región de Antofagasta,-69.96,-25.1,1963.0,2021-02-28,8.132204861111111,115.75198412698413,18.519444444444442,30.826140873015873,809.7968005952381,0.0,http://walker.dgf.uchile.cl/Mediciones/datos/csv/d02.csv
d02,d02,II Región de Antofagasta,-69.96,-25.1,1963.0,2021-03-31,8.002511200716846,116.22916666666667,17.46836917562724,33.84991039426523,810.0587589605734,0.0,http://walker.dgf.uchile.cl/Mediciones/datos/csv/d02.csv
d02,d02,II Región de Antofagasta,-69.96,-25.1,1963.0,2021-04-30,8.491298611111112,101.81689814814816,16.867083333333333,23.80462962962963,810.0099768518519,0.0,http://walker.dgf.uchile.cl/Mediciones/datos/csv/d02.csv
d02,d02,II Región de Antofagasta,-69.96,-25.1,1963.0,2021-05-31,7.943644713261649,99.70273297491039,16.21749551971326,20.048387096774192,811.558355734767,0.0,http://walker.dgf.uchile.cl/Mediciones/datos/csv/d02.csv
d02,d02,II Región de Antofagasta,-69.96,-25.1,1963.0,2021-06-30,9.02712037037037,91.79027777777777,14.393518518518519,17.0375,811.269537037037,0.0,http://walker.dgf.uchile.cl/Mediciones/datos/csv/d02.csv
d02,d02,II Región de Antofagasta,-69.96,-25.1,1963.0,2021-07-31,7.105385304659498,107.10394265232975,15.955062724014336,10.418682795698924,811.6558915770609,0.0,http://walker.dgf.uchile.cl/Mediciones/datos/csv/d02.csv
d02,d02,II Región de Antofagasta,-69.96,-25.1,1963.0,2021-08-31,8.663595430107527,103.7320788530466,14.613037634408602,15.534274193548388,811.4967965949821,0.0,http://walker.dgf.uchile.cl/Mediciones/datos/csv/d02.csv
d02,d02,II Región de Antofagasta,-69.96,-25.1,1963.0,2021-09-30,7.2960162037037035,123.45046296296296,16.610370370370372,10.565972222222221,811.4443055555555,0.0,http://walker.dgf.uchile.cl/Mediciones/datos/csv/d02.csv
d02,d02,II Región de Antofagasta,-69.96,-25.1,1963.0,2021-10-31,8.454027777777778,118.54905913978494,16.74285394265233,11.35752688172043,810.5362903225806,0.0,http://walker.dgf.uchile.cl/Mediciones/datos/csv/d02.csv
d02,d02,II Región de Antofagasta,-69.96,-25.1,1963.0,2021-11-30,8.25074074074074,118.12337962962962,17.523657407407406,10.920833333333333,810.3217361111111,0.0,http://walker.dgf.uchile.cl/Mediciones/datos/csv/d02.csv
d02,d02,II Región de Antofagasta,-69.96,-25.1,1963.0,2021-12-31,7.406270161290322,132.34475806451613,18.841666666666665,21.954525089605735,809.9868055555555,0.0,http://walker.dgf.uchile.cl/Mediciones/datos/csv/d02.csv
d04,d04,II Región de Antofagasta,-69.65,-25.09,2550.0,2009-07-31,12.192473948282517,80.45735237360093,9.7130258587418,17.818216904670013,,,http://walker.dgf.uchile.cl/Mediciones/datos/csv/d04.csv
d04,d04,II Región de Antofagasta,-69.65,-25.09,2550.0,2009-08-31,8.468055555555555,120.64605734767025,13.474260752688172,8.414202508960573,,,http://walker.dgf.uchile.cl/Mediciones/datos/csv/d04.csv
d04,d04,II Región de Antofagasta,-69.65,-25.09,2550.0,2009-09-30,10.463356481481481,116.11342592592592,12.714675925925926,8.069675925925926,,,http://walker.dgf.uchile.cl/Mediciones/datos/csv/d04.csv
d04,d04,II Región de Antofagasta,-69.65,-25.09,2550.0,2009-10-31,8.041666666666666,134.8570788530466,15.697939068100359,10.567652329749103,,,http://walker.dgf.uchile.cl/Mediciones/datos/csv/d04.csv
d04,d04,II Región de Antofagasta,-69.65,-25.09,2550.0,2009-11-30,6.018472222222222,154.51597222222222,16.78921296296296,19.169675925925926,,,http://walker.dgf.uchile.cl/Mediciones/datos/csv/d04.csv
d04,d04,II Región de Antofagasta,-69.65,-25.09,2550.0,2009-12-31,5.852890304961311,152.910332271279,16.776422394173874,19.654984069185254,,,http://walker.dgf.uchile.cl/Mediciones/datos/csv/d04.csv
d04,d04,II Región de Antofagasta,-69.65,-25.09,2550.0,2010-01-31,5.675403225806452,147.26097670250897,17.134229390681003,24.721774193548388,,,http://walker.dgf.uchile.cl/Mediciones/datos/csv/d04.csv
d04,d04,II Región de Antofagasta,-69.65,-25.09,2550.0,2010-02-28,6.314012896825396,146.1485615079365,17.900396825396825,28.4015376984127,,,http://walker.dgf.uchile.cl/Mediciones/datos/csv/d04.csv
d04,d04,II Región de Antofagasta,-69.65,-25.09,2550.0,2010-03-31,5.839695340501793,142.72289426523298,17.7603270609319,20.866039426523297,,,http://walker.dgf.uchile.cl/Mediciones/datos/csv/d04.csv
d04,d04,II Región de Antofagasta,-69.65,-25.09,2550.0,2010-04-30,7.531365740740741,129.52013888888888,15.831365740740742,17.59861111111111,,,http://walker.dgf.uchile.cl/Mediciones/datos/csv/d04.csv
d04,d04,II Región de Antofagasta,-69.65,-25.09,2550.0,2010-05-31,11.94554211469534,84.98431899641577,12.268503584229391,26.172305624019717,,,http://walker.dgf.uchile.cl/Mediciones/datos/csv/d04.csv
d04,d04,II Región de Antofagasta,-69.65,-25.09,2550.0,2010-06-30,11.22699074074074,83.13680555555555,11.812430555555554,12.996064814814815,,,http://walker.dgf.uchile.cl/Mediciones/datos/csv/d04.csv
d04,d04,II Región de Antofagasta,-69.65,-25.09,2550.0,2010-07-31,11.285349462365591,85.20631720430107,9.73633512544803,10.250672043010752,,,http://walker.dgf.uchile.cl/Mediciones/datos/csv/d04.csv
d04,d04,II Región de Antofagasta,-69.65,-25.09,2550.0,2010-08-31,9.052240143369175,113.4375,13.616733870967742,6.842293906810036,,,http://walker.dgf.uchile.cl/Mediciones/datos/csv/d04.csv
d04,d04,II Región de Antofagasta,-69.65,-25.09,2550.0,2010-09-30,9.440416666666666,122.66064814814816,13.021944444444445,9.477083333333333,,,http://walker.dgf.uchile.cl/Mediciones/datos/csv/d04.csv
d04,d04,II Región de Antofagasta,-69.65,-25.09,2550.0,2010-10-31,10.207683691756271,113.88709677419355,13.24847670250896,12.084677419354838,,,http://walker.dgf.uchile.cl/Mediciones/datos/csv/d04.csv
d04,d04,II Región de Antofagasta,-69.65,-25.09,2550.0,2010-11-30,7.853796296296297,137.22037037037038,14.157546296296296,13.741435185185185,,,http://walker.dgf.uchile.cl/Mediciones/datos/csv/d04.csv
d04,d04,II Región de Antofagasta,-69.65,-25.09,2550.0,2010-12-31,7.252755376344086,143.05107526881721,14.87004928315412,20.954525089605735,,,http://walker.dgf.uchile.cl/Mediciones/datos/csv/d04.csv
d04,d04,II Región de Antofagasta,-69.65,-25.09,2550.0,2011-01-31,5.69948476702509,151.18167562724014,15.809139784946236,28.090725806451612,,,http://walker.dgf.uchile.cl/Mediciones/datos/csv/d04.csv
d04,d04,II Región de Antofagasta,-69.65,-25.09,2550.0,2011-02-28,6.898189484126984,138.51066468253967,15.244866071428572,43.370535714285715,,,http://walker.dgf.uchile.cl/Mediciones/datos/csv/d04.csv
d04,d04,II Región de Antofagasta,-69.65,-25.09,2550.0,2011-03-31,6.781205197132616,137.41621863799284,15.094668458781364,24.020609318996417,,,http://walker.dgf.uchile.cl/Mediciones/datos/csv/d04.csv
d04,d04,II Región de Antofagasta,-69.65,-25.09,2550.0,2011-04-30,6.5991435185185185,130.28541666666666,14.665300925925926,24.513425925925926,,,http://walker.dgf.uchile.cl/Mediciones/datos/csv/d04.csv
d04,d04,II Región de Antofagasta,-69.65,-25.09,2550.0,2011-05-31,8.22703853046595,113.45071684587813,14.893951612903226,14.05421146953405,,,http://walker.dgf.uchile.cl/Mediciones/datos/csv/d04.csv
d04,d04,II Región de Antofagasta,-69.65,-25.09,2550.0,2011-06-30,10.943194444444444,91.50671296296296,12.034421296296296,17.66712962962963,,,http://walker.dgf.uchile.cl/Mediciones/datos/csv/d04.csv
d04,d04,II Región de Antofagasta,-69.65,-25.09,2550.0,2011-07-31,11.951988251242657,83.35924084952553,10.281156800723,22.444268595975583,,,http://walker.dgf.uchile.cl/Mediciones/datos/csv/d04.csv
d04,d04,II Región de Antofagasta,-69.65,-25.09,2550.0,2011-08-31,9.507594086021506,110.55085125448029,12.19858870967742,9.357974910394265,,,http://walker.dgf.uchile.cl/Mediciones/datos/csv/d04.csv
d04,d04,II Región de Antofagasta,-69.65,-25.09,2550.0,2011-09-30,6.355766526019691,139.629160806376,15.238420065635255,7.796296296296297,,,http://walker.dgf.uchile.cl/Mediciones/datos/csv/d04.csv
d04,d04,II Región de Antofagasta,-69.65,-25.09,2550.0,2011-10-31,9.31771953405018,126.40456989247312,13.227105734767026,11.539650537634408,,,http://walker.dgf.uchile.cl/Mediciones/datos/csv/d04.csv
d04,d04,II Región de Antofagasta,-69.65,-25.09,2550.0,2011-11-30,6.272209138012246,147.22986340084785,16.100824305228453,15.08926048045219,,,http://walker.dgf.uchile.cl/Mediciones/datos/csv/d04.csv
d04,d04,II Región de Antofagasta,-69.65,-25.09,2550.0,2011-12-31,6.708982974910395,147.32347670250897,16.08481182795699,21.628136200716845,,,http://walker.dgf.uchile.cl/Mediciones/datos/csv/d04.csv
d04,d04,II Región de Antofagasta,-69.65,-25.09,2550.0,2012-01-31,6.129861111111111,151.63172043010752,15.83581989247312,33.58243727598566,,,http://walker.dgf.uchile.cl/Mediciones/datos/csv/d04.csv
d04,d04,II Región de Antofagasta,-69.65,-25.09,2550.0,2012-02-29,5.496791187739463,146.128591954023,15.65699233716475,41.85704022988506,,,http://walker.dgf.uchile.cl/Mediciones/datos/csv/d04.csv
d04,d04,II Región de Antofagasta,-69.65,-25.09,2550.0,2012-03-31,5.211917562724015,146.019041218638,17.199820788530467,29.474462365591396,,,http://walker.dgf.uchile.cl/Mediciones/datos/csv/d04.csv
d04,d04,II Región de Antofagasta,-69.65,-25.09,2550.0,2012-04-30,8.642106481481482,116.25925925925925,14.233194444444445,32.332175925925924,,,http://walker.dgf.uchile.cl/Mediciones/datos/csv/d04.csv
d04,d04,II Región de Antofagasta,-69.65,-25.09,2550.0,2012-05-31,8.047871863799282,115.27598566308244,14.665681003584229,15.80510752688172,,,http://walker.dgf.uchile.cl/Mediciones/datos/csv/d04.csv
d04,d04,II Región de Antofagasta,-69.65,-25.09,2550.0,2012-06-30,8.241574074074073,113.46666666666667,12.987824074074075,15.03587962962963,,,http://walker.dgf.uchile.cl/Mediciones/datos/csv/d04.csv
d04,d04,II Región de Antofagasta,-69.65,-25.09,2550.0,2012-07-31,8.710371863799283,104.70318100358423,12.736245519713261,9.430779569892474,,,http://walker.dgf.uchile.cl/Mediciones/datos/csv/d04.csv
d04,d04,II Región de Antofagasta,-69.65,-25.09,2550.0,2012-08-31,10.448252688172044,109.27665770609319,13.546326164874552,9.469982078853047,,,http://walker.dgf.uchile.cl/Mediciones/datos/csv/d04.csv
d04,d04,II Región de Antofagasta,-69.65,-25.09,2550.0,2012-09-30,8.906041666666667,125.77962962962962,15.731574074074073,9.99375,,,http://walker.dgf.uchile.cl/Mediciones/datos/csv/d04.csv
d04,d04,II Región de Antofagasta,-69.65,-25.09,2550.0,2012-10-31,8.832997311827956,134.37141577060933,15.071617383512544,9.569444444444445,,,http://walker.dgf.uchile.cl/Mediciones/datos/csv/d04.csv
d04,d04,II Región de Antofagasta,-69.65,-25.09,2550.0,2012-11-30,6.750277777777778,143.34027777777777,16.28351851851852,11.75925925925926,,,http://walker.dgf.uchile.cl/Mediciones/datos/csv/d04.csv
d04,d04,II Región de Antofagasta,-69.65,-25.09,2550.0,2012-12-31,5.8717741935483865,153.37163978494624,16.240793010752686,23.10192652329749,,,http://walker.dgf.uchile.cl/Mediciones/datos/csv/d04.csv
d04,d04,II Región de Antofagasta,-69.65,-25.09,2550.0,2013-01-31,6.8228825136612015,145.8287795992714,17.079758652094718,21.408014571949,,,http://walker.dgf.uchile.cl/Mediciones/datos/csv/d04.csv
d04,d04,II Región de Antofagasta,-69.65,-25.09,2550.0,2013-02-28,5.563219246031746,146.16741071428572,16.84583333333333,35.442460317460316,,,http://walker.dgf.uchile.cl/Mediciones/datos/csv/d04.csv
d04,d04,II Región de Antofagasta,-69.65,-25.09,2550.0,2013-03-31,6.716196236559139,136.90210573476702,16.133602150537634,23.802867383512545,,,http://walker.dgf.uchile.cl/Mediciones/datos/csv/d04.csv
d04,d04,II Región de Antofagasta,-69.65,-25.09,2550.0,2013-04-30,6.882013888888888,129.36458333333334,15.806736111111112,12.69050925925926,,,http://walker.dgf.uchile.cl/Mediciones/datos/csv/d04.csv
d04,d04,II Región de Antofagasta,-69.65,-25.09,2550.0,2013-05-31,9.039359318996414,105.05779569892474,13.351545698924731,19.375672043010752,,,http://walker.dgf.uchile.cl/Mediciones/datos/csv/d04.csv
d04,d04,II Región de Antofagasta,-69.65,-25.09,2550.0,2013-06-30,9.178194444444445,103.26527777777778,12.181435185185185,17.65625,,,http://walker.dgf.uchile.cl/Mediciones/datos/csv/d04.csv
d04,d04,II Región de Antofagasta,-69.65,-25.09,2550.0,2013-07-31,8.658266129032258,102.46326164874552,13.537455197132616,13.101478494623656,,,http://walker.dgf.uchile.cl/Mediciones/datos/csv/d04.csv
d04,d04,II Región de Antofagasta,-69.65,-25.09,2550.0,2013-08-31,7.463844086021505,123.80152329749104,13.284139784946237,12.102822580645162,,,http://walker.dgf.uchile.cl/Mediciones/datos/csv/d04.csv
d04,d04,II Región de Antofagasta,-69.65,-25.09,2550.0,2013-09-30,8.323125000000001,134.36041666666668,13.509375,11.87337962962963,,,http://walker.dgf.uchile.cl/Mediciones/datos/csv/d04.csv
d04,d04,II Región de Antofagasta,-69.65,-25.09,2550.0,2013-10-31,8.138620071684588,130.483646953405,14.700985663082436,9.49910394265233,,,http://walker.dgf.uchile.cl/Mediciones/datos/csv/d04.csv
d04,d04,II Región de Antofagasta,-69.65,-25.09,2550.0,2013-11-30,7.338958333333333,146.29699074074074,15.230694444444445,14.826157407407408,,,http://walker.dgf.uchile.cl/Mediciones/datos/csv/d04.csv
d04,d04,II Región de Antofagasta,-69.65,-25.09,2550.0,2013-12-31,6.115008960573477,148.24462365591398,16.816913082437274,22.724462365591396,,,http://walker.dgf.uchile.cl/Mediciones/datos/csv/d04.csv
d04,d04,II Región de Antofagasta,-69.65,-25.09,2550.0,2014-01-31,6.09233870967742,149.76052867383513,16.07358870967742,41.74305555555556,,,http://walker.dgf.uchile.cl/Mediciones/datos/csv/d04.csv
d04,d04,II Región de Antofagasta,-69.65,-25.09,2550.0,2014-02-28,6.3057043650793645,142.36433531746033,16.163839285714285,23.68576388888889,,,http://walker.dgf.uchile.cl/Mediciones/datos/csv/d04.csv
d04,d04,II Región de Antofagasta,-69.65,-25.09,2550.0,2014-03-31,7.333310931899642,131.15613799283153,15.08519265232975,31.6581541218638,,,http://walker.dgf.uchile.cl/Mediciones/datos/csv/d04.csv
d04,d04,II Región de Antofagasta,-69.65,-25.09,2550.0,2014-04-30,6.903726851851851,131.09328703703704,15.98127314814815,18.17685185185185,,,http://walker.dgf.uchile.cl/Mediciones/datos/csv/d04.csv
d04,d04,II Región de Antofagasta,-69.65,-25.09,2550.0,2014-05-31,9.95154569892473,94.19220430107526,12.356384408602151,20.247681520018094,,,http://walker.dgf.uchile.cl/Mediciones/datos/csv/d04.csv
d04,d04,II Región de Antofagasta,-69.65,-25.09,2550.0,2014-06-30,10.572476851851851,92.4650462962963,12.051805555555557,10.99837962962963,,,http://walker.dgf.uchile.cl/Mediciones/datos/csv/d04.csv
d04,d04,II Región de Antofagasta,-69.65,-25.09,2550.0,2014-07-31,9.837298387096773,98.68189964157706,12.38445340501792,8.314516129032258,,,http://walker.dgf.uchile.cl/Mediciones/datos/csv/d04.csv
d04,d04,II Región de Antofagasta,-69.65,-25.09,2550.0,2014-08-31,7.987365591397849,120.25627240143369,14.523028673835126,12.852822580645162,,,http://walker.dgf.uchile.cl/Mediciones/datos/csv/d04.csv
d04,d04,II Región de Antofagasta,-69.65,-25.09,2550.0,2014-09-30,11.001481481481482,116.37407407407407,13.552662037037036,14.839351851851852,,,http://walker.dgf.uchile.cl/Mediciones/datos/csv/d04.csv
d04,d04,II Región de Antofagasta,-69.65,-25.09,2550.0,2014-10-31,6.375224014336918,146.2155017921147,17.128001792114695,14.311827956989248,,,http://walker.dgf.uchile.cl/Mediciones/datos/csv/d04.csv
d04,d04,II Región de Antofagasta,-69.65,-25.09,2550.0,2014-11-30,6.887083333333334,145.75324074074075,15.81877314814815,14.555555555555555,,,http://walker.dgf.uchile.cl/Mediciones/datos/csv/d04.csv
d04,d04,II Región de Antofagasta,-69.65,-25.09,2550.0,2014-12-31,6.9692204301075265,148.79637096774192,16.44621415770609,14.819220430107526,,,http://walker.dgf.uchile.cl/Mediciones/datos/csv/d04.csv
d04,d04,II Región de Antofagasta,-69.65,-25.09,2550.0,2015-01-31,6.0092293906810035,151.46751792114696,17.451568100358422,20.877464157706093,,,http://walker.dgf.uchile.cl/Mediciones/datos/csv/d04.csv
d04,d04,II Región de Antofagasta,-69.65,-25.09,2550.0,2015-02-28,6.549851190476191,142.31646825396825,16.477083333333336,42.70510912698413,,,http://walker.dgf.uchile.cl/Mediciones/datos/csv/d04.csv
d04,d04,II Región de Antofagasta,-69.65,-25.09,2550.0,2015-03-31,6.619847670250896,134.02598566308242,16.076568100358422,44.000228623685416,,,http://walker.dgf.uchile.cl/Mediciones/datos/csv/d04.csv
d04,d04,II Región de Antofagasta,-69.65,-25.09,2550.0,2015-04-30,6.098636044059058,133.9660182798219,17.172869708631115,42.88974358974359,,,http://walker.dgf.uchile.cl/Mediciones/datos/csv/d04.csv
d04,d04,II Región de Antofagasta,-69.65,-25.09,2550.0,2015-05-31,8.669368279569891,112.66823476702508,,56.810570236439496,,,http://walker.dgf.uchile.cl/Mediciones/datos/csv/d04.csv
d04,d04,II Región de Antofagasta,-69.65,-25.09,2550.0,2015-06-30,6.791650462962963,121.37777777777778,,27.761805555555554,,,http://walker.dgf.uchile.cl/Mediciones/datos/csv/d04.csv
d04,d04,II Región de Antofagasta,-69.65,-25.09,2550.0,2015-07-31,9.26510528673835,104.2780017921147,,35.69361804222649,,,http://walker.dgf.uchile.cl/Mediciones/datos/csv/d04.csv
d04,d04,II Región de Antofagasta,-69.65,-25.09,2550.0,2015-08-31,10.662498298162014,101.4735647832993,,39.33223049352082,,,http://walker.dgf.uchile.cl/Mediciones/datos/csv/d04.csv
d04,d04,II Región de Antofagasta,-69.65,-25.09,2550.0,2015-09-30,7.81894212962963,136.44305555555556,,41.309875954198475,,,http://walker.dgf.uchile.cl/Mediciones/datos/csv/d04.csv
d04,d04,II Región de Antofagasta,-69.65,-25.09,2550.0,2015-10-31,9.592269099201824,129.57970353477765,15.682725694444445,29.845815996301432,,,http://walker.dgf.uchile.cl/Mediciones/datos/csv/d04.csv
d04,d04,II Región de Antofagasta,-69.65,-25.09,2550.0,2015-11-30,9.831048611111111,130.18310185185186,15.260162037037036,11.842361111111112,,,http://walker.dgf.uchile.cl/Mediciones/datos/csv/d04.csv
d04,d04,II Región de Antofagasta,-69.65,-25.09,2550.0,2015-12-31,7.9781541218638,141.4780465949821,17.70103046594982,10.516129032258064,,,http://walker.dgf.uchile.cl/Mediciones/datos/csv/d04.csv
d04,d04,II Región de Antofagasta,-69.65,-25.09,2550.0,2016-01-31,6.436173835125448,149.04547491039426,17.970250896057347,22.85192652329749,,,http://walker.dgf.uchile.cl/Mediciones/datos/csv/d04.csv
d04,d04,II Región de Antofagasta,-69.65,-25.09,2550.0,2016-02-29,5.766942049808429,150.04741379310346,18.23314176245211,31.20162835249042,,,http://walker.dgf.uchile.cl/Mediciones/datos/csv/d04.csv
d04,d04,II Región de Antofagasta,-69.65,-25.09,2550.0,2016-03-31,6.780651881720431,136.0483870967742,17.703875448028676,26.87298387096774,,,http://walker.dgf.uchile.cl/Mediciones/datos/csv/d04.csv
d04,d04,II Región de Antofagasta,-69.65,-25.09,2550.0,2016-04-30,8.91762037037037,118.20810185185185,15.607222222222221,27.564814814814813,,,http://walker.dgf.uchile.cl/Mediciones/datos/csv/d04.csv
d04,d04,II Región de Antofagasta,-69.65,-25.09,2550.0,2016-05-31,10.608685035842294,95.99305555555556,13.62013888888889,20.775089605734767,,,http://walker.dgf.uchile.cl/Mediciones/datos/csv/d04.csv
d04,d04,II Región de Antofagasta,-69.65,-25.09,2550.0,2016-06-30,10.467,94.12916666666666,11.419560185185185,21.068287037037038,,,http://walker.dgf.uchile.cl/Mediciones/datos/csv/d04.csv
d04,d04,II Región de Antofagasta,-69.65,-25.09,2550.0,2016-07-31,10.388673835125449,91.73409498207886,12.235058243727599,16.39068100358423,,,http://walker.dgf.uchile.cl/Mediciones/datos/csv/d04.csv
d04,d04,II Región de Antofagasta,-69.65,-25.09,2550.0,2016-08-31,6.788835125448029,132.33355734767025,13.916353046594981,10.856182795698924,,,http://walker.dgf.uchile.cl/Mediciones/datos/csv/d04.csv
d04,d04,II Región de Antofagasta,-69.65,-25.09,2550.0,2016-09-30,5.821259259259259,144.76458333333332,15.912662037037036,11.137962962962963,,,http://walker.dgf.uchile.cl/Mediciones/datos/csv/d04.csv
d04,d04,II Región de Antofagasta,-69.65,-25.09,2550.0,2016-10-31,7.6871482974910395,138.07683691756273,15.113418458781362,12.81339605734767,,,http://walker.dgf.uchile.cl/Mediciones/datos/csv/d04.csv
d04,d04,II Región de Antofagasta,-69.65,-25.09,2550.0,2016-11-30,7.863574074074074,141.56319444444443,15.618125000000001,15.43287037037037,,,http://walker.dgf.uchile.cl/Mediciones/datos/csv/d04.csv
d04,d04,II Región de Antofagasta,-69.65,-25.09,2550.0,2016-12-31,7.462443996415771,141.99395161290323,15.974327956989246,23.96326164874552,,,http://walker.dgf.uchile.cl/Mediciones/datos/csv/d04.csv
d04,d04,II Región de Antofagasta,-69.65,-25.09,2550.0,2017-01-31,5.5020004480286735,154.94041218637992,17.058826164874553,43.41935483870968,,,http://walker.dgf.uchile.cl/Mediciones/datos/csv/d04.csv
d04,d04,II Región de Antofagasta,-69.65,-25.09,2550.0,2017-02-28,5.9039632936507935,147.62872023809524,15.932862103174603,42.654513888888886,,,http://walker.dgf.uchile.cl/Mediciones/datos/csv/d04.csv
d04,d04,II Región de Antofagasta,-69.65,-25.09,2550.0,2017-03-31,5.679959677419355,145.58198924731184,16.16328405017921,36.30219534050179,,,http://walker.dgf.uchile.cl/Mediciones/datos/csv/d04.csv
d04,d04,II Región de Antofagasta,-69.65,-25.09,2550.0,2017-04-30,7.67787962962963,126.39074074074074,14.97212962962963,24.490046296296295,,,http://walker.dgf.uchile.cl/Mediciones/datos/csv/d04.csv
d04,d04,II Región de Antofagasta,-69.65,-25.09,2550.0,2017-05-31,13.905719086021504,75.51232078853046,11.824148745519713,29.479166666666668,,,http://walker.dgf.uchile.cl/Mediciones/datos/csv/d04.csv
d04,d04,II Región de Antofagasta,-69.65,-25.09,2550.0,2017-06-30,12.212296296296296,75.98425925925926,11.907175925925927,21.445138888888888,,,http://walker.dgf.uchile.cl/Mediciones/datos/csv/d04.csv
d04,d04,II Región de Antofagasta,-69.65,-25.09,2550.0,2017-07-31,8.477405913978494,107.22491039426524,14.638440860215054,10.05981182795699,,,http://walker.dgf.uchile.cl/Mediciones/datos/csv/d04.csv
d04,d04,II Región de Antofagasta,-69.65,-25.09,2550.0,2017-08-31,9.54527329749104,112.20833333333333,12.47168458781362,11.757168458781361,,,http://walker.dgf.uchile.cl/Mediciones/datos/csv/d04.csv
d04,d04,II Región de Antofagasta,-69.65,-25.09,2550.0,2017-09-30,8.874136574074074,123.88240740740741,14.39224537037037,14.808333333333334,,,http://walker.dgf.uchile.cl/Mediciones/datos/csv/d04.csv
d04,d04,II Región de Antofagasta,-69.65,-25.09,2550.0,2017-10-31,7.6276635304659495,138.60909498207886,15.073006272401432,10.856182795698924,,,http://walker.dgf.uchile.cl/Mediciones/datos/csv/d04.csv
d04,d04,II Región de Antofagasta,-69.65,-25.09,2550.0,2017-11-30,6.867780092592593,146.67800925925926,15.754583333333334,17.68634259259259,,,http://walker.dgf.uchile.cl/Mediciones/datos/csv/d04.csv
d04,d04,II Región de Antofagasta,-69.65,-25.09,2550.0,2017-12-31,6.612399193548387,145.52128136200716,16.53810483870968,20.42898745519713,,,http://walker.dgf.uchile.cl/Mediciones/datos/csv/d04.csv
d04,d04,II Región de Antofagasta,-69.65,-25.09,2550.0,2018-01-31,6.145819892473118,152.8953853046595,16.241397849462366,27.54054659498208,,,http://walker.dgf.uchile.cl/Mediciones/datos/csv/d04.csv
d04,d04,II Región de Antofagasta,-69.65,-25.09,2550.0,2018-02-28,5.832951388888889,147.52083333333334,15.977058531746032,41.801339285714285,,,http://walker.dgf.uchile.cl/Mediciones/datos/csv/d04.csv
d04,d04,II Región de Antofagasta,-69.65,-25.09,2550.0,2018-03-31,6.025817652329749,139.5622759856631,16.432571684587813,27.12522401433692,,,http://walker.dgf.uchile.cl/Mediciones/datos/csv/d04.csv
d04,d04,II Región de Antofagasta,-69.65,-25.09,2550.0,2018-04-30,5.391706018518518,136.8574074074074,15.993796296296296,28.92361111111111,,,http://walker.dgf.uchile.cl/Mediciones/datos/csv/d04.csv
d04,d04,II Región de Antofagasta,-69.65,-25.09,2550.0,2018-05-31,8.005389784946235,117.81294802867383,14.690076164874553,13.581093189964157,,,http://walker.dgf.uchile.cl/Mediciones/datos/csv/d04.csv
d04,d04,II Región de Antofagasta,-69.65,-25.09,2550.0,2018-06-30,10.58039351851852,95.95,11.988819444444443,15.740509259259259,,,http://walker.dgf.uchile.cl/Mediciones/datos/csv/d04.csv
d04,d04,II Región de Antofagasta,-69.65,-25.09,2550.0,2018-07-31,10.93290770609319,101.69108422939068,12.207280465949822,21.69578853046595,,,http://walker.dgf.uchile.cl/Mediciones/datos/csv/d04.csv
d04,d04,II Región de Antofagasta,-69.65,-25.09,2550.0,2018-08-31,7.566895161290323,125.37432795698925,13.812208781362006,11.721102150537634,,,http://walker.dgf.uchile.cl/Mediciones/datos/csv/d04.csv
d04,d04,II Región de Antofagasta,-69.65,-25.09,2550.0,2018-09-30,6.382101851851852,137.59328703703704,15.200949074074076,9.172222222222222,,,http://walker.dgf.uchile.cl/Mediciones/datos/csv/d04.csv
d04,d04,II Región de Antofagasta,-69.65,-25.09,2550.0,2018-10-31,6.074876792114695,155.4823028673835,15.621908602150537,16.83445340501792,,,http://walker.dgf.uchile.cl/Mediciones/datos/csv/d04.csv
d04,d04,II Región de Antofagasta,-69.65,-25.09,2550.0,2018-11-30,5.849976851851852,158.22800925925927,16.63425925925926,17.625925925925927,,,http://walker.dgf.uchile.cl/Mediciones/datos/csv/d04.csv
d04,d04,II Región de Antofagasta,-69.65,-25.09,2550.0,2018-12-31,6.612150537634409,148.31742831541217,17.08214605734767,15.754256272401435,,,http://walker.dgf.uchile.cl/Mediciones/datos/csv/d04.csv
d04,d04,II Región de Antofagasta,-69.65,-25.09,2550.0,2019-01-31,6.380819892473118,145.28763440860214,17.27587365591398,32.85640681003584,,,http://walker.dgf.uchile.cl/Mediciones/datos/csv/d04.csv
d04,d04,II Región de Antofagasta,-69.65,-25.09,2550.0,2019-02-28,5.691217757936508,152.03794642857142,17.46374007936508,38.34920634920635,,,http://walker.dgf.uchile.cl/Mediciones/datos/csv/d04.csv
d04,d04,II Región de Antofagasta,-69.65,-25.09,2550.0,2019-03-31,6.675067204301075,137.26859318996415,17.033758960573476,22.801971326164875,,,http://walker.dgf.uchile.cl/Mediciones/datos/csv/d04.csv
d04,d04,II Región de Antofagasta,-69.65,-25.09,2550.0,2019-04-30,7.1432824074074075,122.00486111111111,15.414328703703703,24.629166666666666,,,http://walker.dgf.uchile.cl/Mediciones/datos/csv/d04.csv
d04,d04,II Región de Antofagasta,-69.65,-25.09,2550.0,2019-05-31,10.011766583086391,108.26304992021883,13.274618190107134,18.127193982220195,,0.0,http://walker.dgf.uchile.cl/Mediciones/datos/csv/d04.csv
d04,d04,II Región de Antofagasta,-69.65,-25.09,2550.0,2019-06-30,9.217344907407407,113.07268518518518,14.246828703703704,11.838425925925925,,0.0,http://walker.dgf.uchile.cl/Mediciones/datos/csv/d04.csv
d04,d04,II Región de Antofagasta,-69.65,-25.09,2550.0,2019-07-31,8.81385976702509,107.84543010752688,13.18801523297491,12.489695340501791,,0.0,http://walker.dgf.uchile.cl/Mediciones/datos/csv/d04.csv
d04,d04,II Región de Antofagasta,-69.65,-25.09,2550.0,2019-08-31,6.392016129032258,130.47871863799284,15.471662186379929,6.916666666666667,,0.0,http://walker.dgf.uchile.cl/Mediciones/datos/csv/d04.csv
d04,d04,II Región de Antofagasta,-69.65,-25.09,2550.0,2019-09-30,11.48705787037037,117.9650462962963,14.03712962962963,14.326851851851853,,0.0,http://walker.dgf.uchile.cl/Mediciones/datos/csv/d04.csv
d04,d04,II Región de Antofagasta,-69.65,-25.09,2550.0,2019-10-31,8.55116711469534,136.68548387096774,14.945071684587814,16.488351254480285,,0.0,http://walker.dgf.uchile.cl/Mediciones/datos/csv/d04.csv
d04,d04,II Región de Antofagasta,-69.65,-25.09,2550.0,2019-11-30,6.227587962962963,149.3740740740741,17.09949074074074,19.053472222222222,,0.0,http://walker.dgf.uchile.cl/Mediciones/datos/csv/d04.csv
d04,d04,II Región de Antofagasta,-69.65,-25.09,2550.0,2019-12-31,5.658411738351255,152.42674731182797,17.094466845878134,19.671146953405017,,0.0,http://walker.dgf.uchile.cl/Mediciones/datos/csv/d04.csv
d04,d04,II Región de Antofagasta,-69.65,-25.09,2550.0,2020-01-31,6.392921146953405,146.97244623655914,17.308960573476703,35.95004480286738,,0.0,http://walker.dgf.uchile.cl/Mediciones/datos/csv/d04.csv
d04,d04,II Región de Antofagasta,-69.65,-25.09,2550.0,2020-02-29,5.892385057471264,149.51077586206895,17.49911398467433,34.1566091954023,,0.0,http://walker.dgf.uchile.cl/Mediciones/datos/csv/d04.csv
d04,d04,II Región de Antofagasta,-69.65,-25.09,2550.0,2020-03-31,5.562457437275986,144.2515681003584,17.07591845878136,31.33086917562724,,0.0,http://walker.dgf.uchile.cl/Mediciones/datos/csv/d04.csv
d04,d04,II Región de Antofagasta,-69.65,-25.09,2550.0,2020-04-30,6.222108796296296,141.77731481481482,16.526157407407407,24.121064814814815,,0.0,http://walker.dgf.uchile.cl/Mediciones/datos/csv/d04.csv
d04,d04,II Región de Antofagasta,-69.65,-25.09,2550.0,2020-05-31,7.841283602150537,110.61424731182795,15.824148745519713,15.194220430107526,,0.0,http://walker.dgf.uchile.cl/Mediciones/datos/csv/d04.csv
d04,d04,II Región de Antofagasta,-69.65,-25.09,2550.0,2020-06-30,10.494606481481481,99.61203703703704,12.20650462962963,19.786574074074075,,0.0,http://walker.dgf.uchile.cl/Mediciones/datos/csv/d04.csv
d04,d04,II Región de Antofagasta,-69.65,-25.09,2550.0,2020-07-31,7.5759162186379925,119.31608422939068,12.725940860215053,8.903001792114695,,0.0,http://walker.dgf.uchile.cl/Mediciones/datos/csv/d04.csv
d04,d04,II Región de Antofagasta,-69.65,-25.09,2550.0,2020-08-31,10.03369399641577,113.16980286738351,12.147580645161291,16.287410394265233,,0.0,http://walker.dgf.uchile.cl/Mediciones/datos/csv/d04.csv
d04,d04,II Región de Antofagasta,-69.65,-25.09,2550.0,2020-09-30,8.662171296296297,123.12847222222223,14.245300925925925,12.724074074074075,,0.0,http://walker.dgf.uchile.cl/Mediciones/datos/csv/d04.csv
d04,d04,II Región de Antofagasta,-69.65,-25.09,2550.0,2020-10-31,6.880750448028674,143.6720430107527,16.591666666666665,13.848118279569892,,0.0,http://walker.dgf.uchile.cl/Mediciones/datos/csv/d04.csv
d04,d04,II Región de Antofagasta,-69.65,-25.09,2550.0,2020-11-30,7.639560185185186,141.75671296296295,15.689050925925926,13.2875,,0.0,http://walker.dgf.uchile.cl/Mediciones/datos/csv/d04.csv
d04,d04,II Región de Antofagasta,-69.65,-25.09,2550.0,2020-12-31,5.988714157706093,146.32862903225808,16.180913978494626,24.44399641577061,,0.0,http://walker.dgf.uchile.cl/Mediciones/datos/csv/d04.csv
d04,d04,II Región de Antofagasta,-69.65,-25.09,2550.0,2021-01-31,5.633268369175627,153.25448028673836,15.986066308243728,29.38418458781362,,0.0,http://walker.dgf.uchile.cl/Mediciones/datos/csv/d04.csv
d04,d04,II Región de Antofagasta,-69.65,-25.09,2550.0,2021-02-28,7.101517857142857,135.51884920634922,16.446775793650794,30.894593253968253,,0.0,http://walker.dgf.uchile.cl/Mediciones/datos/csv/d04.csv
d04,d04,II Región de Antofagasta,-69.65,-25.09,2550.0,2021-03-31,7.395241935483871,138.19735663082437,15.451232078853048,35.15098566308244,,0.0,http://walker.dgf.uchile.cl/Mediciones/datos/csv/d04.csv
d04,d04,II Región de Antofagasta,-69.65,-25.09,2550.0,2021-04-30,9.208747685185186,114.45509259259259,14.829282407407407,21.42361111111111,,0.0,http://walker.dgf.uchile.cl/Mediciones/datos/csv/d04.csv
d04,d04,II Región de Antofagasta,-69.65,-25.09,2550.0,2021-05-31,9.70888664874552,110.05197132616487,13.65701164874552,20.879704301075268,,0.0,http://walker.dgf.uchile.cl/Mediciones/datos/csv/d04.csv
d04,d04,II Región de Antofagasta,-69.65,-25.09,2550.0,2021-06-30,10.28762962962963,101.4125,11.833078703703704,18.066435185185185,,0.0,http://walker.dgf.uchile.cl/Mediciones/datos/csv/d04.csv
d04,d04,II Región de Antofagasta,-69.65,-25.09,2550.0,2021-07-31,8.198151881720431,112.30309139784946,13.33483422939068,12.415994623655914,,0.0,http://walker.dgf.uchile.cl/Mediciones/datos/csv/d04.csv
d04,d04,II Región de Antofagasta,-69.65,-25.09,2550.0,2021-08-31,10.813228046594983,109.55824372759857,12.499462365591398,15.823924731182796,,0.0,http://walker.dgf.uchile.cl/Mediciones/datos/csv/d04.csv
d04,d04,II Región de Antofagasta,-69.65,-25.09,2550.0,2021-09-30,8.932479166666667,126.89467592592592,14.561203703703704,10.486342592592592,,0.0,http://walker.dgf.uchile.cl/Mediciones/datos/csv/d04.csv
d04,d04,II Región de Antofagasta,-69.65,-25.09,2550.0,2021-10-31,9.667152777777778,130.71236559139786,14.56456093189964,12.315636200716845,,0.0,http://walker.dgf.uchile.cl/Mediciones/datos/csv/d04.csv
d04,d04,II Región de Antofagasta,-69.65,-25.09,2550.0,2021-11-30,7.616593113482057,137.27376333656645,15.489451988360814,12.862027158098932,,0.0,http://walker.dgf.uchile.cl/Mediciones/datos/csv/d04.csv
d05,d05,II Región de Antofagasta,-69.84,-25.07,2176.0,2009-07-31,11.320776760341017,81.0,11.800236817177138,17.32564021498577,,,http://walker.dgf.uchile.cl/Mediciones/datos/csv/d05.csv
d05,d05,II Región de Antofagasta,-69.84,-25.07,2176.0,2009-08-31,7.807190860215054,115.49417562724014,15.050470430107527,9.38328853046595,,,http://walker.dgf.uchile.cl/Mediciones/datos/csv/d05.csv
d05,d05,II Región de Antofagasta,-69.84,-25.07,2176.0,2009-09-30,10.133541666666668,105.20046296296296,14.15611111111111,8.525925925925925,,,http://walker.dgf.uchile.cl/Mediciones/datos/csv/d05.csv
d05,d05,II Región de Antofagasta,-69.84,-25.07,2176.0,2009-10-31,8.165725806451613,130.97423835125448,17.292316308243727,10.10663082437276,,,http://walker.dgf.uchile.cl/Mediciones/datos/csv/d05.csv
d05,d05,II Región de Antofagasta,-69.84,-25.07,2176.0,2009-11-30,6.223194444444444,152.07569444444445,18.07988425925926,18.881481481481483,,,http://walker.dgf.uchile.cl/Mediciones/datos/csv/d05.csv
d05,d05,II Región de Antofagasta,-69.84,-25.07,2176.0,2009-12-31,6.659714673913044,152.4705615942029,18.316938405797103,18.093297101449274,782.9436111111111,424.18111111111114,http://walker.dgf.uchile.cl/Mediciones/datos/csv/d05.csv
d05,d05,II Región de Antofagasta,-69.84,-25.07,2176.0,2010-01-31,6.643212365591397,152.4146505376344,18.734923835125446,21.65367383512545,782.4150985663082,416.7576164874552,http://walker.dgf.uchile.cl/Mediciones/datos/csv/d05.csv
d05,d05,II Región de Antofagasta,-69.84,-25.07,2176.0,2010-02-28,7.6559027777777775,138.86135912698413,19.134945436507937,29.78968253968254,782.2418154761905,387.3511904761905,http://walker.dgf.uchile.cl/Mediciones/datos/csv/d05.csv
d05,d05,II Región de Antofagasta,-69.84,-25.07,2176.0,2010-03-31,6.517585125448028,139.72401433691758,18.91339605734767,22.209005376344088,783.1211917562724,346.1810035842294,http://walker.dgf.uchile.cl/Mediciones/datos/csv/d05.csv
d05,d05,II Región de Antofagasta,-69.84,-25.07,2176.0,2010-04-30,7.18474537037037,125.7900462962963,17.184722222222224,19.013657407407408,783.7129629629629,281.9363425925926,http://walker.dgf.uchile.cl/Mediciones/datos/csv/d05.csv
d05,d05,II Región de Antofagasta,-69.84,-25.07,2176.0,2010-05-31,12.701299283154121,66.80465949820788,14.155174731182795,25.77732974910394,782.9000896057348,232.00784050179212,http://walker.dgf.uchile.cl/Mediciones/datos/csv/d05.csv
d05,d05,II Región de Antofagasta,-69.84,-25.07,2176.0,2010-06-30,11.199837962962963,74.93240740740741,13.405300925925927,13.143518518518519,784.1039351851852,203.9597222222222,http://walker.dgf.uchile.cl/Mediciones/datos/csv/d05.csv
d05,d05,II Región de Antofagasta,-69.84,-25.07,2176.0,2010-07-31,10.619108422939068,86.56586021505376,11.05866935483871,12.709901433691757,783.1839157706094,231.73140681003585,http://walker.dgf.uchile.cl/Mediciones/datos/csv/d05.csv
d05,d05,II Región de Antofagasta,-69.84,-25.07,2176.0,2010-08-31,8.812477598566309,104.29301075268818,15.175537634408604,7.416442652329749,783.7081093189964,272.3754480286738,http://walker.dgf.uchile.cl/Mediciones/datos/csv/d05.csv
d05,d05,II Región de Antofagasta,-69.84,-25.07,2176.0,2010-09-30,9.402962962962963,118.70254629629629,14.477662037037037,10.84375,783.2516203703703,330.77337962962963,http://walker.dgf.uchile.cl/Mediciones/datos/csv/d05.csv
d05,d05,II Región de Antofagasta,-69.84,-25.07,2176.0,2010-10-31,10.534162186379929,105.20586917562724,14.807168458781362,11.789874551971327,782.9845430107526,382.16554659498206,http://walker.dgf.uchile.cl/Mediciones/datos/csv/d05.csv
d05,d05,II Región de Antofagasta,-69.84,-25.07,2176.0,2010-11-30,8.498055555555554,129.38425925925927,15.866597222222222,13.00625,782.9043981481482,411.2006944444444,http://walker.dgf.uchile.cl/Mediciones/datos/csv/d05.csv
d05,d05,II Región de Antofagasta,-69.84,-25.07,2176.0,2010-12-31,8.20165770609319,134.2027329749104,16.438956093189965,19.2078853046595,782.3680555555555,418.09991039426524,http://walker.dgf.uchile.cl/Mediciones/datos/csv/d05.csv
d05,d05,II Región de Antofagasta,-69.84,-25.07,2176.0,2011-01-31,6.708310931899642,148.7692652329749,17.388956093189964,25.302643369175627,782.2728494623656,406.0445788530466,http://walker.dgf.uchile.cl/Mediciones/datos/csv/d05.csv
d05,d05,II Región de Antofagasta,-69.84,-25.07,2176.0,2011-02-28,8.146329365079366,137.31349206349208,16.910391865079365,39.079613095238095,782.7390873015873,360.0796130952381,http://walker.dgf.uchile.cl/Mediciones/datos/csv/d05.csv
d05,d05,II Región de Antofagasta,-69.84,-25.07,2176.0,2011-03-31,7.51644265232975,132.75369789332137,16.691842223218288,22.461676378305693,783.0614074406096,343.02599731062304,http://walker.dgf.uchile.cl/Mediciones/datos/csv/d05.csv
d05,d05,II Región de Antofagasta,-69.84,-25.07,2176.0,2011-04-30,7.158518518518519,125.72013888888888,16.135671296296298,24.459722222222222,783.5763888888889,278.35578703703703,http://walker.dgf.uchile.cl/Mediciones/datos/csv/d05.csv
d05,d05,II Región de Antofagasta,-69.84,-25.07,2176.0,2011-05-31,8.44769265232975,111.60058243727599,16.72007168458781,13.13149641577061,783.7074372759856,215.40120967741936,http://walker.dgf.uchile.cl/Mediciones/datos/csv/d05.csv
d05,d05,II Región de Antofagasta,-69.84,-25.07,2176.0,2011-06-30,11.197152777777777,87.13472222222222,13.77601851851852,18.141898148148147,782.7046296296296,199.09490740740742,http://walker.dgf.uchile.cl/Mediciones/datos/csv/d05.csv
d05,d05,II Región de Antofagasta,-69.84,-25.07,2176.0,2011-07-31,11.926369629461242,72.504887474426,12.252909752216414,22.04955671743578,782.3323482609684,212.06115026142305,http://walker.dgf.uchile.cl/Mediciones/datos/csv/d05.csv
d05,d05,II Región de Antofagasta,-69.84,-25.07,2176.0,2011-08-31,9.365882616487456,105.60931899641577,13.861290322580645,9.801299283154123,783.3725358422939,272.0573476702509,http://walker.dgf.uchile.cl/Mediciones/datos/csv/d05.csv
d05,d05,II Región de Antofagasta,-69.84,-25.07,2176.0,2011-09-30,6.090825688073394,142.77958127499411,16.79558927311221,8.183015760997412,784.4427193601506,329.3225123500353,http://walker.dgf.uchile.cl/Mediciones/datos/csv/d05.csv
d05,d05,II Región de Antofagasta,-69.84,-25.07,2176.0,2011-10-31,9.679656030776194,112.82439465942521,14.701007015161801,11.746548992984838,782.8843629780494,382.36478841366824,http://walker.dgf.uchile.cl/Mediciones/datos/csv/d05.csv
d05,d05,II Región de Antofagasta,-69.84,-25.07,2176.0,2011-11-30,6.870949074074074,145.48819444444445,17.379513888888887,14.166898148148148,783.0199074074075,411.20694444444445,http://walker.dgf.uchile.cl/Mediciones/datos/csv/d05.csv
d05,d05,II Región de Antofagasta,-69.84,-25.07,2176.0,2011-12-31,7.648454301075268,147.00604838709677,17.644690860215054,19.50089605734767,782.6814516129032,411.99283154121866,http://walker.dgf.uchile.cl/Mediciones/datos/csv/d05.csv
d05,d05,II Región de Antofagasta,-69.84,-25.07,2176.0,2012-01-31,7.065793010752689,149.7502240143369,17.334520609318997,30.724910394265233,783.182123655914,404.60931899641577,http://walker.dgf.uchile.cl/Mediciones/datos/csv/d05.csv
d05,d05,II Región de Antofagasta,-69.84,-25.07,2176.0,2012-02-29,6.7075670498084285,149.56154214559388,17.350574712643677,37.240421455938694,782.5890804597701,361.6554118773946,http://walker.dgf.uchile.cl/Mediciones/datos/csv/d05.csv
d05,d05,II Región de Antofagasta,-69.84,-25.07,2176.0,2012-03-31,5.811603942652329,148.29569892473117,18.69937275985663,27.820564516129032,782.7791218637993,334.9715501792115,http://walker.dgf.uchile.cl/Mediciones/datos/csv/d05.csv
d05,d05,II Región de Antofagasta,-69.84,-25.07,2176.0,2012-04-30,8.981041666666666,107.53194444444445,15.708333333333334,34.10925925925926,783.1319444444445,264.9263888888889,http://walker.dgf.uchile.cl/Mediciones/datos/csv/d05.csv
d05,d05,II Región de Antofagasta,-69.84,-25.07,2176.0,2012-05-31,7.890008960573477,113.5611559139785,16.448252688172044,15.57168458781362,783.5566756272401,222.171146953405,http://walker.dgf.uchile.cl/Mediciones/datos/csv/d05.csv
d05,d05,II Región de Antofagasta,-69.84,-25.07,2176.0,2012-06-30,7.9368287037037035,106.38796296296296,14.822222222222223,15.128935185185185,784.1090277777778,194.41805555555555,http://walker.dgf.uchile.cl/Mediciones/datos/csv/d05.csv
d05,d05,II Región de Antofagasta,-69.84,-25.07,2176.0,2012-07-31,8.289964157706093,102.94578853046595,14.250918458781362,9.192428315412187,783.1288082437276,207.54502688172042,http://walker.dgf.uchile.cl/Mediciones/datos/csv/d05.csv
d05,d05,II Región de Antofagasta,-69.84,-25.07,2176.0,2012-08-31,10.431474014336917,99.02150537634408,15.060170250896059,9.745967741935484,783.2569444444445,259.40479390681,http://walker.dgf.uchile.cl/Mediciones/datos/csv/d05.csv
d05,d05,II Región de Antofagasta,-69.84,-25.07,2176.0,2012-09-30,9.10923611111111,117.50092592592593,17.270648148148148,9.780555555555555,783.4759259259259,316.6384259259259,http://walker.dgf.uchile.cl/Mediciones/datos/csv/d05.csv
d05,d05,II Región de Antofagasta,-69.84,-25.07,2176.0,2012-10-31,8.851052867383512,123.21102150537635,16.428270609318997,9.09655017921147,783.0714605734767,375.68324372759855,http://walker.dgf.uchile.cl/Mediciones/datos/csv/d05.csv
d05,d05,II Región de Antofagasta,-69.84,-25.07,2176.0,2012-11-30,7.414375,140.13287037037037,17.76673611111111,10.614351851851852,783.3090277777778,409.925,http://walker.dgf.uchile.cl/Mediciones/datos/csv/d05.csv
d05,d05,II Región de Antofagasta,-69.84,-25.07,2176.0,2012-12-31,6.777889784946237,150.13866487455198,17.837836021505378,20.588037634408604,782.7459677419355,413.0878136200717,http://walker.dgf.uchile.cl/Mediciones/datos/csv/d05.csv
d05,d05,II Región de Antofagasta,-69.84,-25.07,2176.0,2013-01-31,7.60590405904059,140.7187371873719,18.903464534645348,13.916769167691676,782.5760557605576,397.2119721197212,http://walker.dgf.uchile.cl/Mediciones/datos/csv/d05.csv
d05a,d05a,II Región de Antofagasta,-69.88,-25.02,1975.0,2010-06-30,7.7817435249526214,85.8275426405559,12.874131396083387,18.013265950726467,,,http://walker.dgf.uchile.cl/Mediciones/datos/csv/d05a.csv
d05a,d05a,II Región de Antofagasta,-69.88,-25.02,1975.0,2010-07-31,9.022535842293907,78.0445788530466,10.901814516129031,14.0663082437276,,,http://walker.dgf.uchile.cl/Mediciones/datos/csv/d05a.csv
d05a,d05a,II Región de Antofagasta,-69.88,-25.02,1975.0,2010-08-31,7.6850134408602155,95.49126344086021,15.209229390681003,8.845206093189963,,,http://walker.dgf.uchile.cl/Mediciones/datos/csv/d05a.csv
d05a,d05a,II Región de Antofagasta,-69.88,-25.02,1975.0,2010-09-30,8.076828703703704,107.98125,14.545694444444445,12.296296296296296,,,http://walker.dgf.uchile.cl/Mediciones/datos/csv/d05a.csv
d05a,d05a,II Región de Antofagasta,-69.88,-25.02,1975.0,2010-10-31,8.7747311827957,94.24417562724014,15.122132616487454,12.63149641577061,,,http://walker.dgf.uchile.cl/Mediciones/datos/csv/d05a.csv
d05a,d05a,II Región de Antofagasta,-69.88,-25.02,1975.0,2010-11-30,7.546875,120.35416666666667,16.308449074074073,13.820833333333333,,,http://walker.dgf.uchile.cl/Mediciones/datos/csv/d05a.csv
d05a,d05a,II Región de Antofagasta,-69.88,-25.02,1975.0,2010-12-31,7.211088709677419,122.76164874551971,17.063015232974912,19.948700716845877,,,http://walker.dgf.uchile.cl/Mediciones/datos/csv/d05a.csv
d05a,d05a,II Región de Antofagasta,-69.88,-25.02,1975.0,2011-01-31,6.413597670250896,137.7206541218638,18.116868279569893,26.040994623655912,,,http://walker.dgf.uchile.cl/Mediciones/datos/csv/d05a.csv
d05a,d05a,II Región de Antofagasta,-69.88,-25.02,1975.0,2011-02-28,7.546106150793651,125.73735119047619,17.66143353174603,39.68874007936508,,,http://walker.dgf.uchile.cl/Mediciones/datos/csv/d05a.csv
d05a,d05a,II Región de Antofagasta,-69.88,-25.02,1975.0,2011-03-31,6.844937275985663,119.82683691756273,17.19092741935484,23.666890681003583,,,http://walker.dgf.uchile.cl/Mediciones/datos/csv/d05a.csv
d05a,d05a,II Región de Antofagasta,-69.88,-25.02,1975.0,2011-04-30,6.56212962962963,112.03541666666666,16.467754629629628,25.903240740740742,,,http://walker.dgf.uchile.cl/Mediciones/datos/csv/d05a.csv
d05a,d05a,II Región de Antofagasta,-69.88,-25.02,1975.0,2011-05-31,7.2038082437275985,99.74932795698925,16.772468637992834,14.376120071684587,,,http://walker.dgf.uchile.cl/Mediciones/datos/csv/d05a.csv
d05a,d05a,II Región de Antofagasta,-69.88,-25.02,1975.0,2011-06-30,9.30861111111111,84.33680555555556,13.976157407407408,19.647685185185185,,,http://walker.dgf.uchile.cl/Mediciones/datos/csv/d05a.csv
d05a,d05a,II Región de Antofagasta,-69.88,-25.02,1975.0,2011-07-31,9.808157715839565,70.74076591887605,12.3835599365511,24.20054384772264,,,http://walker.dgf.uchile.cl/Mediciones/datos/csv/d05a.csv
d05a,d05a,II Región de Antofagasta,-69.88,-25.02,1975.0,2011-08-31,7.779681899641577,97.12163978494624,13.754547491039427,11.777777777777779,,,http://walker.dgf.uchile.cl/Mediciones/datos/csv/d05a.csv
d05a,d05a,II Región de Antofagasta,-69.88,-25.02,1975.0,2011-09-30,5.675340855665256,126.38598965679361,16.759732016925245,9.642689233662436,,,http://walker.dgf.uchile.cl/Mediciones/datos/csv/d05a.csv
d05a,d05a,II Región de Antofagasta,-69.88,-25.02,1975.0,2011-10-31,8.473147518694766,102.30364831180603,14.952560616360751,12.794470881486516,,,http://walker.dgf.uchile.cl/Mediciones/datos/csv/d05a.csv
d05a,d05a,II Región de Antofagasta,-69.88,-25.02,1975.0,2011-11-30,6.403009259259259,134.72569444444446,17.82400462962963,14.958333333333334,,,http://walker.dgf.uchile.cl/Mediciones/datos/csv/d05a.csv
d05a,d05a,II Región de Antofagasta,-69.88,-25.02,1975.0,2011-12-31,7.018929211469534,134.53875448028674,18.38850806451613,20.05801971326165,,,http://walker.dgf.uchile.cl/Mediciones/datos/csv/d05a.csv
d05a,d05a,II Región de Antofagasta,-69.88,-25.02,1975.0,2012-01-31,6.693525985663083,140.37051971326164,18.17143817204301,31.105510752688172,,,http://walker.dgf.uchile.cl/Mediciones/datos/csv/d05a.csv
d05a,d05a,II Región de Antofagasta,-69.88,-25.02,1975.0,2012-02-29,6.384434865900383,136.8249521072797,18.180986590038316,37.026580459770116,,,http://walker.dgf.uchile.cl/Mediciones/datos/csv/d05a.csv
d05a,d05a,II Región de Antofagasta,-69.88,-25.02,1975.0,2012-03-31,5.753001792114696,136.73879928315412,19.136850358422937,29.004704301075268,,,http://walker.dgf.uchile.cl/Mediciones/datos/csv/d05a.csv
d05a,d05a,II Región de Antofagasta,-69.88,-25.02,1975.0,2012-04-30,7.847175925925926,96.80509259259259,15.957152777777777,35.976830398517144,,,http://walker.dgf.uchile.cl/Mediciones/datos/csv/d05a.csv
d05a,d05a,II Región de Antofagasta,-69.88,-25.02,1975.0,2012-05-31,6.7404569892473125,106.08803763440861,16.46888440860215,17.33893369175627,,,http://walker.dgf.uchile.cl/Mediciones/datos/csv/d05a.csv
d05a,d05a,II Región de Antofagasta,-69.88,-25.02,1975.0,2012-06-30,6.77136574074074,100.64259259259259,14.758194444444445,17.024305555555557,,,http://walker.dgf.uchile.cl/Mediciones/datos/csv/d05a.csv
d05a,d05a,II Región de Antofagasta,-69.88,-25.02,1975.0,2012-07-31,7.05013440860215,96.37701612903226,14.182459677419354,10.84744623655914,,,http://walker.dgf.uchile.cl/Mediciones/datos/csv/d05a.csv
d05a,d05a,II Región de Antofagasta,-69.88,-25.02,1975.0,2012-08-31,8.577060931899641,90.91353046594982,15.000201612903224,11.415322580645162,,,http://walker.dgf.uchile.cl/Mediciones/datos/csv/d05a.csv
d05a,d05a,II Región de Antofagasta,-69.88,-25.02,1975.0,2012-09-30,7.835856481481482,109.70231481481481,17.352199074074075,11.309722222222222,,,http://walker.dgf.uchile.cl/Mediciones/datos/csv/d05a.csv
d05a,d05a,II Región de Antofagasta,-69.88,-25.02,1975.0,2012-10-31,7.790120967741935,112.16017025089606,16.547849462365594,10.565636200716845,,,http://walker.dgf.uchile.cl/Mediciones/datos/csv/d05a.csv
d05a,d05a,II Región de Antofagasta,-69.88,-25.02,1975.0,2012-11-30,6.843194444444444,123.12847222222223,18.14490740740741,11.589583333333334,,,http://walker.dgf.uchile.cl/Mediciones/datos/csv/d05a.csv
d05a,d05a,II Región de Antofagasta,-69.88,-25.02,1975.0,2012-12-31,6.481362007168459,138.45340501792114,18.50739247311828,21.254928315412187,,,http://walker.dgf.uchile.cl/Mediciones/datos/csv/d05a.csv
d05a,d05a,II Región de Antofagasta,-69.88,-25.02,1975.0,2013-01-31,6.808915770609319,134.2081093189964,19.331362007168458,19.458109318996417,,,http://walker.dgf.uchile.cl/Mediciones/datos/csv/d05a.csv
d05a,d05a,II Región de Antofagasta,-69.88,-25.02,1975.0,2013-02-28,6.503745039682539,137.19320436507937,18.71999007936508,35.66294642857143,,,http://walker.dgf.uchile.cl/Mediciones/datos/csv/d05a.csv
d05a,d05a,II Región de Antofagasta,-69.88,-25.02,1975.0,2013-03-31,6.331586021505377,124.67517921146954,18.131339605734766,23.24910394265233,,,http://walker.dgf.uchile.cl/Mediciones/datos/csv/d05a.csv
d05a,d05a,II Región de Antofagasta,-69.88,-25.02,1975.0,2013-04-30,6.2995833333333335,117.69606481481482,17.351157407407406,14.85925925925926,,,http://walker.dgf.uchile.cl/Mediciones/datos/csv/d05a.csv
d05a,d05a,II Región de Antofagasta,-69.88,-25.02,1975.0,2013-05-31,7.817652329749104,88.44690860215054,15.011536738351255,20.741935483870968,,,http://walker.dgf.uchile.cl/Mediciones/datos/csv/d05a.csv
d05a,d05a,II Región de Antofagasta,-69.88,-25.02,1975.0,2013-06-30,7.51525462962963,90.87523148148148,13.933819444444444,18.56111111111111,,,http://walker.dgf.uchile.cl/Mediciones/datos/csv/d05a.csv
d05a,d05a,II Región de Antofagasta,-69.88,-25.02,1975.0,2013-07-31,7.73469982078853,92.06608422939068,14.97396953405018,14.20766129032258,,,http://walker.dgf.uchile.cl/Mediciones/datos/csv/d05a.csv
d05a,d05a,II Región de Antofagasta,-69.88,-25.02,1975.0,2013-08-31,6.263732078853047,113.94265232974911,15.08690425980599,5.957437275985663,,,http://walker.dgf.uchile.cl/Mediciones/datos/csv/d05a.csv
d05a,d05a,II Región de Antofagasta,-69.88,-25.02,1975.0,2013-09-30,7.202546296296297,119.49282407407408,,0.0,,,http://walker.dgf.uchile.cl/Mediciones/datos/csv/d05a.csv
d05a,d05a,II Región de Antofagasta,-69.88,-25.02,1975.0,2013-10-31,7.137286202964653,113.5060433295325,,0.0,,,http://walker.dgf.uchile.cl/Mediciones/datos/csv/d05a.csv
d05a,d05a,II Región de Antofagasta,-69.88,-25.02,1975.0,2013-11-30,6.873749999999999,127.52986111111112,,0.0,,,http://walker.dgf.uchile.cl/Mediciones/datos/csv/d05a.csv
d05a,d05a,II Región de Antofagasta,-69.88,-25.02,1975.0,2013-12-31,6.910237455197133,131.60663082437276,,0.0,,,http://walker.dgf.uchile.cl/Mediciones/datos/csv/d05a.csv
d05a,d05a,II Región de Antofagasta,-69.88,-25.02,1975.0,2014-01-31,6.8432571684587815,135.62948028673836,,0.0,,,http://walker.dgf.uchile.cl/Mediciones/datos/csv/d05a.csv
d05a,d05a,II Región de Antofagasta,-69.88,-25.02,1975.0,2014-02-28,6.579092261904762,128.93303571428572,,0.0,,,http://walker.dgf.uchile.cl/Mediciones/datos/csv/d05a.csv
d05a,d05a,II Región de Antofagasta,-69.88,-25.02,1975.0,2014-03-31,6.984475806451613,115.38664874551971,,0.0,,,http://walker.dgf.uchile.cl/Mediciones/datos/csv/d05a.csv
d05a,d05a,II Región de Antofagasta,-69.88,-25.02,1975.0,2014-04-30,6.541180555555556,116.91944444444445,,0.0,,,http://walker.dgf.uchile.cl/Mediciones/datos/csv/d05a.csv
d05a,d05a,II Región de Antofagasta,-69.88,-25.02,1975.0,2014-05-31,8.086872759856632,80.20855734767025,,0.0,,,http://walker.dgf.uchile.cl/Mediciones/datos/csv/d05a.csv
d05a,d05a,II Región de Antofagasta,-69.88,-25.02,1975.0,2014-06-30,8.531921296296296,75.9125,,0.0,,,http://walker.dgf.uchile.cl/Mediciones/datos/csv/d05a.csv
d05a,d05a,II Región de Antofagasta,-69.88,-25.02,1975.0,2014-07-31,7.789941756272402,89.5114247311828,,0.0,,,http://walker.dgf.uchile.cl/Mediciones/datos/csv/d05a.csv
d05a,d05a,II Región de Antofagasta,-69.88,-25.02,1975.0,2014-08-31,6.863552867383513,103.09117383512545,,0.0,,,http://walker.dgf.uchile.cl/Mediciones/datos/csv/d05a.csv
d05a,d05a,II Región de Antofagasta,-69.88,-25.02,1975.0,2014-09-30,9.010092592592592,88.48356481481481,,0.0,,,http://walker.dgf.uchile.cl/Mediciones/datos/csv/d05a.csv
d05a,d05a,II Región de Antofagasta,-69.88,-25.02,1975.0,2014-10-31,6.076120071684588,133.56586021505376,,0.0,,,http://walker.dgf.uchile.cl/Mediciones/datos/csv/d05a.csv
d05a,d05a,II Región de Antofagasta,-69.88,-25.02,1975.0,2014-11-30,6.512939814814815,130.24652777777777,,0.0,,,http://walker.dgf.uchile.cl/Mediciones/datos/csv/d05a.csv
d05a,d05a,II Región de Antofagasta,-69.88,-25.02,1975.0,2014-12-31,6.882728494623656,123.60775089605735,,0.0,,,http://walker.dgf.uchile.cl/Mediciones/datos/csv/d05a.csv
d05a,d05a,II Región de Antofagasta,-69.88,-25.02,1975.0,2015-01-31,6.386581541218638,139.9567652329749,,0.0,,,http://walker.dgf.uchile.cl/Mediciones/datos/csv/d05a.csv
d05a,d05a,II Región de Antofagasta,-69.88,-25.02,1975.0,2015-02-28,7.227380952380952,126.54166666666667,,0.0,,,http://walker.dgf.uchile.cl/Mediciones/datos/csv/d05a.csv
d05a,d05a,II Región de Antofagasta,-69.88,-25.02,1975.0,2015-03-31,7.1782482078853045,118.43010752688173,,0.0,,,http://walker.dgf.uchile.cl/Mediciones/datos/csv/d05a.csv
d05a,d05a,II Región de Antofagasta,-69.88,-25.02,1975.0,2015-04-30,5.804089531359292,124.06831429237585,18.25486111111111,13.512240615528095,,,http://walker.dgf.uchile.cl/Mediciones/datos/csv/d05a.csv
d05a,d05a,II Región de Antofagasta,-69.88,-25.02,1975.0,2015-05-31,7.265882616487455,96.55757168458781,16.087410394265234,19.70206093189964,,,http://walker.dgf.uchile.cl/Mediciones/datos/csv/d05a.csv
d05a,d05a,II Región de Antofagasta,-69.88,-25.02,1975.0,2015-06-30,5.427439814814815,111.6462962962963,16.64784722222222,9.846527777777778,,,http://walker.dgf.uchile.cl/Mediciones/datos/csv/d05a.csv
d05a,d05a,II Región de Antofagasta,-69.88,-25.02,1975.0,2015-07-31,6.701482974910394,99.59834229390681,13.364359318996415,15.405689964157705,,,http://walker.dgf.uchile.cl/Mediciones/datos/csv/d05a.csv
d05a,d05a,II Región de Antofagasta,-69.88,-25.02,1975.0,2015-08-31,8.576659946236559,86.43346774193549,14.449910394265233,18.958913336326898,,,http://walker.dgf.uchile.cl/Mediciones/datos/csv/d05a.csv
d05a,d05a,II Región de Antofagasta,-69.88,-25.02,1975.0,2015-09-30,6.911039351851851,121.72291666666666,16.268125,13.437962962962963,,,http://walker.dgf.uchile.cl/Mediciones/datos/csv/d05a.csv
d05a,d05a,II Región de Antofagasta,-69.88,-25.02,1975.0,2015-10-31,8.006189516129032,113.60887096774194,16.55985663082437,16.81451612903226,,,http://walker.dgf.uchile.cl/Mediciones/datos/csv/d05a.csv
d05a,d05a,II Región de Antofagasta,-69.88,-25.02,1975.0,2015-11-30,8.565331018518519,111.39328703703704,16.870625,13.652314814814815,,,http://walker.dgf.uchile.cl/Mediciones/datos/csv/d05a.csv
d05a,d05a,II Región de Antofagasta,-69.88,-25.02,1975.0,2015-12-31,7.085898297491039,120.75,19.58989695340502,11.064516129032258,,,http://walker.dgf.uchile.cl/Mediciones/datos/csv/d05a.csv
d05a,d05a,II Región de Antofagasta,-69.88,-25.02,1975.0,2016-01-31,6.986176075268817,125.25515232974911,19.957952508960574,21.905913978494624,,,http://walker.dgf.uchile.cl/Mediciones/datos/csv/d05a.csv
d05a,d05a,II Región de Antofagasta,-69.88,-25.02,1975.0,2016-02-29,6.342832854406129,136.99521072796935,20.14166666666667,30.986590038314176,,,http://walker.dgf.uchile.cl/Mediciones/datos/csv/d05a.csv
d05a,d05a,II Región de Antofagasta,-69.88,-25.02,1975.0,2016-03-31,6.809399641577061,118.99775985663082,19.238463261648747,28.74551971326165,,,http://walker.dgf.uchile.cl/Mediciones/datos/csv/d05a.csv
d05a,d05a,II Región de Antofagasta,-69.88,-25.02,1975.0,2016-04-30,7.725641203703703,98.58101851851852,17.266180555555554,31.244444444444444,,,http://walker.dgf.uchile.cl/Mediciones/datos/csv/d05a.csv
d05a,d05a,II Región de Antofagasta,-69.88,-25.02,1975.0,2016-05-31,8.793102598566309,82.07414874551971,15.356608422939066,23.148745519713263,,,http://walker.dgf.uchile.cl/Mediciones/datos/csv/d05a.csv
d05a,d05a,II Región de Antofagasta,-69.88,-25.02,1975.0,2016-06-30,8.835377314814815,80.99259259259259,13.485740740740741,22.38397406206577,,,http://walker.dgf.uchile.cl/Mediciones/datos/csv/d05a.csv
d05a,d05a,II Región de Antofagasta,-69.88,-25.02,1975.0,2016-07-31,8.155147849462367,84.1798835125448,13.542428315412186,19.75649641577061,,,http://walker.dgf.uchile.cl/Mediciones/datos/csv/d05a.csv
d05a,d05a,II Región de Antofagasta,-69.88,-25.02,1975.0,2016-08-31,5.731308243727599,118.64471326164875,15.664471326164874,12.14896953405018,,,http://walker.dgf.uchile.cl/Mediciones/datos/csv/d05a.csv
d05a,d05a,II Región de Antofagasta,-69.88,-25.02,1975.0,2016-09-30,5.559576388888889,127.40601851851852,17.326921296296298,12.95949074074074,,,http://walker.dgf.uchile.cl/Mediciones/datos/csv/d05a.csv
d05a,d05a,II Región de Antofagasta,-69.88,-25.02,1975.0,2016-10-31,6.783351254480287,123.39493727598567,16.770318100358423,13.983870967741936,,,http://walker.dgf.uchile.cl/Mediciones/datos/csv/d05a.csv
d05a,d05a,II Región de Antofagasta,-69.88,-25.02,1975.0,2016-11-30,7.548766203703703,119.23541666666667,17.646875,16.313425925925927,,,http://walker.dgf.uchile.cl/Mediciones/datos/csv/d05a.csv
d05a,d05a,II Región de Antofagasta,-69.88,-25.02,1975.0,2016-12-31,7.648938172043011,123.74731182795699,17.991017025089604,23.693548387096776,,,http://walker.dgf.uchile.cl/Mediciones/datos/csv/d05a.csv
d05a,d05a,II Región de Antofagasta,-69.88,-25.02,1975.0,2017-01-31,6.579189068100359,142.7918906810036,19.144041218637994,41.181451612903224,,,http://walker.dgf.uchile.cl/Mediciones/datos/csv/d05a.csv
d05a,d05a,II Región de Antofagasta,-69.88,-25.02,1975.0,2017-02-28,6.692901785714286,131.00744047619048,18.294642857142858,39.6187996031746,,,http://walker.dgf.uchile.cl/Mediciones/datos/csv/d05a.csv
d05a,d05a,II Región de Antofagasta,-69.88,-25.02,1975.0,2017-03-31,6.063521505376344,132.21729390681003,18.16966845878136,36.22558243727599,,,http://walker.dgf.uchile.cl/Mediciones/datos/csv/d05a.csv
d05a,d05a,II Región de Antofagasta,-69.88,-25.02,1975.0,2017-04-30,6.685935185185185,112.26689814814814,16.70685185185185,27.310648148148147,,,http://walker.dgf.uchile.cl/Mediciones/datos/csv/d05a.csv
d05a,d05a,II Región de Antofagasta,-69.88,-25.02,1975.0,2017-05-31,12.228797043010752,53.67965949820788,13.645183691756271,31.954973118279568,,,http://walker.dgf.uchile.cl/Mediciones/datos/csv/d05a.csv
d05a,d05a,II Región de Antofagasta,-69.88,-25.02,1975.0,2017-06-30,9.815407407407406,64.00069444444445,13.887847222222222,24.0,,,http://walker.dgf.uchile.cl/Mediciones/datos/csv/d05a.csv
d05a,d05a,II Región de Antofagasta,-69.88,-25.02,1975.0,2017-07-31,6.575692204301075,96.78561827956989,15.920519713261648,12.716397849462366,,,http://walker.dgf.uchile.cl/Mediciones/datos/csv/d05a.csv
d05a,d05a,II Región de Antofagasta,-69.88,-25.02,1975.0,2017-08-31,7.446922043010752,101.99551971326164,13.870967741935484,14.869847670250897,,,http://walker.dgf.uchile.cl/Mediciones/datos/csv/d05a.csv
d05a,d05a,II Región de Antofagasta,-69.88,-25.02,1975.0,2017-09-30,7.630777777777777,110.02847222222222,15.889050925925925,17.23726851851852,,,http://walker.dgf.uchile.cl/Mediciones/datos/csv/d05a.csv
d05a,d05a,II Región de Antofagasta,-69.88,-25.02,1975.0,2017-10-31,6.480183691756273,125.63463261648745,16.7133064516129,12.065412186379929,,,http://walker.dgf.uchile.cl/Mediciones/datos/csv/d05a.csv
d05a,d05a,II Región de Antofagasta,-69.88,-25.02,1975.0,2017-11-30,6.621370370370371,132.48171296296297,17.57736111111111,18.593055555555555,,,http://walker.dgf.uchile.cl/Mediciones/datos/csv/d05a.csv
d05a,d05a,II Región de Antofagasta,-69.88,-25.02,1975.0,2017-12-31,7.1186491935483875,131.14493727598565,18.574798387096774,18.991039426523297,,,http://walker.dgf.uchile.cl/Mediciones/datos/csv/d05a.csv
d05a,d05a,II Región de Antofagasta,-69.88,-25.02,1975.0,2018-01-31,6.356377688172043,138.4845430107527,18.427217741935486,26.10573476702509,,,http://walker.dgf.uchile.cl/Mediciones/datos/csv/d05a.csv
d05a,d05a,II Región de Antofagasta,-69.88,-25.02,1975.0,2018-02-28,6.920503472222222,131.63740079365078,18.08251488095238,40.45882936507937,,,http://walker.dgf.uchile.cl/Mediciones/datos/csv/d05a.csv
d05a,d05a,II Región de Antofagasta,-69.88,-25.02,1975.0,2018-03-31,6.328102598566309,130.20609318996415,18.394870071684586,26.131720430107528,,,http://walker.dgf.uchile.cl/Mediciones/datos/csv/d05a.csv
d05a,d05a,II Región de Antofagasta,-69.88,-25.02,1975.0,2018-04-30,5.708363425925926,123.9125,17.509050925925926,31.367361111111112,,,http://walker.dgf.uchile.cl/Mediciones/datos/csv/d05a.csv
d05a,d05a,II Región de Antofagasta,-69.88,-25.02,1975.0,2018-05-31,6.73530017921147,100.06272401433692,15.967069892473118,16.56272401433692,,,http://walker.dgf.uchile.cl/Mediciones/datos/csv/d05a.csv
d05a,d05a,II Región de Antofagasta,-69.88,-25.02,1975.0,2018-06-30,8.736405092592593,81.28657407407407,13.65261574074074,17.483101851851853,,,http://walker.dgf.uchile.cl/Mediciones/datos/csv/d05a.csv
d05a,d05a,II Región de Antofagasta,-69.88,-25.02,1975.0,2018-07-31,9.28638888888889,80.12679211469533,14.268055555555556,21.532258064516128,,,http://walker.dgf.uchile.cl/Mediciones/datos/csv/d05a.csv
d05a,d05a,II Región de Antofagasta,-69.88,-25.02,1975.0,2018-08-31,6.325026881720429,114.01948924731182,15.597199820788529,12.682571684587813,,,http://walker.dgf.uchile.cl/Mediciones/datos/csv/d05a.csv
d05a,d05a,II Región de Antofagasta,-69.88,-25.02,1975.0,2018-09-30,6.024717592592593,121.73472222222222,16.59726851851852,11.911342592592593,,,http://walker.dgf.uchile.cl/Mediciones/datos/csv/d05a.csv
d05a,d05a,II Región de Antofagasta,-69.88,-25.02,1975.0,2018-10-31,5.48016353046595,142.56854838709677,17.31055107526882,18.336693548387096,,,http://walker.dgf.uchile.cl/Mediciones/datos/csv/d05a.csv
d05a,d05a,II Región de Antofagasta,-69.88,-25.02,1975.0,2018-11-30,5.730597222222222,138.25347222222223,18.30185185185185,19.107175925925926,,,http://walker.dgf.uchile.cl/Mediciones/datos/csv/d05a.csv
d05a,d05a,II Región de Antofagasta,-69.88,-25.02,1975.0,2018-12-31,6.759861111111111,132.07258064516128,18.676344086021505,16.810259856630825,,,http://walker.dgf.uchile.cl/Mediciones/datos/csv/d05a.csv
d05a,d05a,II Región de Antofagasta,-69.88,-25.02,1975.0,2019-01-31,6.989350358422939,130.3826164874552,19.312970430107526,31.45586917562724,,,http://walker.dgf.uchile.cl/Mediciones/datos/csv/d05a.csv
d05a,d05a,II Región de Antofagasta,-69.88,-25.02,1975.0,2019-02-28,6.456063988095238,138.36979166666666,19.6312251984127,36.19766865079365,,,http://walker.dgf.uchile.cl/Mediciones/datos/csv/d05a.csv
d05a,d05a,II Región de Antofagasta,-69.88,-25.02,1975.0,2019-03-31,6.6693436379928315,122.86178315412187,18.887477598566306,23.788306451612904,,,http://walker.dgf.uchile.cl/Mediciones/datos/csv/d05a.csv
d05a,d05a,II Región de Antofagasta,-69.88,-25.02,1975.0,2019-04-30,6.749175925925925,106.98726851851852,17.358055555555556,25.815046296296295,,,http://walker.dgf.uchile.cl/Mediciones/datos/csv/d05a.csv
d05a,d05a,II Región de Antofagasta,-69.88,-25.02,1975.0,2019-05-31,8.3040118802833,85.74868631482751,14.793911354809229,20.296550148503542,,0.0,http://walker.dgf.uchile.cl/Mediciones/datos/csv/d05a.csv
d05a,d05a,II Región de Antofagasta,-69.88,-25.02,1975.0,2019-06-30,7.713034722222222,89.6988425925926,15.535023148148149,14.121064814814815,,0.0,http://walker.dgf.uchile.cl/Mediciones/datos/csv/d05a.csv
d05a,d05a,II Región de Antofagasta,-69.88,-25.02,1975.0,2019-07-31,7.19665770609319,96.43794802867383,14.770340501792115,15.065412186379929,,0.0,http://walker.dgf.uchile.cl/Mediciones/datos/csv/d05a.csv
d05a,d05a,II Región de Antofagasta,-69.88,-25.02,1975.0,2019-08-31,5.37274193548387,123.5038082437276,16.72791218637993,9.633736559139784,,0.0,http://walker.dgf.uchile.cl/Mediciones/datos/csv/d05a.csv
d05a,d05a,II Región de Antofagasta,-69.88,-25.02,1975.0,2019-09-30,9.975833333333332,89.06643518518518,15.449652777777779,15.034722222222221,,0.0,http://walker.dgf.uchile.cl/Mediciones/datos/csv/d05a.csv
d05a,d05a,II Región de Antofagasta,-69.88,-25.02,1975.0,2019-10-31,7.817329749103942,115.42137096774194,16.515277777777776,17.432795698924732,,0.0,http://walker.dgf.uchile.cl/Mediciones/datos/csv/d05a.csv
d05a,d05a,II Región de Antofagasta,-69.88,-25.02,1975.0,2019-11-30,6.568175925925926,129.2050925925926,19.043032407407406,18.757638888888888,,0.0,http://walker.dgf.uchile.cl/Mediciones/datos/csv/d05a.csv
d05a,d05a,II Región de Antofagasta,-69.88,-25.02,1975.0,2019-12-31,6.363120519713262,137.09655017921148,19.11836917562724,18.960125448028673,,0.0,http://walker.dgf.uchile.cl/Mediciones/datos/csv/d05a.csv
d05a,d05a,II Región de Antofagasta,-69.88,-25.02,1975.0,2020-01-31,6.860277777777777,132.96975806451613,19.43483422939068,34.962813620071685,,0.0,http://walker.dgf.uchile.cl/Mediciones/datos/csv/d05a.csv
d05a,d05a,II Región de Antofagasta,-69.88,-25.02,1975.0,2020-02-29,6.502981321839081,131.62260536398466,19.588290229885057,31.68103448275862,,0.0,http://walker.dgf.uchile.cl/Mediciones/datos/csv/d05a.csv
d05a,d05a,II Región de Antofagasta,-69.88,-25.02,1975.0,2020-03-31,5.907168458781362,133.5,18.74861111111111,31.620743727598565,,0.0,http://walker.dgf.uchile.cl/Mediciones/datos/csv/d05a.csv
d05a,d05a,II Región de Antofagasta,-69.88,-25.02,1975.0,2020-04-30,6.223835648148149,119.31689814814816,18.350416666666668,26.566666666666666,,0.0,http://walker.dgf.uchile.cl/Mediciones/datos/csv/d05a.csv
d05a,d05a,II Región de Antofagasta,-69.88,-25.02,1975.0,2020-05-31,6.976317204301075,97.89112903225806,17.400425627240143,16.547267025089607,,0.0,http://walker.dgf.uchile.cl/Mediciones/datos/csv/d05a.csv
d05a,d05a,II Región de Antofagasta,-69.88,-25.02,1975.0,2020-06-30,8.725578703703704,86.57453703703703,13.822662037037038,22.50023148148148,,0.0,http://walker.dgf.uchile.cl/Mediciones/datos/csv/d05a.csv
d05a,d05a,II Región de Antofagasta,-69.88,-25.02,1975.0,2020-07-31,5.9507482078853045,109.68010752688173,14.28853046594982,11.360887096774194,,0.0,http://walker.dgf.uchile.cl/Mediciones/datos/csv/d05a.csv
d05a,d05a,II Región de Antofagasta,-69.88,-25.02,1975.0,2020-08-31,8.488163082437277,93.75425627240143,13.58812724014337,16.678539426523297,,0.0,http://walker.dgf.uchile.cl/Mediciones/datos/csv/d05a.csv
d05a,d05a,II Región de Antofagasta,-69.88,-25.02,1975.0,2020-09-30,7.16037037037037,115.16967592592593,15.861296296296297,14.210416666666667,,0.0,http://walker.dgf.uchile.cl/Mediciones/datos/csv/d05a.csv
d05a,d05a,II Región de Antofagasta,-69.88,-25.02,1975.0,2020-10-31,6.092466397849463,134.19086021505376,18.401859318996415,14.187948028673835,,0.0,http://walker.dgf.uchile.cl/Mediciones/datos/csv/d05a.csv
d05a,d05a,II Región de Antofagasta,-69.88,-25.02,1975.0,2020-11-30,7.107004629629629,121.07708333333333,17.341435185185187,14.621527777777779,,0.0,http://walker.dgf.uchile.cl/Mediciones/datos/csv/d05a.csv
d05a,d05a,II Región de Antofagasta,-69.88,-25.02,1975.0,2020-12-31,6.861234318996416,134.913082437276,18.317114695340504,23.1122311827957,,0.0,http://walker.dgf.uchile.cl/Mediciones/datos/csv/d05a.csv
d05a,d05a,II Región de Antofagasta,-69.88,-25.02,1975.0,2021-01-31,6.198248207885305,140.10775089605735,18.26236559139785,28.107302867383513,,0.0,http://walker.dgf.uchile.cl/Mediciones/datos/csv/d05a.csv
d05a,d05a,II Región de Antofagasta,-69.88,-25.02,1975.0,2021-02-28,7.440595238095238,121.35763888888889,18.482762896825395,31.59424603174603,,0.0,http://walker.dgf.uchile.cl/Mediciones/datos/csv/d05a.csv
d05a,d05a,II Región de Antofagasta,-69.88,-25.02,1975.0,2021-03-31,7.417784498207885,115.81227598566308,17.50459229390681,34.445116487455195,,0.0,http://walker.dgf.uchile.cl/Mediciones/datos/csv/d05a.csv
d05a,d05a,II Región de Antofagasta,-69.88,-25.02,1975.0,2021-04-30,7.9482384259259256,92.25046296296296,16.55483796296296,24.30763888888889,,0.0,http://walker.dgf.uchile.cl/Mediciones/datos/csv/d05a.csv
d05a,d05a,II Región de Antofagasta,-69.88,-25.02,1975.0,2021-05-31,7.81844982078853,90.24596774193549,15.583422939068099,22.005824372759857,,0.0,http://walker.dgf.uchile.cl/Mediciones/datos/csv/d05a.csv
d05a,d05a,II Región de Antofagasta,-69.88,-25.02,1975.0,2021-06-30,8.947694444444444,85.58912037037037,13.853310185185185,18.92199074074074,,0.0,http://walker.dgf.uchile.cl/Mediciones/datos/csv/d05a.csv
d05a,d05a,II Región de Antofagasta,-69.88,-25.02,1975.0,2021-07-31,6.654233870967742,102.86626344086021,15.237141577060934,13.126568100358423,,0.0,http://walker.dgf.uchile.cl/Mediciones/datos/csv/d05a.csv
d05a,d05a,II Región de Antofagasta,-69.88,-25.02,1975.0,2021-08-31,8.880282258064517,87.94534050179212,13.961648745519714,17.746639784946236,,0.0,http://walker.dgf.uchile.cl/Mediciones/datos/csv/d05a.csv
d05a,d05a,II Región de Antofagasta,-69.88,-25.02,1975.0,2021-09-30,7.452856481481482,113.8712962962963,16.006597222222222,12.623611111111112,,0.0,http://walker.dgf.uchile.cl/Mediciones/datos/csv/d05a.csv
d05a,d05a,II Región de Antofagasta,-69.88,-25.02,1975.0,2021-10-31,8.526362007168458,112.8431899641577,16.244601254480287,13.45497311827957,,0.0,http://walker.dgf.uchile.cl/Mediciones/datos/csv/d05a.csv
d05a,d05a,II Región de Antofagasta,-69.88,-25.02,1975.0,2021-11-30,7.4881064814814815,119.31875,17.458750000000002,13.008101851851851,,0.0,http://walker.dgf.uchile.cl/Mediciones/datos/csv/d05a.csv
d05b,d05b,II Región de Antofagasta,-69.86,-24.98,2113.0,2010-06-30,8.557730167921251,70.90735379270411,12.779936305732484,16.445280833815865,,,http://walker.dgf.uchile.cl/Mediciones/datos/csv/d05b.csv
d05b,d05b,II Región de Antofagasta,-69.86,-24.98,2113.0,2010-07-31,9.563978494623656,64.20586917562724,10.82780017921147,13.457987900515349,,,http://walker.dgf.uchile.cl/Mediciones/datos/csv/d05b.csv
d05b,d05b,II Región de Antofagasta,-69.86,-24.98,2113.0,2010-08-31,8.322423835125448,84.27464157706093,14.828001792114694,8.500224014336917,,,http://walker.dgf.uchile.cl/Mediciones/datos/csv/d05b.csv
d05b,d05b,II Región de Antofagasta,-69.86,-24.98,2113.0,2010-09-30,8.478425925925926,97.33796296296296,14.359699074074074,11.895833333333334,,,http://walker.dgf.uchile.cl/Mediciones/datos/csv/d05b.csv
d05b,d05b,II Región de Antofagasta,-69.86,-24.98,2113.0,2010-10-31,9.484991039426523,80.478270609319,14.878203405017922,12.293906810035843,,,http://walker.dgf.uchile.cl/Mediciones/datos/csv/d05b.csv
d05b,d05b,II Región de Antofagasta,-69.86,-24.98,2113.0,2010-11-30,8.209259259259259,106.54444444444445,15.815694444444444,13.592824074074073,,,http://walker.dgf.uchile.cl/Mediciones/datos/csv/d05b.csv
d05b,d05b,II Región de Antofagasta,-69.86,-24.98,2113.0,2010-12-31,8.134632616487455,104.24955197132617,16.508086917562725,20.088037634408604,,,http://walker.dgf.uchile.cl/Mediciones/datos/csv/d05b.csv
d05b,d05b,II Región de Antofagasta,-69.86,-24.98,2113.0,2011-01-31,7.3165770609319,119.93593189964157,17.466532258064518,26.50918458781362,,,http://walker.dgf.uchile.cl/Mediciones/datos/csv/d05b.csv
d05b,d05b,II Región de Antofagasta,-69.86,-24.98,2113.0,2011-02-28,8.293452380952381,109.52132936507937,17.075223214285714,40.538690476190474,,,http://walker.dgf.uchile.cl/Mediciones/datos/csv/d05b.csv
d05b,d05b,II Región de Antofagasta,-69.86,-24.98,2113.0,2011-03-31,7.491017025089606,101.91285842293907,16.69742383512545,23.66913082437276,,,http://walker.dgf.uchile.cl/Mediciones/datos/csv/d05b.csv
d05b,d05b,II Región de Antofagasta,-69.86,-24.98,2113.0,2011-04-30,7.115717592592593,99.07013888888889,15.866574074074075,26.157175925925927,,,http://walker.dgf.uchile.cl/Mediciones/datos/csv/d05b.csv
d05b,d05b,II Región de Antofagasta,-69.86,-24.98,2113.0,2011-05-31,7.883467741935484,91.33176523297492,16.349731182795697,14.130376344086022,,,http://walker.dgf.uchile.cl/Mediciones/datos/csv/d05b.csv
d05b,d05b,II Región de Antofagasta,-69.86,-24.98,2113.0,2011-06-30,9.751828703703705,73.50046296296296,13.581435185185185,19.384027777777778,,,http://walker.dgf.uchile.cl/Mediciones/datos/csv/d05b.csv
d05b,d05b,II Región de Antofagasta,-69.86,-24.98,2113.0,2011-07-31,10.28435174746336,64.92243517474634,12.286595264937993,23.56347237880496,,,http://walker.dgf.uchile.cl/Mediciones/datos/csv/d05b.csv
d05b,d05b,II Región de Antofagasta,-69.86,-24.98,2113.0,2011-08-31,8.4605958781362,84.69959677419355,13.534543010752687,11.210349462365592,,,http://walker.dgf.uchile.cl/Mediciones/datos/csv/d05b.csv
d05b,d05b,II Región de Antofagasta,-69.86,-24.98,2113.0,2011-09-30,6.218671034160037,113.31211979410388,16.357182966775856,9.137342068320075,,,http://walker.dgf.uchile.cl/Mediciones/datos/csv/d05b.csv
d05b,d05b,II Región de Antofagasta,-69.86,-24.98,2113.0,2011-10-31,8.915084052703316,94.98318945933667,14.711562925942754,12.468650613357564,,,http://walker.dgf.uchile.cl/Mediciones/datos/csv/d05b.csv
d05b,d05b,II Región de Antofagasta,-69.86,-24.98,2113.0,2011-11-30,7.133030809648913,120.24719369476952,17.468060200668898,14.352519703845235,,,http://walker.dgf.uchile.cl/Mediciones/datos/csv/d05b.csv
d05b,d05b,II Región de Antofagasta,-69.86,-24.98,2113.0,2011-12-31,7.94551971326165,119.7334229390681,17.69513888888889,20.18033154121864,,,http://walker.dgf.uchile.cl/Mediciones/datos/csv/d05b.csv
d05b,d05b,II Región de Antofagasta,-69.86,-24.98,2113.0,2012-01-31,7.529950716845877,122.91061827956989,17.537589605734766,31.68839605734767,,,http://walker.dgf.uchile.cl/Mediciones/datos/csv/d05b.csv
d05b,d05b,II Región de Antofagasta,-69.86,-24.98,2113.0,2012-02-29,7.311135057471264,118.76484674329502,17.5518438697318,37.69803639846743,,,http://walker.dgf.uchile.cl/Mediciones/datos/csv/d05b.csv
d05b,d05b,II Región de Antofagasta,-69.86,-24.98,2113.0,2012-03-31,6.361962365591397,123.73230286738351,18.61570340501792,29.34117383512545,,,http://walker.dgf.uchile.cl/Mediciones/datos/csv/d05b.csv
d05b,d05b,II Región de Antofagasta,-69.86,-24.98,2113.0,2012-04-30,8.368078703703704,83.17430555555555,15.682268518518518,35.75046296296296,,,http://walker.dgf.uchile.cl/Mediciones/datos/csv/d05b.csv
d05b,d05b,II Región de Antofagasta,-69.86,-24.98,2113.0,2012-05-31,7.373387096774194,96.33624551971326,16.17298387096774,17.121191756272403,,,http://walker.dgf.uchile.cl/Mediciones/datos/csv/d05b.csv
d05b,d05b,II Región de Antofagasta,-69.86,-24.98,2113.0,2012-06-30,7.4874074074074075,90.60069444444444,14.471481481481483,16.67152777777778,,,http://walker.dgf.uchile.cl/Mediciones/datos/csv/d05b.csv
d05b,d05b,II Región de Antofagasta,-69.86,-24.98,2113.0,2012-07-31,7.804390681003585,88.46505376344086,13.983266129032259,10.489695340501791,,,http://walker.dgf.uchile.cl/Mediciones/datos/csv/d05b.csv
d05b,d05b,II Región de Antofagasta,-69.86,-24.98,2113.0,2012-08-31,9.17013888888889,80.61178315412187,14.92320788530466,10.978270609318997,,,http://walker.dgf.uchile.cl/Mediciones/datos/csv/d05b.csv
d05b,d05b,II Región de Antofagasta,-69.86,-24.98,2113.0,2012-09-30,8.582800925925925,97.5525462962963,17.10122685185185,11.084722222222222,,,http://walker.dgf.uchile.cl/Mediciones/datos/csv/d05b.csv
d05b,d05b,II Región de Antofagasta,-69.86,-24.98,2113.0,2012-10-31,8.331451612903226,101.91823476702508,16.38646953405018,10.378136200716845,,,http://walker.dgf.uchile.cl/Mediciones/datos/csv/d05b.csv
d05b,d05b,II Región de Antofagasta,-69.86,-24.98,2113.0,2012-11-30,7.645393518518518,109.10324074074074,17.685347222222223,11.326851851851853,,,http://walker.dgf.uchile.cl/Mediciones/datos/csv/d05b.csv
d05b,d05b,II Región de Antofagasta,-69.86,-24.98,2113.0,2012-12-31,7.368413978494623,121.2193100358423,17.876993727598563,21.287186379928315,,,http://walker.dgf.uchile.cl/Mediciones/datos/csv/d05b.csv
d05b,d05b,II Región de Antofagasta,-69.86,-24.98,2113.0,2013-01-31,7.545094086021506,115.86984767025089,18.822446236559138,19.516801075268816,,,http://walker.dgf.uchile.cl/Mediciones/datos/csv/d05b.csv
d05b,d05b,II Región de Antofagasta,-69.86,-24.98,2113.0,2013-02-28,7.212524801587302,122.90997023809524,18.208159722222224,36.132688492063494,,,http://walker.dgf.uchile.cl/Mediciones/datos/csv/d05b.csv
d05b,d05b,II Región de Antofagasta,-69.86,-24.98,2113.0,2013-03-31,6.985080645161291,111.76209677419355,17.704681899641578,23.276209677419356,,,http://walker.dgf.uchile.cl/Mediciones/datos/csv/d05b.csv
d05b,d05b,II Región de Antofagasta,-69.86,-24.98,2113.0,2013-04-30,7.029907407407408,102.05023148148148,16.893333333333334,14.771759259259259,,,http://walker.dgf.uchile.cl/Mediciones/datos/csv/d05b.csv
d05b,d05b,II Región de Antofagasta,-69.86,-24.98,2113.0,2013-05-31,8.386200716845877,82.3048835125448,14.866241039426521,20.237455197132615,,,http://walker.dgf.uchile.cl/Mediciones/datos/csv/d05b.csv
d05b,d05b,II Región de Antofagasta,-69.86,-24.98,2113.0,2013-06-30,8.138495370370372,77.72569444444444,13.862199074074073,17.790046296296296,,,http://walker.dgf.uchile.cl/Mediciones/datos/csv/d05b.csv
d05b,d05b,II Región de Antofagasta,-69.86,-24.98,2113.0,2013-07-31,8.312029569892474,82.09341397849462,14.811671146953406,13.692428315412187,,,http://walker.dgf.uchile.cl/Mediciones/datos/csv/d05b.csv
d05b,d05b,II Región de Antofagasta,-69.86,-24.98,2113.0,2013-08-31,6.996841397849463,101.94668458781362,14.557370071684588,13.432571684587813,,,http://walker.dgf.uchile.cl/Mediciones/datos/csv/d05b.csv
d05b,d05b,II Región de Antofagasta,-69.86,-24.98,2113.0,2013-09-30,7.70386574074074,109.86689814814815,14.997199074074075,13.046296296296296,,,http://walker.dgf.uchile.cl/Mediciones/datos/csv/d05b.csv
d05b,d05b,II Región de Antofagasta,-69.86,-24.98,2113.0,2013-10-31,8.086715949820789,99.68145161290323,16.244713261648744,9.668682795698924,,,http://walker.dgf.uchile.cl/Mediciones/datos/csv/d05b.csv
d05b,d05b,II Región de Antofagasta,-69.86,-24.98,2113.0,2013-11-30,7.555138888888889,114.40717592592593,16.729351851851852,14.99236111111111,,,http://walker.dgf.uchile.cl/Mediciones/datos/csv/d05b.csv
d05b,d05b,II Región de Antofagasta,-69.86,-24.98,2113.0,2013-12-31,7.907370071684587,113.29502688172043,18.363328853046593,19.448700716845877,,,http://walker.dgf.uchile.cl/Mediciones/datos/csv/d05b.csv
d05b,d05b,II Región de Antofagasta,-69.86,-24.98,2113.0,2014-01-31,7.88687275985663,116.8711917562724,17.740905017921147,39.233198924731184,,,http://walker.dgf.uchile.cl/Mediciones/datos/csv/d05b.csv
d05b,d05b,II Región de Antofagasta,-69.86,-24.98,2113.0,2014-02-28,7.153893849206349,115.26512896825396,17.791939484126985,21.885168650793652,,,http://walker.dgf.uchile.cl/Mediciones/datos/csv/d05b.csv
d05b,d05b,II Región de Antofagasta,-69.86,-24.98,2113.0,2014-03-31,7.649932795698925,101.64000896057348,16.68393817204301,32.38597670250896,,,http://walker.dgf.uchile.cl/Mediciones/datos/csv/d05b.csv
d05b,d05b,II Región de Antofagasta,-69.86,-24.98,2113.0,2014-04-30,7.059837962962963,100.03287037037038,17.438449074074075,19.40601851851852,,,http://walker.dgf.uchile.cl/Mediciones/datos/csv/d05b.csv
d05b,d05b,II Región de Antofagasta,-69.86,-24.98,2113.0,2014-05-31,9.107459677419355,69.84655017921148,13.86135752688172,22.132134831460675,,,http://walker.dgf.uchile.cl/Mediciones/datos/csv/d05b.csv
d05b,d05b,II Región de Antofagasta,-69.86,-24.98,2113.0,2014-06-30,9.262546296296296,62.14351851851852,13.544050925925927,12.483564814814814,,,http://walker.dgf.uchile.cl/Mediciones/datos/csv/d05b.csv
d05b,d05b,II Región de Antofagasta,-69.86,-24.98,2113.0,2014-07-31,8.581989247311828,74.99596774193549,13.6478270609319,9.84923835125448,,,http://walker.dgf.uchile.cl/Mediciones/datos/csv/d05b.csv
d05b,d05b,II Región de Antofagasta,-69.86,-24.98,2113.0,2014-08-31,7.442428315412187,90.61783154121864,15.992540322580645,13.502240143369175,,,http://walker.dgf.uchile.cl/Mediciones/datos/csv/d05b.csv
d05b,d05b,II Región de Antofagasta,-69.86,-24.98,2113.0,2014-09-30,9.645486111111111,79.41851851851852,15.249236111111111,15.258796296296296,,,http://walker.dgf.uchile.cl/Mediciones/datos/csv/d05b.csv
d05b,d05b,II Región de Antofagasta,-69.86,-24.98,2113.0,2014-10-31,6.530801971326165,123.35147849462365,18.382437275985662,13.65613799283154,,,http://walker.dgf.uchile.cl/Mediciones/datos/csv/d05b.csv
d05b,d05b,II Región de Antofagasta,-69.86,-24.98,2113.0,2014-11-30,7.2837499999999995,116.80740740740741,17.1625,14.500694444444445,,,http://walker.dgf.uchile.cl/Mediciones/datos/csv/d05b.csv
d05b,d05b,II Región de Antofagasta,-69.86,-24.98,2113.0,2014-12-31,7.618593189964158,109.28091397849462,17.906698028673834,13.304659498207885,,,http://walker.dgf.uchile.cl/Mediciones/datos/csv/d05b.csv
d05b,d05b,II Región de Antofagasta,-69.86,-24.98,2113.0,2015-01-31,7.365770609318997,125.07840501792114,18.938306451612906,18.963709677419356,,,http://walker.dgf.uchile.cl/Mediciones/datos/csv/d05b.csv
d05b,d05b,II Región de Antofagasta,-69.86,-24.98,2113.0,2015-02-28,8.067584325396826,113.30208333333333,18.02400793650794,41.80009920634921,,,http://walker.dgf.uchile.cl/Mediciones/datos/csv/d05b.csv
d05b,d05b,II Región de Antofagasta,-69.86,-24.98,2113.0,2015-03-31,7.985103046594982,103.45609318996416,17.668436379928313,45.270161290322584,,,http://walker.dgf.uchile.cl/Mediciones/datos/csv/d05b.csv
d05b,d05b,II Región de Antofagasta,-69.86,-24.98,2113.0,2015-04-30,6.538851447555767,107.14645145976739,17.99475557664926,22.0109159943047,,,http://walker.dgf.uchile.cl/Mediciones/datos/csv/d05b.csv
d05b,d05b,II Región de Antofagasta,-69.86,-24.98,2113.0,2015-05-31,7.792125896057349,84.72289426523298,15.770071684587815,19.34722222222222,,,http://walker.dgf.uchile.cl/Mediciones/datos/csv/d05b.csv
d05b,d05b,II Región de Antofagasta,-69.86,-24.98,2113.0,2015-06-30,6.413710648148148,98.56597222222223,16.343819444444446,9.472453703703703,,,http://walker.dgf.uchile.cl/Mediciones/datos/csv/d05b.csv
d05b,d05b,II Región de Antofagasta,-69.86,-24.98,2113.0,2015-07-31,7.636384408602151,82.63306451612904,13.277374551971326,14.321236559139784,,,http://walker.dgf.uchile.cl/Mediciones/datos/csv/d05b.csv
d05b,d05b,II Región de Antofagasta,-69.86,-24.98,2113.0,2015-08-31,9.015150089605735,75.49081541218638,14.403965053763441,18.027446569178853,,,http://walker.dgf.uchile.cl/Mediciones/datos/csv/d05b.csv
d05b,d05b,II Región de Antofagasta,-69.86,-24.98,2113.0,2015-09-30,7.4900162037037035,111.55092592592592,15.86863425925926,13.100462962962963,,,http://walker.dgf.uchile.cl/Mediciones/datos/csv/d05b.csv
d05b,d05b,II Región de Antofagasta,-69.86,-24.98,2113.0,2015-10-31,8.473232526881722,101.07638888888889,16.318324372759857,16.355286738351253,,,http://walker.dgf.uchile.cl/Mediciones/datos/csv/d05b.csv
d05b,d05b,II Región de Antofagasta,-69.86,-24.98,2113.0,2015-11-30,8.930243055555556,100.23125,16.827615740740743,13.213888888888889,,,http://walker.dgf.uchile.cl/Mediciones/datos/csv/d05b.csv
d05b,d05b,II Región de Antofagasta,-69.86,-24.98,2113.0,2015-12-31,7.692278225806452,108.8915770609319,19.386066308243727,10.81339605734767,,,http://walker.dgf.uchile.cl/Mediciones/datos/csv/d05b.csv
d05b,d05b,II Región de Antofagasta,-69.86,-24.98,2113.0,2016-01-31,7.96826164874552,111.72715053763442,19.361559139784948,21.76993727598566,,,http://walker.dgf.uchile.cl/Mediciones/datos/csv/d05b.csv
d05b,d05b,II Región de Antofagasta,-69.86,-24.98,2113.0,2016-02-29,7.155004789272031,121.88577586206897,19.649545019157088,31.245210727969347,,,http://walker.dgf.uchile.cl/Mediciones/datos/csv/d05b.csv
d05b,d05b,II Región de Antofagasta,-69.86,-24.98,2113.0,2016-03-31,7.538620071684588,106.33982974910394,19.049327956989245,28.33266129032258,,,http://walker.dgf.uchile.cl/Mediciones/datos/csv/d05b.csv
d05b,d05b,II Región de Antofagasta,-69.86,-24.98,2113.0,2016-04-30,8.433548611111112,85.93263888888889,17.058935185185188,30.947685185185186,,,http://walker.dgf.uchile.cl/Mediciones/datos/csv/d05b.csv
d05b,d05b,II Región de Antofagasta,-69.86,-24.98,2113.0,2016-05-31,9.392085573476702,70.06474014336918,15.333602150537633,22.650537634408604,,,http://walker.dgf.uchile.cl/Mediciones/datos/csv/d05b.csv
d05b,d05b,II Región de Antofagasta,-69.86,-24.98,2113.0,2016-06-30,9.2504375,75.01481481481481,13.520787037037037,21.314969781496977,,,http://walker.dgf.uchile.cl/Mediciones/datos/csv/d05b.csv
d05b,d05b,II Región de Antofagasta,-69.86,-24.98,2113.0,2016-07-31,8.861272401433691,74.331541218638,13.654569892473118,18.970206093189965,,,http://walker.dgf.uchile.cl/Mediciones/datos/csv/d05b.csv
d05b,d05b,II Región de Antofagasta,-69.86,-24.98,2113.0,2016-08-31,6.450927419354838,107.66644265232975,15.185909498207884,11.852150537634408,,,http://walker.dgf.uchile.cl/Mediciones/datos/csv/d05b.csv
d05b,d05b,II Región de Antofagasta,-69.86,-24.98,2113.0,2016-09-30,6.251724537037037,118.46527777777777,16.96101851851852,12.63726851851852,,,http://walker.dgf.uchile.cl/Mediciones/datos/csv/d05b.csv
d05b,d05b,II Región de Antofagasta,-69.86,-24.98,2113.0,2016-10-31,7.45160394265233,109.02755376344086,16.544713261648745,13.724462365591398,,,http://walker.dgf.uchile.cl/Mediciones/datos/csv/d05b.csv
d05b,d05b,II Región de Antofagasta,-69.86,-24.98,2113.0,2016-11-30,8.15700925925926,102.1988425925926,17.306782407407407,15.605324074074074,,,http://walker.dgf.uchile.cl/Mediciones/datos/csv/d05b.csv
d05b,d05b,II Región de Antofagasta,-69.86,-24.98,2113.0,2016-12-31,8.372403673835127,111.88709677419355,17.4505376344086,23.811827956989248,,,http://walker.dgf.uchile.cl/Mediciones/datos/csv/d05b.csv
d05b,d05b,II Región de Antofagasta,-69.86,-24.98,2113.0,2017-01-31,7.478508064516128,124.68145161290323,18.620094086021506,41.76366487455197,,,http://walker.dgf.uchile.cl/Mediciones/datos/csv/d05b.csv
d05b,d05b,II Región de Antofagasta,-69.86,-24.98,2113.0,2017-02-28,7.421989087301587,115.35590277777777,17.742956349206352,40.3531746031746,,,http://walker.dgf.uchile.cl/Mediciones/datos/csv/d05b.csv
d05b,d05b,II Región de Antofagasta,-69.86,-24.98,2113.0,2017-03-31,6.7117226702508965,119.21438172043011,17.754637096774193,36.46594982078853,,,http://walker.dgf.uchile.cl/Mediciones/datos/csv/d05b.csv
d05b,d05b,II Región de Antofagasta,-69.86,-24.98,2113.0,2017-04-30,7.53386574074074,99.45787037037037,16.290208333333332,27.238425925925927,,,http://walker.dgf.uchile.cl/Mediciones/datos/csv/d05b.csv
d05b,d05b,II Región de Antofagasta,-69.86,-24.98,2113.0,2017-05-31,12.387399193548386,47.40703405017921,13.61377688172043,31.908602150537636,,,http://walker.dgf.uchile.cl/Mediciones/datos/csv/d05b.csv
d05b,d05b,II Región de Antofagasta,-69.86,-24.98,2113.0,2017-06-30,10.640217592592592,50.844907407407405,13.726296296296296,23.49861111111111,,,http://walker.dgf.uchile.cl/Mediciones/datos/csv/d05b.csv
d05b,d05b,II Región de Antofagasta,-69.86,-24.98,2113.0,2017-07-31,7.616738351254481,85.40905017921148,15.693951612903227,12.178987455197133,,,http://walker.dgf.uchile.cl/Mediciones/datos/csv/d05b.csv
d05b,d05b,II Región de Antofagasta,-69.86,-24.98,2113.0,2017-08-31,8.298362455197132,87.14112903225806,13.849641577060932,14.221102150537634,,,http://walker.dgf.uchile.cl/Mediciones/datos/csv/d05b.csv
d05b,d05b,II Región de Antofagasta,-69.86,-24.98,2113.0,2017-09-30,8.059530092592592,99.11782407407408,15.786666666666665,16.524768518518517,,,http://walker.dgf.uchile.cl/Mediciones/datos/csv/d05b.csv
d05b,d05b,II Región de Antofagasta,-69.86,-24.98,2113.0,2017-10-31,7.151624103942652,112.74081541218638,16.457078853046593,11.577060931899641,,,http://walker.dgf.uchile.cl/Mediciones/datos/csv/d05b.csv
d05b,d05b,II Región de Antofagasta,-69.86,-24.98,2113.0,2017-11-30,7.271935185185185,117.08217592592592,17.24425925925926,18.11828703703704,,,http://walker.dgf.uchile.cl/Mediciones/datos/csv/d05b.csv
d05b,d05b,II Región de Antofagasta,-69.86,-24.98,2113.0,2017-12-31,7.9125000000000005,113.5804211469534,18.05497311827957,18.773521505376344,,,http://walker.dgf.uchile.cl/Mediciones/datos/csv/d05b.csv
d05b,d05b,II Región de Antofagasta,-69.86,-24.98,2113.0,2018-01-31,7.109500448028674,126.91935483870968,17.946505376344085,26.229166666666668,,,http://walker.dgf.uchile.cl/Mediciones/datos/csv/d05b.csv
d05b,d05b,II Región de Antofagasta,-69.86,-24.98,2113.0,2018-02-28,7.830907738095238,115.39905753968254,17.569593253968254,41.17286706349206,,,http://walker.dgf.uchile.cl/Mediciones/datos/csv/d05b.csv
d05b,d05b,II Región de Antofagasta,-69.86,-24.98,2113.0,2018-03-31,6.897461917562724,116.4209229390681,17.98331093189964,26.27105734767025,,,http://walker.dgf.uchile.cl/Mediciones/datos/csv/d05b.csv
d05b,d05b,II Región de Antofagasta,-69.86,-24.98,2113.0,2018-04-30,6.365956018518519,112.75740740740741,17.160833333333333,31.451157407407408,,,http://walker.dgf.uchile.cl/Mediciones/datos/csv/d05b.csv
d05b,d05b,II Región de Antofagasta,-69.86,-24.98,2113.0,2018-05-31,7.416783154121863,90.59027777777777,15.693749999999998,16.131720430107528,,,http://walker.dgf.uchile.cl/Mediciones/datos/csv/d05b.csv
d05b,d05b,II Región de Antofagasta,-69.86,-24.98,2113.0,2018-06-30,9.146768518518519,68.18333333333334,13.82122685185185,16.60648148148148,,,http://walker.dgf.uchile.cl/Mediciones/datos/csv/d05b.csv
d05b,d05b,II Región de Antofagasta,-69.86,-24.98,2113.0,2018-07-31,9.377152777777779,76.61917562724014,14.183848566308242,20.892025089605735,,,http://walker.dgf.uchile.cl/Mediciones/datos/csv/d05b.csv
d05b,d05b,II Región de Antofagasta,-69.86,-24.98,2113.0,2018-08-31,7.040857974910394,99.62813620071685,15.234498207885306,12.422491039426523,,,http://walker.dgf.uchile.cl/Mediciones/datos/csv/d05b.csv
d05b,d05b,II Región de Antofagasta,-69.86,-24.98,2113.0,2018-09-30,6.556557870370371,111.15162037037037,16.220324074074075,11.64236111111111,,,http://walker.dgf.uchile.cl/Mediciones/datos/csv/d05b.csv
d05b,d05b,II Región de Antofagasta,-69.86,-24.98,2113.0,2018-10-31,5.9428651433691755,130.2116935483871,17.03250448028674,17.535394265232974,,,http://walker.dgf.uchile.cl/Mediciones/datos/csv/d05b.csv
d05b,d05b,II Región de Antofagasta,-69.86,-24.98,2113.0,2018-11-30,6.292365740740741,126.73425925925926,17.963472222222222,18.43148148148148,,,http://walker.dgf.uchile.cl/Mediciones/datos/csv/d05b.csv
d05b,d05b,II Región de Antofagasta,-69.86,-24.98,2113.0,2018-12-31,7.266908602150537,118.22894265232975,18.403965053763443,16.558467741935484,,,http://walker.dgf.uchile.cl/Mediciones/datos/csv/d05b.csv
d05b,d05b,II Región de Antofagasta,-69.86,-24.98,2113.0,2019-01-31,7.965434587813619,112.14986559139786,18.868346774193547,31.822580645161292,,,http://walker.dgf.uchile.cl/Mediciones/datos/csv/d05b.csv
d05b,d05b,II Región de Antofagasta,-69.86,-24.98,2113.0,2019-02-28,7.171106150793651,125.68080357142857,19.10376984126984,36.71230158730159,,,http://walker.dgf.uchile.cl/Mediciones/datos/csv/d05b.csv
d05b,d05b,II Región de Antofagasta,-69.86,-24.98,2113.0,2019-03-31,7.413089157706093,108.13172043010752,18.410819892473118,24.024641577060933,,,http://walker.dgf.uchile.cl/Mediciones/datos/csv/d05b.csv
d05b,d05b,II Región de Antofagasta,-69.86,-24.98,2113.0,2019-04-30,7.64406712962963,93.11990740740741,16.720046296296296,26.08240740740741,,,http://walker.dgf.uchile.cl/Mediciones/datos/csv/d05b.csv
d05b,d05b,II Región de Antofagasta,-69.86,-24.98,2113.0,2019-05-31,8.861104545454545,76.46931818181818,14.807909090909092,19.823636363636364,,,http://walker.dgf.uchile.cl/Mediciones/datos/csv/d05b.csv
d05b,d05b,II Región de Antofagasta,-69.86,-24.98,2113.0,2019-06-30,8.455125,77.14699074074075,15.305254629629628,13.701620370370371,,,http://walker.dgf.uchile.cl/Mediciones/datos/csv/d05b.csv
d05b,d05b,II Región de Antofagasta,-69.86,-24.98,2113.0,2019-07-31,8.040916218637992,84.41263440860214,14.435259856630825,14.804883512544803,,,http://walker.dgf.uchile.cl/Mediciones/datos/csv/d05b.csv
d05b,d05b,II Región de Antofagasta,-69.86,-24.98,2113.0,2019-08-31,6.392726254480287,102.13732078853046,16.165703405017922,9.23252688172043,,,http://walker.dgf.uchile.cl/Mediciones/datos/csv/d05b.csv
d05b,d05b,II Región de Antofagasta,-69.86,-24.98,2113.0,2019-09-30,10.212391203703703,82.79745370370371,15.519467592592594,14.399074074074074,,,http://walker.dgf.uchile.cl/Mediciones/datos/csv/d05b.csv
d05b,d05b,II Región de Antofagasta,-69.86,-24.98,2113.0,2019-10-31,8.028676075268818,113.53584229390681,16.252217741935482,16.665098566308245,,,http://walker.dgf.uchile.cl/Mediciones/datos/csv/d05b.csv
d05b,d05b,II Región de Antofagasta,-69.86,-24.98,2113.0,2019-11-30,7.27180787037037,114.97777777777777,18.547199074074072,18.42152777777778,,,http://walker.dgf.uchile.cl/Mediciones/datos/csv/d05b.csv
d05b,d05b,II Región de Antofagasta,-69.86,-24.98,2113.0,2019-12-31,7.19760752688172,119.15322580645162,18.50347222222222,18.95138888888889,,,http://walker.dgf.uchile.cl/Mediciones/datos/csv/d05b.csv
d05b,d05b,II Región de Antofagasta,-69.86,-24.98,2113.0,2020-01-31,7.738355734767024,116.44422043010752,18.924820788530464,34.980510752688176,,,http://walker.dgf.uchile.cl/Mediciones/datos/csv/d05b.csv
d05b,d05b,II Región de Antofagasta,-69.86,-24.98,2113.0,2020-02-29,7.225814176245211,118.503591954023,19.067600574712646,32.03975095785441,,,http://walker.dgf.uchile.cl/Mediciones/datos/csv/d05b.csv
d05b,d05b,II Región de Antofagasta,-69.86,-24.98,2113.0,2020-03-31,6.419153225806451,123.48745519713262,18.37450716845878,31.84722222222222,,,http://walker.dgf.uchile.cl/Mediciones/datos/csv/d05b.csv
d05b,d05b,II Región de Antofagasta,-69.86,-24.98,2113.0,2020-04-30,6.842694444444444,103.5962962962963,17.723935185185184,26.692824074074075,,,http://walker.dgf.uchile.cl/Mediciones/datos/csv/d05b.csv
d05b,d05b,II Región de Antofagasta,-69.86,-24.98,2113.0,2020-05-31,7.889374999999999,83.34923835125448,16.847334229390682,16.678539426523297,,,http://walker.dgf.uchile.cl/Mediciones/datos/csv/d05b.csv
d05b,d05b,II Región de Antofagasta,-69.86,-24.98,2113.0,2020-06-30,9.358685185185184,74.1675925925926,13.782013888888889,21.897222222222222,,,http://walker.dgf.uchile.cl/Mediciones/datos/csv/d05b.csv
d05b,d05b,II Región de Antofagasta,-69.86,-24.98,2113.0,2020-07-31,6.728400537634409,95.36043906810036,13.66187275985663,10.908826164874553,,,http://walker.dgf.uchile.cl/Mediciones/datos/csv/d05b.csv
d05b,d05b,II Región de Antofagasta,-69.86,-24.98,2113.0,2020-08-31,8.889829749103942,84.96034946236558,13.473409498207886,16.004928315412187,,,http://walker.dgf.uchile.cl/Mediciones/datos/csv/d05b.csv
d05b,d05b,II Región de Antofagasta,-69.86,-24.98,2113.0,2020-09-30,8.03550462962963,96.89421296296297,15.584467592592592,13.67986111111111,,,http://walker.dgf.uchile.cl/Mediciones/datos/csv/d05b.csv
d05b,d05b,II Región de Antofagasta,-69.86,-24.98,2113.0,2020-10-31,6.965257616487455,123.67249103942652,17.988328853046593,13.923387096774194,,,http://walker.dgf.uchile.cl/Mediciones/datos/csv/d05b.csv
d05b,d05b,II Región de Antofagasta,-69.86,-24.98,2113.0,2020-11-30,7.777613425925926,108.00856481481482,16.984953703703702,14.11111111111111,,,http://walker.dgf.uchile.cl/Mediciones/datos/csv/d05b.csv
d05b,d05b,II Región de Antofagasta,-69.86,-24.98,2113.0,2020-12-31,7.669159946236559,120.84856630824373,17.630421146953406,23.47267025089606,,,http://walker.dgf.uchile.cl/Mediciones/datos/csv/d05b.csv
d05b,d05b,II Región de Antofagasta,-69.86,-24.98,2113.0,2021-01-31,6.858624551971326,129.03539426523298,17.66379928315412,28.39493727598566,,,http://walker.dgf.uchile.cl/Mediciones/datos/csv/d05b.csv
d05b,d05b,II Región de Antofagasta,-69.86,-24.98,2113.0,2021-02-28,8.37984623015873,104.14583333333333,17.940079365079363,31.715029761904763,,,http://walker.dgf.uchile.cl/Mediciones/datos/csv/d05b.csv
d05b,d05b,II Región de Antofagasta,-69.86,-24.98,2113.0,2021-03-31,8.10760976702509,100.40008960573476,17.015389784946237,34.58579749103943,,,http://walker.dgf.uchile.cl/Mediciones/datos/csv/d05b.csv
d05b,d05b,II Región de Antofagasta,-69.86,-24.98,2113.0,2021-04-30,8.73130787037037,77.08634259259259,16.13613425925926,24.286342592592593,,,http://walker.dgf.uchile.cl/Mediciones/datos/csv/d05b.csv
d05b,d05b,II Región de Antofagasta,-69.86,-24.98,2113.0,2021-05-31,8.528969534050178,80.22715053763442,15.448319892473119,21.41084229390681,,,http://walker.dgf.uchile.cl/Mediciones/datos/csv/d05b.csv
d05b,d05b,II Región de Antofagasta,-69.86,-24.98,2113.0,2021-06-30,9.266358796296297,74.15023148148148,13.663078703703704,18.461342592592594,,,http://walker.dgf.uchile.cl/Mediciones/datos/csv/d05b.csv
d05b,d05b,II Región de Antofagasta,-69.86,-24.98,2113.0,2021-07-31,7.600907258064516,87.01971326164875,14.763172043010753,12.919578853046595,,,http://walker.dgf.uchile.cl/Mediciones/datos/csv/d05b.csv
d05b,d05b,II Región de Antofagasta,-69.86,-24.98,2113.0,2021-08-31,9.433622311827957,79.65613799283155,14.035327060931898,17.037186379928315,,,http://walker.dgf.uchile.cl/Mediciones/datos/csv/d05b.csv
d05b,d05b,II Región de Antofagasta,-69.86,-24.98,2113.0,2021-09-30,8.262206018518519,98.53125,15.877685185185186,12.016203703703704,,,http://walker.dgf.uchile.cl/Mediciones/datos/csv/d05b.csv
d05b,d05b,II Región de Antofagasta,-69.86,-24.98,2113.0,2021-10-31,8.95929435483871,97.63664874551971,16.041375448028674,13.065636200716845,,,http://walker.dgf.uchile.cl/Mediciones/datos/csv/d05b.csv
d05b,d05b,II Región de Antofagasta,-69.86,-24.98,2113.0,2021-11-30,8.217803240740741,104.83680555555556,16.962152777777778,12.822916666666666,,,http://walker.dgf.uchile.cl/Mediciones/datos/csv/d05b.csv
d06,d06,II Región de Antofagasta,-69.57,-25.18,2484.0,2009-07-31,10.84224924012158,87.81372123317412,10.086170212765957,15.525835866261398,,,http://walker.dgf.uchile.cl/Mediciones/datos/csv/d06.csv
d06,d06,II Región de Antofagasta,-69.57,-25.18,2484.0,2009-08-31,7.90318100358423,119.10909498207886,13.245385304659498,8.558019713261649,,,http://walker.dgf.uchile.cl/Mediciones/datos/csv/d06.csv
d06,d06,II Región de Antofagasta,-69.57,-25.18,2484.0,2009-09-30,9.659166666666666,116.33425925925926,12.71525462962963,8.539583333333333,,,http://walker.dgf.uchile.cl/Mediciones/datos/csv/d06.csv
d06,d06,II Región de Antofagasta,-69.57,-25.18,2484.0,2009-10-31,7.7313396057347665,133.42674731182797,15.649708781362008,11.090277777777779,,,http://walker.dgf.uchile.cl/Mediciones/datos/csv/d06.csv
d06,d06,II Región de Antofagasta,-69.57,-25.18,2484.0,2009-11-30,5.93712962962963,150.81203703703704,16.893703703703704,19.385185185185186,,,http://walker.dgf.uchile.cl/Mediciones/datos/csv/d06.csv
d06,d06,II Región de Antofagasta,-69.57,-25.18,2484.0,2009-12-31,6.068597491448118,148.38152793614594,16.842246294184722,21.05404789053592,,,http://walker.dgf.uchile.cl/Mediciones/datos/csv/d06.csv
d06,d06,II Región de Antofagasta,-69.57,-25.18,2484.0,2010-01-31,6.245945340501793,148.2410394265233,17.287186379928315,25.351702508960575,,,http://walker.dgf.uchile.cl/Mediciones/datos/csv/d06.csv
d06,d06,II Región de Antofagasta,-69.57,-25.18,2484.0,2010-02-28,6.612276785714286,143.26240079365078,17.971180555555556,30.471478174603174,,,http://walker.dgf.uchile.cl/Mediciones/datos/csv/d06.csv
d06,d06,II Región de Antofagasta,-69.57,-25.18,2484.0,2010-03-31,5.87078853046595,139.07997311827958,17.560685483870966,22.25201612903226,,,http://walker.dgf.uchile.cl/Mediciones/datos/csv/d06.csv
d06,d06,II Región de Antofagasta,-69.57,-25.18,2484.0,2010-04-30,7.137824074074074,129.51666666666668,15.724629629629629,18.054861111111112,,,http://walker.dgf.uchile.cl/Mediciones/datos/csv/d06.csv
d06,d06,II Región de Antofagasta,-69.57,-25.18,2484.0,2010-05-31,11.300515232974911,79.50268817204301,12.540277777777778,24.3418458781362,,,http://walker.dgf.uchile.cl/Mediciones/datos/csv/d06.csv
d06,d06,II Región de Antofagasta,-69.57,-25.18,2484.0,2010-06-30,10.735492457852706,76.75377107364685,12.088819875776398,12.52617568766637,,,http://walker.dgf.uchile.cl/Mediciones/datos/csv/d06.csv
d08,d08,II Región de Atacama,-70.13,-24.98,2187.0,2013-01-31,6.15773016792125,135.45512449334106,,0.0,,0.0,http://walker.dgf.uchile.cl/Mediciones/datos/csv/d08.csv
d08,d08,II Región de Atacama,-70.13,-24.98,2187.0,2013-02-28,6.712127976190476,123.32167658730158,,0.0,,0.0,http://walker.dgf.uchile.cl/Mediciones/datos/csv/d08.csv
d08,d08,II Región de Atacama,-70.13,-24.98,2187.0,2013-03-31,6.023767921146953,126.80062724014337,,0.0,,0.0,http://walker.dgf.uchile.cl/Mediciones/datos/csv/d08.csv
d08,d08,II Región de Atacama,-70.13,-24.98,2187.0,2013-04-30,6.02849537037037,129.2275462962963,,0.0,,0.0,http://walker.dgf.uchile.cl/Mediciones/datos/csv/d08.csv
d08,d08,II Región de Atacama,-70.13,-24.98,2187.0,2013-05-31,7.5545922939068095,111.60775089605735,,0.0,,0.0,http://walker.dgf.uchile.cl/Mediciones/datos/csv/d08.csv
d08,d08,II Región de Atacama,-70.13,-24.98,2187.0,2013-06-30,7.06599537037037,114.64074074074074,,0.0,,0.0,http://walker.dgf.uchile.cl/Mediciones/datos/csv/d08.csv
d08,d08,II Región de Atacama,-70.13,-24.98,2187.0,2013-07-31,7.336245519713262,108.91980286738351,,0.0,,0.0,http://walker.dgf.uchile.cl/Mediciones/datos/csv/d08.csv
d08,d08,II Región de Atacama,-70.13,-24.98,2187.0,2013-08-31,5.895071684587814,127.87791218637993,,0.0,,0.0,http://walker.dgf.uchile.cl/Mediciones/datos/csv/d08.csv
d08,d08,II Región de Atacama,-70.13,-24.98,2187.0,2013-09-30,6.583356481481482,150.96435185185186,,0.0,,0.0,http://walker.dgf.uchile.cl/Mediciones/datos/csv/d08.csv
d08,d08,II Región de Atacama,-70.13,-24.98,2187.0,2013-10-31,6.697603046594982,122.69713261648745,,0.0,,0.0,http://walker.dgf.uchile.cl/Mediciones/datos/csv/d08.csv
d08,d08,II Región de Atacama,-70.13,-24.98,2187.0,2013-11-30,6.657500000000001,137.31967592592594,,0.0,,0.0,http://walker.dgf.uchile.cl/Mediciones/datos/csv/d08.csv
d08,d08,II Región de Atacama,-70.13,-24.98,2187.0,2013-12-31,6.8625,113.86984767025089,,0.0,,0.0,http://walker.dgf.uchile.cl/Mediciones/datos/csv/d08.csv
d08,d08,II Región de Atacama,-70.13,-24.98,2187.0,2014-01-31,6.987813620071684,111.97446236559139,,0.0,,0.0,http://walker.dgf.uchile.cl/Mediciones/datos/csv/d08.csv
d08,d08,II Región de Atacama,-70.13,-24.98,2187.0,2014-02-28,6.495560515873016,118.68923611111111,,0.0,,0.0,http://walker.dgf.uchile.cl/Mediciones/datos/csv/d08.csv
d08,d08,II Región de Atacama,-70.13,-24.98,2187.0,2014-03-31,6.887410394265233,110.459229390681,,0.0,,0.0,http://walker.dgf.uchile.cl/Mediciones/datos/csv/d08.csv
d08,d08,II Región de Atacama,-70.13,-24.98,2187.0,2014-04-30,6.484120370370371,115.06412037037038,,0.0,,0.0,http://walker.dgf.uchile.cl/Mediciones/datos/csv/d08.csv
d08,d08,II Región de Atacama,-70.13,-24.98,2187.0,2014-05-31,7.866129032258065,92.17585125448029,,0.0,,0.0,http://walker.dgf.uchile.cl/Mediciones/datos/csv/d08.csv
d08,d08,II Región de Atacama,-70.13,-24.98,2187.0,2014-06-30,7.80699074074074,112.1162037037037,,0.0,,0.0,http://walker.dgf.uchile.cl/Mediciones/datos/csv/d08.csv
d08,d08,II Región de Atacama,-70.13,-24.98,2187.0,2014-07-31,7.228270609318996,93.74574372759857,,0.0,,0.0,http://walker.dgf.uchile.cl/Mediciones/datos/csv/d08.csv
d08,d08,II Región de Atacama,-70.13,-24.98,2187.0,2014-08-31,6.460976702508961,132.12051971326164,,0.0,,0.0,http://walker.dgf.uchile.cl/Mediciones/datos/csv/d08.csv
d08,d08,II Región de Atacama,-70.13,-24.98,2187.0,2014-09-30,8.887152777777779,120.14074074074074,,0.0,,0.0,http://walker.dgf.uchile.cl/Mediciones/datos/csv/d08.csv
d08,d08,II Región de Atacama,-70.13,-24.98,2187.0,2014-10-31,6.07116935483871,149.48633512544802,,0.0,,0.0,http://walker.dgf.uchile.cl/Mediciones/datos/csv/d08.csv
d08,d08,II Región de Atacama,-70.13,-24.98,2187.0,2014-11-30,6.348032407407407,139.74675925925925,,0.0,,0.0,http://walker.dgf.uchile.cl/Mediciones/datos/csv/d08.csv
d08,d08,II Región de Atacama,-70.13,-24.98,2187.0,2014-12-31,6.509072580645161,119.90860215053763,,0.0,,0.0,http://walker.dgf.uchile.cl/Mediciones/datos/csv/d08.csv
d08,d08,II Región de Atacama,-70.13,-24.98,2187.0,2015-01-31,6.474462365591398,131.25358422939067,,0.0,,0.0,http://walker.dgf.uchile.cl/Mediciones/datos/csv/d08.csv
d08,d08,II Región de Atacama,-70.13,-24.98,2187.0,2015-02-28,7.3494295634920634,111.44295634920636,,0.0,,0.0,http://walker.dgf.uchile.cl/Mediciones/datos/csv/d08.csv
d08,d08,II Región de Atacama,-70.13,-24.98,2187.0,2015-03-31,7.269086021505377,110.37410394265233,,0.0,,0.0,http://walker.dgf.uchile.cl/Mediciones/datos/csv/d08.csv
d08,d08,II Región de Atacama,-70.13,-24.98,2187.0,2015-04-30,5.579767126997022,116.67641483888437,,0.0,,0.0,http://walker.dgf.uchile.cl/Mediciones/datos/csv/d08.csv
d08,d08,II Región de Atacama,-70.13,-24.98,2187.0,2015-05-31,6.835862455197133,106.75806451612904,,0.0,,0.0,http://walker.dgf.uchile.cl/Mediciones/datos/csv/d08.csv
d08,d08,II Región de Atacama,-70.13,-24.98,2187.0,2015-06-30,4.997719907407408,146.34027777777777,,0.0,,0.0,http://walker.dgf.uchile.cl/Mediciones/datos/csv/d08.csv
d08,d08,II Región de Atacama,-70.13,-24.98,2187.0,2015-07-31,6.085468189964158,121.46527777777777,,0.0,,0.0,http://walker.dgf.uchile.cl/Mediciones/datos/csv/d08.csv
d08,d08,II Región de Atacama,-70.13,-24.98,2187.0,2015-08-31,8.096076349672465,142.40704766207364,,0.0,,0.0,http://walker.dgf.uchile.cl/Mediciones/datos/csv/d08.csv
d08,d08,II Región de Atacama,-70.13,-24.98,2187.0,2015-09-30,6.837625,155.2699074074074,,0.0,,0.0,http://walker.dgf.uchile.cl/Mediciones/datos/csv/d08.csv
d08,d08,II Región de Atacama,-70.13,-24.98,2187.0,2015-10-31,7.892930107526882,141.97132616487454,,0.0,,0.0,http://walker.dgf.uchile.cl/Mediciones/datos/csv/d08.csv
d08,d08,II Región de Atacama,-70.13,-24.98,2187.0,2015-11-30,8.069664351851852,131.56365740740742,,0.0,,0.0,http://walker.dgf.uchile.cl/Mediciones/datos/csv/d08.csv
d08,d08,II Región de Atacama,-70.13,-24.98,2187.0,2015-12-31,6.829876792114695,135.3340053763441,,0.0,,0.0,http://walker.dgf.uchile.cl/Mediciones/datos/csv/d08.csv
d08,d08,II Región de Atacama,-70.13,-24.98,2187.0,2016-01-31,6.926509856630824,118.74059139784946,,0.0,,0.0,http://walker.dgf.uchile.cl/Mediciones/datos/csv/d08.csv
d08,d08,II Región de Atacama,-70.13,-24.98,2187.0,2016-02-29,6.4096264367816085,120.996408045977,,0.0,,0.0,http://walker.dgf.uchile.cl/Mediciones/datos/csv/d08.csv
d08,d08,II Región de Atacama,-70.13,-24.98,2187.0,2016-03-31,6.717524641577061,115.13866487455198,,0.0,,0.0,http://walker.dgf.uchile.cl/Mediciones/datos/csv/d08.csv
d08,d08,II Región de Atacama,-70.13,-24.98,2187.0,2016-04-30,7.481053240740741,107.4162037037037,,0.0,,0.0,http://walker.dgf.uchile.cl/Mediciones/datos/csv/d08.csv
d08,d08,II Región de Atacama,-70.13,-24.98,2187.0,2016-05-31,8.338228046594981,104.46975806451613,,0.0,,0.0,http://walker.dgf.uchile.cl/Mediciones/datos/csv/d08.csv
d08,d08,II Región de Atacama,-70.13,-24.98,2187.0,2016-06-30,8.349104166666667,100.38541666666667,,0.0,,0.0,http://walker.dgf.uchile.cl/Mediciones/datos/csv/d08.csv
d08,d08,II Región de Atacama,-70.13,-24.98,2187.0,2016-07-31,7.575799680584075,112.62400182523386,12.669174382716049,7.700205338809035,,0.0,http://walker.dgf.uchile.cl/Mediciones/datos/csv/d08.csv
d08,d08,II Región de Atacama,-70.13,-24.98,2187.0,2016-08-31,5.383763440860215,136.6686827956989,13.543794802867383,13.075044802867383,,,http://walker.dgf.uchile.cl/Mediciones/datos/csv/d08.csv
d08,d08,II Región de Atacama,-70.13,-24.98,2187.0,2016-09-30,5.3647986111111114,134.17060185185184,15.356874999999999,12.626851851851852,,,http://walker.dgf.uchile.cl/Mediciones/datos/csv/d08.csv
d08,d08,II Región de Atacama,-70.13,-24.98,2187.0,2016-10-31,6.356133512544803,146.6480734767025,15.118145161290322,13.585125448028673,,,http://walker.dgf.uchile.cl/Mediciones/datos/csv/d08.csv
d08,d08,II Región de Atacama,-70.13,-24.98,2187.0,2016-11-30,7.206636574074074,117.11921296296296,15.72337962962963,17.009953703703705,,,http://walker.dgf.uchile.cl/Mediciones/datos/csv/d08.csv
d08,d08,II Región de Atacama,-70.13,-24.98,2187.0,2016-12-31,7.537352150537634,107.37701612903226,16.081429211469533,24.781810035842295,,,http://walker.dgf.uchile.cl/Mediciones/datos/csv/d08.csv
d08,d08,II Región de Atacama,-70.13,-24.98,2187.0,2017-01-31,6.4742921146953405,118.18660394265233,17.32791218637993,42.97670250896057,,,http://walker.dgf.uchile.cl/Mediciones/datos/csv/d08.csv
d08,d08,II Región de Atacama,-70.13,-24.98,2187.0,2017-02-28,6.5861954365079365,119.54637896825396,16.440525793650792,41.97519841269841,,,http://walker.dgf.uchile.cl/Mediciones/datos/csv/d08.csv
d08,d08,II Región de Atacama,-70.13,-24.98,2187.0,2017-03-31,5.85880152329749,126.54009856630825,16.182930107526882,39.20743727598566,,,http://walker.dgf.uchile.cl/Mediciones/datos/csv/d08.csv
d08,d08,II Región de Atacama,-70.13,-24.98,2187.0,2017-04-30,6.4909537037037035,111.2724537037037,14.55162037037037,29.630787037037038,,,http://walker.dgf.uchile.cl/Mediciones/datos/csv/d08.csv
d08,d08,II Región de Atacama,-70.13,-24.98,2187.0,2017-05-31,11.707818100358422,79.41935483870968,11.669735663082436,32.3953853046595,,,http://walker.dgf.uchile.cl/Mediciones/datos/csv/d08.csv
d08,d08,II Región de Atacama,-70.13,-24.98,2187.0,2017-06-30,10.153430555555556,76.41412037037037,11.701944444444445,26.73912037037037,,,http://walker.dgf.uchile.cl/Mediciones/datos/csv/d08.csv
d08,d08,II Región de Atacama,-70.13,-24.98,2187.0,2017-07-31,6.803409498207885,112.04726702508961,13.985237455197133,12.649193548387096,,,http://walker.dgf.uchile.cl/Mediciones/datos/csv/d08.csv
d08,d08,II Región de Atacama,-70.13,-24.98,2187.0,2017-08-31,6.911189516129032,117.00089605734767,12.069422043010753,14.810931899641577,,,http://walker.dgf.uchile.cl/Mediciones/datos/csv/d08.csv
d08,d08,II Región de Atacama,-70.13,-24.98,2187.0,2017-09-30,7.495111111111111,116.93125,14.15550925925926,15.360648148148147,,,http://walker.dgf.uchile.cl/Mediciones/datos/csv/d08.csv
d08,d08,II Región de Atacama,-70.13,-24.98,2187.0,2017-10-31,6.1992450716845875,146.288082437276,14.962836021505378,10.37768817204301,,,http://walker.dgf.uchile.cl/Mediciones/datos/csv/d08.csv
d08,d08,II Región de Atacama,-70.13,-24.98,2187.0,2017-11-30,6.346736111111111,129.14097222222222,15.727777777777778,18.416666666666668,,,http://walker.dgf.uchile.cl/Mediciones/datos/csv/d08.csv
d08,d08,II Región de Atacama,-70.13,-24.98,2187.0,2017-12-31,7.058920250896057,112.853270609319,16.680264336917563,18.188844086021504,,,http://walker.dgf.uchile.cl/Mediciones/datos/csv/d08.csv
d08,d08,II Región de Atacama,-70.13,-24.98,2187.0,2018-01-31,6.3905958781362004,139.95878136200716,16.50777329749104,25.97267025089606,,,http://walker.dgf.uchile.cl/Mediciones/datos/csv/d08.csv
d08,d08,II Región de Atacama,-70.13,-24.98,2187.0,2018-02-28,6.843549107142857,113.38616071428571,16.016765873015874,42.55605158730159,,,http://walker.dgf.uchile.cl/Mediciones/datos/csv/d08.csv
d08,d08,II Región de Atacama,-70.13,-24.98,2187.0,2018-03-31,6.120833333333334,121.16913082437276,16.258378136200715,27.750672043010752,,,http://walker.dgf.uchile.cl/Mediciones/datos/csv/d08.csv
d08,d08,II Región de Atacama,-70.13,-24.98,2187.0,2018-04-30,5.67899537037037,114.17013888888889,15.507546296296297,33.503935185185185,,,http://walker.dgf.uchile.cl/Mediciones/datos/csv/d08.csv
d08,d08,II Región de Atacama,-70.13,-24.98,2187.0,2018-05-31,6.691984767025089,104.42405913978494,13.84948476702509,17.238351254480285,,,http://walker.dgf.uchile.cl/Mediciones/datos/csv/d08.csv
d08,d08,II Región de Atacama,-70.13,-24.98,2187.0,2018-06-30,8.036884259259258,102.95138888888889,11.518796296296296,18.555324074074075,,,http://walker.dgf.uchile.cl/Mediciones/datos/csv/d08.csv
d08,d08,II Región de Atacama,-70.13,-24.98,2187.0,2018-07-31,9.110660842293907,114.68772401433692,12.276568100358423,22.21057347670251,,,http://walker.dgf.uchile.cl/Mediciones/datos/csv/d08.csv
d08,d08,II Región de Atacama,-70.13,-24.98,2187.0,2018-08-31,6.172495519713261,124.15591397849462,13.659453405017922,13.06899641577061,,,http://walker.dgf.uchile.cl/Mediciones/datos/csv/d08.csv
d08,d08,II Región de Atacama,-70.13,-24.98,2187.0,2018-09-30,5.619071759259259,147.20185185185184,14.718333333333332,10.972453703703703,,,http://walker.dgf.uchile.cl/Mediciones/datos/csv/d08.csv
d08,d08,II Región de Atacama,-70.13,-24.98,2187.0,2018-10-31,5.267741935483871,170.2562724014337,15.60239695340502,15.991935483870968,,,http://walker.dgf.uchile.cl/Mediciones/datos/csv/d08.csv
d08,d08,II Región de Atacama,-70.13,-24.98,2187.0,2018-11-30,5.533659722222223,152.02939814814815,16.498425925925925,17.853703703703705,,,http://walker.dgf.uchile.cl/Mediciones/datos/csv/d08.csv
d08,d08,II Región de Atacama,-70.13,-24.98,2187.0,2018-12-31,6.749625896057348,129.84318996415772,16.873118279569894,15.49910394265233,,,http://walker.dgf.uchile.cl/Mediciones/datos/csv/d08.csv
d08,d08,II Región de Atacama,-70.13,-24.98,2187.0,2019-01-31,6.959415322580646,113.81944444444444,17.429189068100357,33.06025985663082,,,http://walker.dgf.uchile.cl/Mediciones/datos/csv/d08.csv
d08,d08,II Región de Atacama,-70.13,-24.98,2187.0,2019-02-28,6.3342857142857145,127.95535714285714,17.778893849206348,37.12872023809524,,,http://walker.dgf.uchile.cl/Mediciones/datos/csv/d08.csv
d08,d08,II Región de Atacama,-70.13,-24.98,2187.0,2019-03-31,6.365414426523297,112.9361559139785,16.796527777777776,26.0790770609319,,,http://walker.dgf.uchile.cl/Mediciones/datos/csv/d08.csv
d08,d08,II Región de Atacama,-70.13,-24.98,2187.0,2019-04-30,7.119363425925926,94.60717592592593,15.116412037037037,27.568981481481483,,,http://walker.dgf.uchile.cl/Mediciones/datos/csv/d08.csv
d08,d08,II Región de Atacama,-70.13,-24.98,2187.0,2019-05-31,8.021092265943011,108.2860696517413,12.980642243328811,21.629353233830845,,0.0,http://walker.dgf.uchile.cl/Mediciones/datos/csv/d08.csv
d08,d08,II Región de Atacama,-70.13,-24.98,2187.0,2019-06-30,7.536599537037037,132.15694444444443,13.631388888888889,14.20300925925926,,0.0,http://walker.dgf.uchile.cl/Mediciones/datos/csv/d08.csv
d08,d08,II Región de Atacama,-70.13,-24.98,2187.0,2019-07-31,6.8824126344086025,115.87925627240143,12.720026881720429,15.550627240143369,,0.0,http://walker.dgf.uchile.cl/Mediciones/datos/csv/d08.csv
d08,d08,II Región de Atacama,-70.13,-24.98,2187.0,2019-08-31,5.247448476702509,142.6877240143369,14.695094086021504,8.948924731182796,,0.0,http://walker.dgf.uchile.cl/Mediciones/datos/csv/d08.csv
d08,d08,II Región de Atacama,-70.13,-24.98,2187.0,2019-09-30,9.529689814814816,113.01736111111111,13.661967592592593,14.28425925925926,,0.0,http://walker.dgf.uchile.cl/Mediciones/datos/csv/d08.csv
d08,d08,II Región de Atacama,-70.13,-24.98,2187.0,2019-10-31,7.572374551971326,139.86760752688173,14.805197132616486,15.542562724014337,,0.0,http://walker.dgf.uchile.cl/Mediciones/datos/csv/d08.csv
d08,d08,II Región de Atacama,-70.13,-24.98,2187.0,2019-11-30,6.299416666666667,124.02152777777778,17.08277777777778,18.293518518518518,,0.0,http://walker.dgf.uchile.cl/Mediciones/datos/csv/d08.csv
d08,d08,II Región de Atacama,-70.13,-24.98,2187.0,2019-12-31,6.3147020609319,131.1021505376344,17.075873655913977,18.81070788530466,,0.0,http://walker.dgf.uchile.cl/Mediciones/datos/csv/d08.csv
d08,d08,II Región de Atacama,-70.13,-24.98,2187.0,2020-01-31,6.948635752688172,121.89336917562724,17.61415770609319,36.21370967741935,,0.0,http://walker.dgf.uchile.cl/Mediciones/datos/csv/d08.csv
d08,d08,II Región de Atacama,-70.13,-24.98,2187.0,2020-02-29,6.380938697318007,126.12835249042146,17.570043103448278,33.09051724137931,,0.0,http://walker.dgf.uchile.cl/Mediciones/datos/csv/d08.csv
d08,d08,II Región de Atacama,-70.13,-24.98,2187.0,2020-03-31,5.723559587813621,139.28024193548387,16.937544802867382,30.575940860215052,,0.0,http://walker.dgf.uchile.cl/Mediciones/datos/csv/d08.csv
d08,d08,II Región de Atacama,-70.13,-24.98,2187.0,2020-04-30,6.0916805555555555,114.76087962962963,16.324074074074073,28.07662037037037,,0.0,http://walker.dgf.uchile.cl/Mediciones/datos/csv/d08.csv
d08,d08,II Región de Atacama,-70.13,-24.98,2187.0,2020-05-31,6.969045698924731,90.45698924731182,15.101612903225808,17.22894265232975,,0.0,http://walker.dgf.uchile.cl/Mediciones/datos/csv/d08.csv
d08,d08,II Región de Atacama,-70.13,-24.98,2187.0,2020-06-30,8.242671296296296,123.34976851851852,11.786851851851852,23.802083333333332,,0.0,http://walker.dgf.uchile.cl/Mediciones/datos/csv/d08.csv
d08,d08,II Región de Atacama,-70.13,-24.98,2187.0,2020-07-31,5.466048387096774,130.3469982078853,12.190277777777778,10.916890681003585,,0.0,http://walker.dgf.uchile.cl/Mediciones/datos/csv/d08.csv
d08,d08,II Región de Atacama,-70.13,-24.98,2187.0,2020-08-31,7.93902329749104,130.81474014336916,11.953270609318997,14.757168458781361,,0.0,http://walker.dgf.uchile.cl/Mediciones/datos/csv/d08.csv
d08,d08,II Región de Atacama,-70.13,-24.98,2187.0,2020-09-30,6.94574537037037,126.91296296296296,13.843773148148149,14.286805555555556,,0.0,http://walker.dgf.uchile.cl/Mediciones/datos/csv/d08.csv
d08,d08,II Región de Atacama,-70.13,-24.98,2187.0,2020-10-31,6.340096326164875,142.144041218638,16.43075716845878,12.93391577060932,,0.0,http://walker.dgf.uchile.cl/Mediciones/datos/csv/d08.csv
d08,d08,II Región de Atacama,-70.13,-24.98,2187.0,2020-11-30,6.844766203703704,125.57615740740741,15.52263888888889,13.752314814814815,,0.0,http://walker.dgf.uchile.cl/Mediciones/datos/csv/d08.csv
d08,d08,II Región de Atacama,-70.13,-24.98,2187.0,2020-12-31,6.892793458781362,116.48006272401433,16.223387096774193,23.488799283154123,,0.0,http://walker.dgf.uchile.cl/Mediciones/datos/csv/d08.csv
d08,d08,II Región de Atacama,-70.13,-24.98,2187.0,2021-01-31,6.225082885304659,135.71818996415772,16.29556451612903,27.530465949820787,,0.0,http://walker.dgf.uchile.cl/Mediciones/datos/csv/d08.csv
d08,d08,II Región de Atacama,-70.13,-24.98,2187.0,2021-02-28,7.590386904761904,98.11111111111111,16.331770833333334,34.57564484126984,,0.0,http://walker.dgf.uchile.cl/Mediciones/datos/csv/d08.csv
d08,d08,II Región de Atacama,-70.13,-24.98,2187.0,2021-03-31,7.202847222222222,108.43458781362007,15.367764336917562,36.60215053763441,,0.0,http://walker.dgf.uchile.cl/Mediciones/datos/csv/d08.csv
d08,d08,II Región de Atacama,-70.13,-24.98,2187.0,2021-04-30,8.183840277777778,89.08726851851851,14.318842592592594,27.1,,0.0,http://walker.dgf.uchile.cl/Mediciones/datos/csv/d08.csv
d08,d08,II Región de Atacama,-70.13,-24.98,2187.0,2021-05-31,7.89535394265233,115.64874551971326,13.483736559139786,23.11312724014337,,0.0,http://walker.dgf.uchile.cl/Mediciones/datos/csv/d08.csv
d08,d08,II Región de Atacama,-70.13,-24.98,2187.0,2021-06-30,8.861171296296297,98.45856481481482,11.574560185185184,20.521527777777777,,0.0,http://walker.dgf.uchile.cl/Mediciones/datos/csv/d08.csv
d08,d08,II Región de Atacama,-70.13,-24.98,2187.0,2021-07-31,6.636332885304659,122.41666666666667,13.02703853046595,13.760752688172044,,0.0,http://walker.dgf.uchile.cl/Mediciones/datos/csv/d08.csv
d08,d08,II Región de Atacama,-70.13,-24.98,2187.0,2021-08-31,8.612972670250896,105.09789426523298,11.93407258064516,17.80421146953405,,0.0,http://walker.dgf.uchile.cl/Mediciones/datos/csv/d08.csv
d08,d08,II Región de Atacama,-70.13,-24.98,2187.0,2021-09-30,7.109201388888889,137.9525462962963,14.065555555555555,11.674537037037037,,0.0,http://walker.dgf.uchile.cl/Mediciones/datos/csv/d08.csv
d08,d08,II Región de Atacama,-70.13,-24.98,2187.0,2021-10-31,8.041843637992832,134.2515681003584,14.24144265232975,12.420250896057349,,0.0,http://walker.dgf.uchile.cl/Mediciones/datos/csv/d08.csv
d08,d08,II Región de Atacama,-70.13,-24.98,2187.0,2021-11-30,7.177538352607978,114.15860278498938,15.312166627330658,12.15506254425301,,0.0,http://walker.dgf.uchile.cl/Mediciones/datos/csv/d08.csv
d09,d09,II Región de Antofagasta,-70.0,-24.98,2103.0,2009-07-31,9.544359907376778,143.91730069467417,10.65112471055243,20.048312375909994,,,http://walker.dgf.uchile.cl/Mediciones/datos/csv/d09.csv
d09,d09,II Región de Antofagasta,-70.0,-24.98,2103.0,2009-08-31,7.0475582437275985,196.12679211469535,14.064493727598567,11.937948028673835,,,http://walker.dgf.uchile.cl/Mediciones/datos/csv/d09.csv
d09,d09,II Región de Antofagasta,-70.0,-24.98,2103.0,2009-09-30,8.585462962962962,166.24699074074073,13.386273148148147,9.581018518518519,,,http://walker.dgf.uchile.cl/Mediciones/datos/csv/d09.csv
d09,d09,II Región de Antofagasta,-70.0,-24.98,2103.0,2009-10-31,7.606877240143369,196.41263440860214,16.639852150537635,11.056675627240143,,,http://walker.dgf.uchile.cl/Mediciones/datos/csv/d09.csv
d09,d09,II Región de Antofagasta,-70.0,-24.98,2103.0,2009-11-30,6.524120370370371,211.03935185185185,17.785162037037036,18.9375,,,http://walker.dgf.uchile.cl/Mediciones/datos/csv/d09.csv
d09,d09,II Región de Antofagasta,-70.0,-24.98,2103.0,2009-12-31,6.9826451905626135,201.71483666061707,17.845281306715062,19.388611615245008,,,http://walker.dgf.uchile.cl/Mediciones/datos/csv/d09.csv
d09,d09,II Región de Antofagasta,-70.0,-24.98,2103.0,2010-01-31,7.076120071684588,199.7334229390681,18.240725806451614,22.771505376344088,,,http://walker.dgf.uchile.cl/Mediciones/datos/csv/d09.csv
d09,d09,II Región de Antofagasta,-70.0,-24.98,2103.0,2010-02-28,7.726488095238095,170.64608134920636,18.57559523809524,33.84052579365079,,,http://walker.dgf.uchile.cl/Mediciones/datos/csv/d09.csv
d09,d09,II Región de Antofagasta,-70.0,-24.98,2103.0,2010-03-31,6.9386648745519715,212.56742831541217,18.276344086021506,25.362903225806452,,,http://walker.dgf.uchile.cl/Mediciones/datos/csv/d09.csv
d09,d09,II Región de Antofagasta,-70.0,-24.98,2103.0,2010-04-30,6.67962962962963,197.06365740740742,16.560925925925925,21.721759259259258,,,http://walker.dgf.uchile.cl/Mediciones/datos/csv/d09.csv
d09,d09,II Región de Antofagasta,-70.0,-24.98,2103.0,2010-05-31,10.921617383512544,101.74663978494624,13.206362007168458,28.09117383512545,,,http://walker.dgf.uchile.cl/Mediciones/datos/csv/d09.csv
d09,d09,II Región de Antofagasta,-70.0,-24.98,2103.0,2010-06-30,9.411527777777778,132.4710648148148,12.439375,14.69537037037037,,,http://walker.dgf.uchile.cl/Mediciones/datos/csv/d09.csv
d09,d09,II Región de Antofagasta,-70.0,-24.98,2103.0,2010-07-31,8.967831541218638,126.76971326164875,9.865636200716846,14.430876092314586,,,http://walker.dgf.uchile.cl/Mediciones/datos/csv/d09.csv
d09,d09,II Región de Antofagasta,-70.0,-24.98,2103.0,2010-08-31,7.751635304659499,118.56832437275986,13.962096774193549,9.247983870967742,,,http://walker.dgf.uchile.cl/Mediciones/datos/csv/d09.csv
d09,d09,II Región de Antofagasta,-70.0,-24.98,2103.0,2010-09-30,8.143101851851851,147.60671296296297,13.833287037037037,13.030345147092888,,,http://walker.dgf.uchile.cl/Mediciones/datos/csv/d09.csv
d09,d09,II Región de Antofagasta,-70.0,-24.98,2103.0,2010-10-31,9.235371863799282,97.58310931899642,13.839404121863799,12.90636200716846,,,http://walker.dgf.uchile.cl/Mediciones/datos/csv/d09.csv
d09,d09,II Región de Antofagasta,-70.0,-24.98,2103.0,2010-11-30,8.060439814814815,131.1164351851852,15.126875,14.764351851851853,,,http://walker.dgf.uchile.cl/Mediciones/datos/csv/d09.csv
d09,d09,II Región de Antofagasta,-70.0,-24.98,2103.0,2010-12-31,7.89426523297491,109.64068100358423,15.125784050179211,20.899641577060933,,,http://walker.dgf.uchile.cl/Mediciones/datos/csv/d09.csv
d09,d09,II Región de Antofagasta,-70.0,-24.98,2103.0,2011-01-31,7.0640456989247316,145.46729390681003,15.950940860215054,27.62410394265233,,,http://walker.dgf.uchile.cl/Mediciones/datos/csv/d09.csv
d09,d09,II Región de Antofagasta,-70.0,-24.98,2103.0,2011-02-28,8.062276785714285,118.01140873015873,15.683556547619046,42.25545634920635,,,http://walker.dgf.uchile.cl/Mediciones/datos/csv/d09.csv
d09,d09,II Región de Antofagasta,-70.0,-24.98,2103.0,2011-03-31,7.323073476702509,122.24507168458781,14.692853942652329,26.091397849462364,,,http://walker.dgf.uchile.cl/Mediciones/datos/csv/d09.csv
d09,d09,II Región de Antofagasta,-70.0,-24.98,2103.0,2011-04-30,6.972222222222222,133.02800925925925,14.290532407407406,27.802777777777777,,,http://walker.dgf.uchile.cl/Mediciones/datos/csv/d09.csv
d09,d09,II Región de Antofagasta,-70.0,-24.98,2103.0,2011-05-31,7.401612903225807,113.03494623655914,14.149529569892474,15.204749103942651,,,http://walker.dgf.uchile.cl/Mediciones/datos/csv/d09.csv
d09,d09,II Región de Antofagasta,-70.0,-24.98,2103.0,2011-06-30,9.290949074074074,97.26342592592593,11.07900462962963,21.37587006960557,,,http://walker.dgf.uchile.cl/Mediciones/datos/csv/d09.csv
d09,d09,II Región de Antofagasta,-70.0,-24.98,2103.0,2011-07-31,10.035437881873726,70.60285132382892,10.59039375424304,25.934600588368408,,,http://walker.dgf.uchile.cl/Mediciones/datos/csv/d09.csv
d09,d09,II Región de Antofagasta,-70.0,-24.98,2103.0,2011-08-31,7.891532258064517,112.06048387096774,12.244847670250897,12.081093189964157,,,http://walker.dgf.uchile.cl/Mediciones/datos/csv/d09.csv
d09,d09,II Región de Antofagasta,-70.0,-24.98,2103.0,2011-09-30,5.739107981220657,152.01760563380282,15.040469483568076,9.06056338028169,,,http://walker.dgf.uchile.cl/Mediciones/datos/csv/d09.csv
d09,d09,II Región de Antofagasta,-70.0,-24.98,2103.0,2011-10-31,8.659856630824372,133.09318996415772,12.697625448028672,12.59475806451613,,,http://walker.dgf.uchile.cl/Mediciones/datos/csv/d09.csv
d09,d09,II Región de Antofagasta,-70.0,-24.98,2103.0,2011-11-30,7.009143518518519,248.4810185185185,14.460717592592593,14.926388888888889,,,http://walker.dgf.uchile.cl/Mediciones/datos/csv/d09.csv
d09,d09,II Región de Antofagasta,-70.0,-24.98,2103.0,2011-12-31,7.689829749103943,241.44914874551972,13.56594982078853,20.918458781362006,,,http://walker.dgf.uchile.cl/Mediciones/datos/csv/d09.csv
d09,d09,II Región de Antofagasta,-70.0,-24.98,2103.0,2012-01-31,7.3973566308243734,240.67047491039426,12.235170250896058,32.49910394265233,,,http://walker.dgf.uchile.cl/Mediciones/datos/csv/d09.csv
d09,d09,II Región de Antofagasta,-70.0,-24.98,2103.0,2012-02-29,7.087547892720306,243.38290229885058,12.232112068965519,39.65110153256705,,,http://walker.dgf.uchile.cl/Mediciones/datos/csv/d09.csv
d09,d09,II Región de Antofagasta,-70.0,-24.98,2103.0,2012-03-31,6.345833333333333,255.34162186379928,12.999148745519713,30.24820788530466,,,http://walker.dgf.uchile.cl/Mediciones/datos/csv/d09.csv
d09,d09,II Región de Antofagasta,-70.0,-24.98,2103.0,2012-04-30,8.054976851851851,236.00069444444443,9.204560185185185,38.5775462962963,,,http://walker.dgf.uchile.cl/Mediciones/datos/csv/d09.csv
d09,d09,II Región de Antofagasta,-70.0,-24.98,2103.0,2012-05-31,7.347782258064516,263.6064068100358,6.842495519713262,18.38687275985663,,,http://walker.dgf.uchile.cl/Mediciones/datos/csv/d09.csv
d09,d09,II Región de Antofagasta,-70.0,-24.98,2103.0,2012-06-30,7.135833333333333,260.0476851851852,6.4810185185185185,17.810185185185187,,,http://walker.dgf.uchile.cl/Mediciones/datos/csv/d09.csv
d09,d09,II Región de Antofagasta,-70.0,-24.98,2103.0,2012-07-31,7.297043010752688,271.14090501792117,6.24334229993275,11.59834229390681,,,http://walker.dgf.uchile.cl/Mediciones/datos/csv/d09.csv
d09,d09,II Región de Antofagasta,-70.0,-24.98,2103.0,2012-08-31,9.042159498207885,263.21258960573476,4.752655265526553,12.470654121863799,,,http://walker.dgf.uchile.cl/Mediciones/datos/csv/d09.csv
d09,d09,II Región de Antofagasta,-70.0,-24.98,2103.0,2012-09-30,8.36275462962963,249.71527777777777,5.089544564152791,11.419675925925926,,,http://walker.dgf.uchile.cl/Mediciones/datos/csv/d09.csv
d09,d09,II Región de Antofagasta,-70.0,-24.98,2103.0,2012-10-31,7.821818996415771,238.56370569762225,6.787686302342086,10.567876344086022,,,http://walker.dgf.uchile.cl/Mediciones/datos/csv/d09.csv
d09,d09,II Región de Antofagasta,-70.0,-24.98,2103.0,2012-11-30,7.448055555555555,201.66087962962962,4.769444444444445,11.278009259259258,,,http://walker.dgf.uchile.cl/Mediciones/datos/csv/d09.csv
d09,d09,II Región de Antofagasta,-70.0,-24.98,2103.0,2012-12-31,7.161872759856631,207.71572580645162,0.7546412556053811,22.168458781362006,,,http://walker.dgf.uchile.cl/Mediciones/datos/csv/d09.csv
d09,d09,II Región de Antofagasta,-70.0,-24.98,2103.0,2013-01-31,7.2103270609319,195.91353046594983,6.420659488559892,20.171594982078854,,,http://walker.dgf.uchile.cl/Mediciones/datos/csv/d09.csv
d09,d09,II Región de Antofagasta,-70.0,-24.98,2103.0,2013-02-28,7.282837301587302,203.61359126984127,6.634350198412698,37.348710317460316,,,http://walker.dgf.uchile.cl/Mediciones/datos/csv/d09.csv
d09,d09,II Región de Antofagasta,-70.0,-24.98,2103.0,2013-03-31,6.83328853046595,209.3839605734767,3.8001136880400184,23.761200716845877,,,http://walker.dgf.uchile.cl/Mediciones/datos/csv/d09.csv
d09,d09,II Región de Antofagasta,-70.0,-24.98,2103.0,2013-04-30,6.720347222222222,217.51550925925926,-0.17390670553935858,15.56412037037037,,,http://walker.dgf.uchile.cl/Mediciones/datos/csv/d09.csv
d09,d09,II Región de Antofagasta,-70.0,-24.98,2103.0,2013-05-31,8.061245519713262,186.91106630824373,-0.8397812033814023,21.796594982078854,,,http://walker.dgf.uchile.cl/Mediciones/datos/csv/d09.csv
d09,d09,II Región de Antofagasta,-70.0,-24.98,2103.0,2013-06-30,7.54886574074074,189.2064814814815,2.4721885913853314,19.4,,,http://walker.dgf.uchile.cl/Mediciones/datos/csv/d09.csv
d09,d09,II Región de Antofagasta,-70.0,-24.98,2103.0,2013-07-31,7.779368279569892,195.04637096774192,3.3901751893939394,14.654345878136201,,,http://walker.dgf.uchile.cl/Mediciones/datos/csv/d09.csv
d09,d09,II Región de Antofagasta,-70.0,-24.98,2103.0,2013-08-31,6.529323476702509,229.26030465949822,2.04306742640076,13.642631816133393,,,http://walker.dgf.uchile.cl/Mediciones/datos/csv/d09.csv
d09,d09,II Región de Antofagasta,-70.0,-24.98,2103.0,2013-09-30,7.208171296296296,214.27476851851853,7.785023148148149,13.299537037037037,,,http://walker.dgf.uchile.cl/Mediciones/datos/csv/d09.csv
d09,d09,II Región de Antofagasta,-70.0,-24.98,2103.0,2013-10-31,7.414964157706094,209.38956093189964,9.639583333333333,10.16913082437276,,,http://walker.dgf.uchile.cl/Mediciones/datos/csv/d09.csv
d09,d09,II Región de Antofagasta,-70.0,-24.98,2103.0,2013-11-30,7.25625,208.32060185185185,11.05425925925926,15.313194444444445,,,http://walker.dgf.uchile.cl/Mediciones/datos/csv/d09.csv
d09,d09,II Región de Antofagasta,-70.0,-24.98,2103.0,2013-12-31,7.707437275985663,193.9643817204301,6.586581541218638,20.18122759856631,,,http://walker.dgf.uchile.cl/Mediciones/datos/csv/d09.csv
d09,d09,II Región de Antofagasta,-70.0,-24.98,2103.0,2014-01-31,7.683109318996416,183.94534050179212,8.6474488623305,41.22334229390681,,,http://walker.dgf.uchile.cl/Mediciones/datos/csv/d09.csv
d09,d09,II Región de Antofagasta,-70.0,-24.98,2103.0,2014-02-28,7.142931547619048,204.42931547619048,-2.626409574468085,23.337549603174605,,,http://walker.dgf.uchile.cl/Mediciones/datos/csv/d09.csv
d09,d09,II Región de Antofagasta,-70.0,-24.98,2103.0,2014-03-31,7.462163978494623,192.5002240143369,-7.507923685115159,35.05062724014337,,,http://walker.dgf.uchile.cl/Mediciones/datos/csv/d09.csv
d09,d09,II Región de Antofagasta,-70.0,-24.98,2103.0,2014-04-30,7.017337962962963,218.7722222222222,-5.06729106628242,21.131481481481483,,,http://walker.dgf.uchile.cl/Mediciones/datos/csv/d09.csv
d09,d09,II Región de Antofagasta,-70.0,-24.98,2103.0,2014-05-31,8.723387096774193,168.47132616487454,5.285984937632384,23.942972608890884,,,http://walker.dgf.uchile.cl/Mediciones/datos/csv/d09.csv
d09,d09,II Región de Antofagasta,-70.0,-24.98,2103.0,2014-06-30,8.671620370370372,176.62685185185185,8.53341198678622,13.701620370370371,,,http://walker.dgf.uchile.cl/Mediciones/datos/csv/d09.csv
d09,d09,II Región de Antofagasta,-70.0,-24.98,2103.0,2014-07-31,7.950067204301075,205.1747311827957,7.895439624853459,10.51478494623656,,,http://walker.dgf.uchile.cl/Mediciones/datos/csv/d09.csv
d09,d09,II Región de Antofagasta,-70.0,-24.98,2103.0,2014-08-31,6.929345878136201,209.84162186379928,8.826031927023946,14.136424731182796,,,http://walker.dgf.uchile.cl/Mediciones/datos/csv/d09.csv
d09,d09,II Región de Antofagasta,-70.0,-24.98,2103.0,2014-09-30,9.182175925925925,171.77546296296296,4.789241447694596,16.300694444444446,,,http://walker.dgf.uchile.cl/Mediciones/datos/csv/d09.csv
d09,d09,II Región de Antofagasta,-70.0,-24.98,2103.0,2014-10-31,6.553337813620072,223.77732974910396,8.091984732824427,13.05421146953405,,,http://walker.dgf.uchile.cl/Mediciones/datos/csv/d09.csv
d09,d09,II Región de Antofagasta,-70.0,-24.98,2103.0,2014-11-30,6.942708333333333,207.85532407407408,7.500764525993884,14.67824074074074,,,http://walker.dgf.uchile.cl/Mediciones/datos/csv/d09.csv
d09,d09,II Región de Antofagasta,-70.0,-24.98,2103.0,2014-12-31,7.291241039426523,201.42674731182797,17.168167562724015,14.006048387096774,,,http://walker.dgf.uchile.cl/Mediciones/datos/csv/d09.csv
d09,d09,II Región de Antofagasta,-70.0,-24.98,2103.0,2015-01-31,7.066801075268818,210.06787634408602,18.420990143369178,18.982526881720432,,,http://walker.dgf.uchile.cl/Mediciones/datos/csv/d09.csv
d09,d09,II Región de Antofagasta,-70.0,-24.98,2103.0,2015-02-28,7.9943204365079366,176.95411706349208,17.491021825396825,43.07607882264904,,,http://walker.dgf.uchile.cl/Mediciones/datos/csv/d09.csv
d09,d09,II Región de Antofagasta,-70.0,-24.98,2103.0,2015-03-31,7.912701612903226,185.93324372759858,17.09413082437276,47.27105734767025,,,http://walker.dgf.uchile.cl/Mediciones/datos/csv/d09.csv
d09,d09,II Región de Antofagasta,-70.0,-24.98,2103.0,2015-04-30,6.228620042243605,224.74067120394272,17.548404130485803,22.17296409293593,,,http://walker.dgf.uchile.cl/Mediciones/datos/csv/d09.csv
d09,d09,II Región de Antofagasta,-70.0,-24.98,2103.0,2015-05-31,7.263732078853047,199.983646953405,15.01771953405018,21.219758064516128,,,http://walker.dgf.uchile.cl/Mediciones/datos/csv/d09.csv
d09,d09,II Región de Antofagasta,-70.0,-24.98,2103.0,2015-06-30,5.632212962962963,238.0099537037037,16.125949074074075,9.924537037037037,,,http://walker.dgf.uchile.cl/Mediciones/datos/csv/d09.csv
d09,d09,II Región de Antofagasta,-70.0,-24.98,2103.0,2015-07-31,6.751937724014337,211.83378136200716,12.384879032258064,17.02777777777778,,,http://walker.dgf.uchile.cl/Mediciones/datos/csv/d09.csv
d09,d09,II Región de Antofagasta,-70.0,-24.98,2103.0,2015-08-31,8.69740614334471,155.47440273037543,13.815005688282138,20.59613196814562,,,http://walker.dgf.uchile.cl/Mediciones/datos/csv/d09.csv
d09,d09,II Región de Antofagasta,-70.0,-24.98,2103.0,2015-09-30,6.932833333333333,228.425,15.424675925925927,13.839583333333334,,,http://walker.dgf.uchile.cl/Mediciones/datos/csv/d09.csv
d09,d09,II Región de Antofagasta,-70.0,-24.98,2103.0,2015-10-31,8.034148745519714,185.40255376344086,15.672379032258064,17.5828853046595,,,http://walker.dgf.uchile.cl/Mediciones/datos/csv/d09.csv
d09,d09,II Región de Antofagasta,-70.0,-24.98,2103.0,2015-11-30,8.535981481481482,170.73125,16.06638888888889,14.014120370370371,,,http://walker.dgf.uchile.cl/Mediciones/datos/csv/d09.csv
d09,d09,II Región de Antofagasta,-70.0,-24.98,2103.0,2015-12-31,7.368360215053763,197.32056451612902,18.61057347670251,11.67002688172043,,,http://walker.dgf.uchile.cl/Mediciones/datos/csv/d09.csv
d09,d09,II Región de Antofagasta,-70.0,-24.98,2103.0,2016-01-31,7.591971326164874,184.05376344086022,18.854390681003583,22.675851254480285,,,http://walker.dgf.uchile.cl/Mediciones/datos/csv/d09.csv
d09,d09,II Región de Antofagasta,-70.0,-24.98,2103.0,2016-02-29,7.080019157088122,210.9087643678161,19.086470306513412,32.43390804597701,,,http://walker.dgf.uchile.cl/Mediciones/datos/csv/d09.csv
d09,d09,II Región de Antofagasta,-70.0,-24.98,2103.0,2016-03-31,7.4062477598566305,186.6913082437276,18.331720430107527,30.68100358422939,,,http://walker.dgf.uchile.cl/Mediciones/datos/csv/d09.csv
d09,d09,II Región de Antofagasta,-70.0,-24.98,2103.0,2016-04-30,8.130365740740741,156.51087962962964,16.314953703703704,34.259027777777774,,,http://walker.dgf.uchile.cl/Mediciones/datos/csv/d09.csv
d09,d09,II Región de Antofagasta,-70.0,-24.98,2103.0,2016-05-31,8.803198924731184,148.328853046595,14.432706093189964,24.99977598566308,,,http://walker.dgf.uchile.cl/Mediciones/datos/csv/d09.csv
d09,d09,II Región de Antofagasta,-70.0,-24.98,2103.0,2016-06-30,8.834668981481482,160.2097222222222,12.584074074074074,23.575694444444444,,,http://walker.dgf.uchile.cl/Mediciones/datos/csv/d09.csv
d09,d09,II Región de Antofagasta,-70.0,-24.98,2103.0,2016-07-31,8.185515232974911,177.0230734767025,12.63250448028674,20.495295698924732,,,http://walker.dgf.uchile.cl/Mediciones/datos/csv/d09.csv
d09,d09,II Región de Antofagasta,-70.0,-24.98,2103.0,2016-08-31,5.8466129032258065,232.05667562724014,14.751568100358423,12.24081541218638,,,http://walker.dgf.uchile.cl/Mediciones/datos/csv/d09.csv
d09,d09,II Región de Antofagasta,-70.0,-24.98,2103.0,2016-09-30,5.955585648148149,242.53703703703704,16.44729166666667,12.618055555555555,,,http://walker.dgf.uchile.cl/Mediciones/datos/csv/d09.csv
d09,d09,II Región de Antofagasta,-70.0,-24.98,2103.0,2016-10-31,6.8623924731182795,206.76120071684588,16.037499999999998,13.88597670250896,,,http://walker.dgf.uchile.cl/Mediciones/datos/csv/d09.csv
d09,d09,II Región de Antofagasta,-70.0,-24.98,2103.0,2016-11-30,7.717736111111112,178.4037037037037,16.49375,17.009722222222223,,,http://walker.dgf.uchile.cl/Mediciones/datos/csv/d09.csv
d09,d09,II Región de Antofagasta,-70.0,-24.98,2103.0,2016-12-31,8.192181899641577,167.24507168458783,16.825246415770607,25.231406810035843,,,http://walker.dgf.uchile.cl/Mediciones/datos/csv/d09.csv
d09,d09,II Región de Antofagasta,-70.0,-24.98,2103.0,2017-01-31,7.214668458781362,196.6823476702509,18.122132616487455,42.88351254480287,,,http://walker.dgf.uchile.cl/Mediciones/datos/csv/d09.csv
d09,d09,II Región de Antofagasta,-70.0,-24.98,2103.0,2017-02-28,7.209424603174604,180.00694444444446,17.213492063492065,42.53174603174603,,,http://walker.dgf.uchile.cl/Mediciones/datos/csv/d09.csv
d09,d09,II Región de Antofagasta,-70.0,-24.98,2103.0,2017-03-31,6.523174283154122,208.54278673835125,17.272647849462366,38.85663082437276,,,http://walker.dgf.uchile.cl/Mediciones/datos/csv/d09.csv
d09,d09,II Región de Antofagasta,-70.0,-24.98,2103.0,2017-04-30,7.0653449074074075,196.26388888888889,15.540069444444446,29.606944444444444,,,http://walker.dgf.uchile.cl/Mediciones/datos/csv/d09.csv
d09,d09,II Región de Antofagasta,-70.0,-24.98,2103.0,2017-05-31,12.312273745519713,85.28248207885305,12.647020609318997,33.94108422939068,,,http://walker.dgf.uchile.cl/Mediciones/datos/csv/d09.csv
d09,d09,II Región de Antofagasta,-70.0,-24.98,2103.0,2017-06-30,10.445581018518519,130.55601851851853,12.652916666666666,26.999305555555555,,,http://walker.dgf.uchile.cl/Mediciones/datos/csv/d09.csv
d09,d09,II Región de Antofagasta,-70.0,-24.98,2103.0,2017-07-31,7.2246370967741935,198.684811827957,15.050560035842294,13.33266129032258,,,http://walker.dgf.uchile.cl/Mediciones/datos/csv/d09.csv
d09,d09,II Región de Antofagasta,-70.0,-24.98,2103.0,2017-08-31,7.517800179211469,198.50918458781362,12.90907258064516,15.65255376344086,,,http://walker.dgf.uchile.cl/Mediciones/datos/csv/d09.csv
d09,d09,II Región de Antofagasta,-70.0,-24.98,2103.0,2017-09-30,7.929972222222223,192.00185185185185,15.127893518518519,16.627083333333335,,,http://walker.dgf.uchile.cl/Mediciones/datos/csv/d09.csv
d09,d09,II Región de Antofagasta,-70.0,-24.98,2103.0,2017-10-31,6.6359274193548385,217.01142473118279,15.807123655913978,11.312051971326165,,,http://walker.dgf.uchile.cl/Mediciones/datos/csv/d09.csv
d09,d09,II Región de Antofagasta,-70.0,-24.98,2103.0,2017-11-30,7.0702337962962964,196.91226851851852,16.590995370370372,18.975925925925925,,,http://walker.dgf.uchile.cl/Mediciones/datos/csv/d09.csv
d09,d09,II Región de Antofagasta,-70.0,-24.98,2103.0,2017-12-31,7.719957437275985,192.9361559139785,17.375828853046595,19.391801075268816,,,http://walker.dgf.uchile.cl/Mediciones/datos/csv/d09.csv
d09,d09,II Región de Antofagasta,-70.0,-24.98,2103.0,2018-01-31,6.957345430107527,199.0192652329749,17.51151433691756,26.670698924731184,,,http://walker.dgf.uchile.cl/Mediciones/datos/csv/d09.csv
d09,d09,II Región de Antofagasta,-70.0,-24.98,2103.0,2018-02-28,7.485987103174603,195.91939484126985,16.8703125,43.23363095238095,,,http://walker.dgf.uchile.cl/Mediciones/datos/csv/d09.csv
d09,d09,II Región de Antofagasta,-70.0,-24.98,2103.0,2018-03-31,6.771805555555556,206.43951612903226,17.30456989247312,27.724910394265233,,,http://walker.dgf.uchile.cl/Mediciones/datos/csv/d09.csv
d09,d09,II Región de Antofagasta,-70.0,-24.98,2103.0,2018-04-30,6.282840277777778,221.80231481481482,16.651689814814816,33.180787037037035,,,http://walker.dgf.uchile.cl/Mediciones/datos/csv/d09.csv
d09,d09,II Región de Antofagasta,-70.0,-24.98,2103.0,2018-05-31,7.135620519713262,210.61447132616487,14.94605734767025,17.59722222222222,,,http://walker.dgf.uchile.cl/Mediciones/datos/csv/d09.csv
d09,d09,II Región de Antofagasta,-70.0,-24.98,2103.0,2018-06-30,8.595025462962964,179.83055555555555,12.659282407407407,18.83425925925926,,,http://walker.dgf.uchile.cl/Mediciones/datos/csv/d09.csv
d09,d09,II Región de Antofagasta,-70.0,-24.98,2103.0,2018-07-31,9.166099910394266,172.2323028673835,13.176612903225807,22.602374551971327,,,http://walker.dgf.uchile.cl/Mediciones/datos/csv/d09.csv
d09,d09,II Región de Antofagasta,-70.0,-24.98,2103.0,2018-08-31,6.528187724014337,223.07728494623655,14.696102150537634,13.11760752688172,,,http://walker.dgf.uchile.cl/Mediciones/datos/csv/d09.csv
d09,d09,II Región de Antofagasta,-70.0,-24.98,2103.0,2018-09-30,6.083895833333333,232.9324074074074,15.830439814814815,12.007407407407408,,,http://walker.dgf.uchile.cl/Mediciones/datos/csv/d09.csv
d09,d09,II Región de Antofagasta,-70.0,-24.98,2103.0,2018-10-31,5.524610215053763,233.25470430107526,16.792898745519715,17.051971326164875,,,http://walker.dgf.uchile.cl/Mediciones/datos/csv/d09.csv
d09,d09,II Región de Antofagasta,-70.0,-24.98,2103.0,2018-11-30,6.165236111111111,234.84930555555556,17.681736111111114,18.69375,,,http://walker.dgf.uchile.cl/Mediciones/datos/csv/d09.csv
d09,d09,II Región de Antofagasta,-70.0,-24.98,2103.0,2018-12-31,7.232871863799283,211.52464157706092,17.75481630824373,17.02016129032258,,,http://walker.dgf.uchile.cl/Mediciones/datos/csv/d09.csv
d09,d09,II Región de Antofagasta,-70.0,-24.98,2103.0,2019-01-31,7.568969534050178,177.65322580645162,18.26160394265233,33.701388888888886,,,http://walker.dgf.uchile.cl/Mediciones/datos/csv/d09.csv
d09,d09,II Región de Antofagasta,-70.0,-24.98,2103.0,2019-02-28,6.874568452380952,204.43477182539684,18.695486111111112,37.654513888888886,,,http://walker.dgf.uchile.cl/Mediciones/datos/csv/d09.csv
d09,d09,II Región de Antofagasta,-70.0,-24.98,2103.0,2019-03-31,7.067656810035842,206.80062724014337,17.77410394265233,26.705645161290324,,,http://walker.dgf.uchile.cl/Mediciones/datos/csv/d09.csv
d09,d09,II Región de Antofagasta,-70.0,-24.98,2103.0,2019-04-30,7.432122685185186,182.81365740740742,16.181736111111114,27.740277777777777,,,http://walker.dgf.uchile.cl/Mediciones/datos/csv/d09.csv
d09,d09,II Región de Antofagasta,-70.0,-24.98,2103.0,2019-05-31,8.635931895573211,164.27060158910328,13.892701475595914,22.024517593643587,,,http://walker.dgf.uchile.cl/Mediciones/datos/csv/d09.csv
d09,d09,II Región de Antofagasta,-70.0,-24.98,2103.0,2019-06-30,8.040233796296295,187.75046296296296,14.756689814814814,14.82800925925926,,,http://walker.dgf.uchile.cl/Mediciones/datos/csv/d09.csv
d09,d09,II Región de Antofagasta,-70.0,-24.98,2103.0,2019-07-31,7.323602150537635,208.01142473118279,13.78136200716846,16.22155017921147,,,http://walker.dgf.uchile.cl/Mediciones/datos/csv/d09.csv
d09,d09,II Región de Antofagasta,-70.0,-24.98,2103.0,2019-08-31,5.724410842293907,243.08355734767025,16.041778673835125,9.439740143369175,,,http://walker.dgf.uchile.cl/Mediciones/datos/csv/d09.csv
d09,d09,II Región de Antofagasta,-70.0,-24.98,2103.0,2019-09-30,9.98785185185185,146.01342592592593,14.634375,15.075925925925926,,,http://walker.dgf.uchile.cl/Mediciones/datos/csv/d09.csv
d09,d09,II Región de Antofagasta,-70.0,-24.98,2103.0,2019-10-31,7.975067204301075,187.7869623655914,15.865143369175627,16.714381720430108,,,http://walker.dgf.uchile.cl/Mediciones/datos/csv/d09.csv
d09,d09,II Región de Antofagasta,-70.0,-24.98,2103.0,2019-11-30,7.190576388888889,215.07731481481483,17.952708333333334,19.019675925925927,,,http://walker.dgf.uchile.cl/Mediciones/datos/csv/d09.csv
d09,d09,II Región de Antofagasta,-70.0,-24.98,2103.0,2019-12-31,7.046980286738352,218.75336021505376,18.129368279569892,19.24283154121864,,,http://walker.dgf.uchile.cl/Mediciones/datos/csv/d09.csv
d09,d09,II Región de Antofagasta,-70.0,-24.98,2103.0,2020-01-31,7.584323476702509,189.1198476702509,18.47051971326165,36.444668458781365,,,http://walker.dgf.uchile.cl/Mediciones/datos/csv/d09.csv
d09,d09,II Región de Antofagasta,-70.0,-24.98,2103.0,2020-02-29,6.989070881226054,199.79166666666666,18.53204022988506,33.21264367816092,,,http://walker.dgf.uchile.cl/Mediciones/datos/csv/d09.csv
d09,d09,II Región de Antofagasta,-70.0,-24.98,2103.0,2020-03-31,6.3116308243727595,220.0701164874552,18.043010752688172,31.89336917562724,,,http://walker.dgf.uchile.cl/Mediciones/datos/csv/d09.csv
d09,d09,II Región de Antofagasta,-70.0,-24.98,2103.0,2020-04-30,6.591432870370371,208.27847222222223,17.27122685185185,28.711574074074075,,,http://walker.dgf.uchile.cl/Mediciones/datos/csv/d09.csv
d09,d09,II Región de Antofagasta,-70.0,-24.98,2103.0,2020-05-31,7.675112007168458,197.80219534050178,16.18095878136201,17.647401433691755,,,http://walker.dgf.uchile.cl/Mediciones/datos/csv/d09.csv
d09,d09,II Región de Antofagasta,-70.0,-24.98,2103.0,2020-06-30,8.867745370370372,159.33194444444445,13.07175925925926,24.011111111111113,,,http://walker.dgf.uchile.cl/Mediciones/datos/csv/d09.csv
d09,d09,II Región de Antofagasta,-70.0,-24.98,2103.0,2020-07-31,5.883295250896057,230.68436379928315,13.235192652329749,11.825268817204302,,,http://walker.dgf.uchile.cl/Mediciones/datos/csv/d09.csv
d09,d09,II Región de Antofagasta,-70.0,-24.98,2103.0,2020-08-31,8.441431451612903,178.99283154121864,12.888194444444444,16.203853046594983,,,http://walker.dgf.uchile.cl/Mediciones/datos/csv/d09.csv
d09,d09,II Región de Antofagasta,-70.0,-24.98,2103.0,2020-09-30,7.3721875,209.21875,14.843171296296296,14.98912037037037,,,http://walker.dgf.uchile.cl/Mediciones/datos/csv/d09.csv
d09,d09,II Región de Antofagasta,-70.0,-24.98,2103.0,2020-10-31,6.790512992831541,219.5663082437276,17.556944444444444,13.306451612903226,,,http://walker.dgf.uchile.cl/Mediciones/datos/csv/d09.csv
d09,d09,II Región de Antofagasta,-70.0,-24.98,2103.0,2020-11-30,7.53887037037037,188.96759259259258,16.374560185185185,14.862268518518519,,,http://walker.dgf.uchile.cl/Mediciones/datos/csv/d09.csv
d09,d09,II Región de Antofagasta,-70.0,-24.98,2103.0,2020-12-31,7.453212365591398,196.5994623655914,17.18788082437276,24.198252688172044,,,http://walker.dgf.uchile.cl/Mediciones/datos/csv/d09.csv
d09,d09,II Región de Antofagasta,-70.0,-24.98,2103.0,2021-01-31,6.687217741935484,215.5826612903226,17.372894265232976,28.228270609318997,,,http://walker.dgf.uchile.cl/Mediciones/datos/csv/d09.csv
d09,d09,II Región de Antofagasta,-70.0,-24.98,2103.0,2021-02-28,8.161324404761904,159.02108134920636,17.26842757936508,34.60342261904762,,,http://walker.dgf.uchile.cl/Mediciones/datos/csv/d09.csv
d09,d09,II Región de Antofagasta,-70.0,-24.98,2103.0,2021-03-31,7.872007168458781,179.3214605734767,16.256025985663083,37.273521505376344,,,http://walker.dgf.uchile.cl/Mediciones/datos/csv/d09.csv
d09,d09,II Región de Antofagasta,-70.0,-24.98,2103.0,2021-04-30,8.627333333333334,154.29143518518518,15.393356481481483,26.565509259259258,,,http://walker.dgf.uchile.cl/Mediciones/datos/csv/d09.csv
d09,d09,II Región de Antofagasta,-70.0,-24.98,2103.0,2021-05-31,8.197676971326166,174.61805555555554,14.666375448028672,23.248655913978496,,,http://walker.dgf.uchile.cl/Mediciones/datos/csv/d09.csv
d09,d09,II Región de Antofagasta,-70.0,-24.98,2103.0,2021-06-30,9.069803240740741,174.66875,12.594699074074073,20.720833333333335,,,http://walker.dgf.uchile.cl/Mediciones/datos/csv/d09.csv
d09,d09,II Región de Antofagasta,-70.0,-24.98,2103.0,2021-07-31,6.820996863799283,212.4845430107527,14.285394265232975,13.6913082437276,,,http://walker.dgf.uchile.cl/Mediciones/datos/csv/d09.csv
d09,d09,II Región de Antofagasta,-70.0,-24.98,2103.0,2021-08-31,9.19255600358423,157.56541218637992,13.155443548387098,18.253584229390682,,,http://walker.dgf.uchile.cl/Mediciones/datos/csv/d09.csv
d09,d09,II Región de Antofagasta,-70.0,-24.98,2103.0,2021-09-30,7.646736111111111,194.0747685185185,15.24699074074074,12.496064814814815,,,http://walker.dgf.uchile.cl/Mediciones/datos/csv/d09.csv
d09,d09,II Región de Antofagasta,-70.0,-24.98,2103.0,2021-10-31,8.451482974910395,166.04390681003585,15.355398745519713,13.515232974910393,,,http://walker.dgf.uchile.cl/Mediciones/datos/csv/d09.csv
d09,d09,II Región de Antofagasta,-70.0,-24.98,2103.0,2021-11-30,7.940789351851851,189.72592592592594,16.299375,13.064351851851852,,,http://walker.dgf.uchile.cl/Mediciones/datos/csv/d09.csv
d10,d10,II Región de Antofagasta,-69.9,-24.93,2085.0,2013-01-31,6.856531845653184,115.16643421664342,17.911878196187818,23.76104137610414,788.069270106927,335.7573221757322,http://walker.dgf.uchile.cl/Mediciones/datos/csv/d10.csv
d10,d10,II Región de Antofagasta,-69.9,-24.93,2085.0,2013-02-28,6.483779761904762,122.65798611111111,17.733506944444443,36.388888888888886,788.063244047619,385.1044146825397,http://walker.dgf.uchile.cl/Mediciones/datos/csv/d10.csv
d10,d10,II Región de Antofagasta,-69.9,-24.93,2085.0,2013-03-31,6.50331541218638,109.73140681003584,17.17600806451613,22.92383512544803,788.6686827956989,341.8673835125448,http://walker.dgf.uchile.cl/Mediciones/datos/csv/d10.csv
d10,d10,II Región de Antofagasta,-69.9,-24.93,2085.0,2013-04-30,6.4365046296296295,104.22384259259259,16.005578703703705,15.000231481481482,789.1020833333333,285.8229166666667,http://walker.dgf.uchile.cl/Mediciones/datos/csv/d10.csv
d10,d10,II Región de Antofagasta,-69.9,-24.93,2085.0,2013-05-31,7.8056227598566315,74.4336917562724,13.865568996415771,20.690860215053764,789.6543458781362,223.03606630824373,http://walker.dgf.uchile.cl/Mediciones/datos/csv/d10.csv
d10,d10,II Región de Antofagasta,-69.9,-24.93,2085.0,2013-06-30,7.571412037037037,78.49375,12.700416666666667,18.483101851851853,789.0141203703704,200.4460648148148,http://walker.dgf.uchile.cl/Mediciones/datos/csv/d10.csv
d10,d10,II Región de Antofagasta,-69.9,-24.93,2085.0,2013-07-31,7.623230286738351,82.67271505376344,13.675268817204302,13.689292114695341,789.0103046594982,211.69086021505376,http://walker.dgf.uchile.cl/Mediciones/datos/csv/d10.csv
d10,d10,II Región de Antofagasta,-69.9,-24.93,2085.0,2013-08-31,6.280801971326165,99.6644265232975,13.600806451612904,12.990317496059445,789.0069444444445,257.95452508960574,http://walker.dgf.uchile.cl/Mediciones/datos/csv/d10.csv
d10,d10,II Región de Antofagasta,-69.9,-24.93,2085.0,2013-09-30,7.099027777777778,110.74351851851851,14.203287037037036,12.954166666666667,788.7548611111112,318.90625,http://walker.dgf.uchile.cl/Mediciones/datos/csv/d10.csv
d10,d10,II Región de Antofagasta,-69.9,-24.93,2085.0,2013-10-31,7.224865591397849,90.91509856630825,15.612096774193548,9.236559139784946,788.5777329749104,378.4937275985663,http://walker.dgf.uchile.cl/Mediciones/datos/csv/d10.csv
d10,d10,II Región de Antofagasta,-69.9,-24.93,2085.0,2013-11-30,6.99912037037037,110.14814814814815,16.18974537037037,14.788657407407408,787.9256944444444,417.5833333333333,http://walker.dgf.uchile.cl/Mediciones/datos/csv/d10.csv
d10,d10,II Región de Antofagasta,-69.9,-24.93,2085.0,2013-12-31,6.890232974910394,113.1364247311828,17.944847670250898,18.69847670250896,787.9921594982079,418.03741039426524,http://walker.dgf.uchile.cl/Mediciones/datos/csv/d10.csv
d10,d10,II Región de Antofagasta,-69.9,-24.93,2085.0,2014-01-31,6.801747311827957,114.76769713261649,17.40230734767025,39.18257168458781,788.0176971326165,401.43055555555554,http://walker.dgf.uchile.cl/Mediciones/datos/csv/d10.csv
d10,d10,II Región de Antofagasta,-69.9,-24.93,2085.0,2014-02-28,6.534151785714286,117.09176587301587,17.235044642857144,21.293650793650794,787.8650793650794,395.0081845238095,http://walker.dgf.uchile.cl/Mediciones/datos/csv/d10.csv
d10,d10,II Región de Antofagasta,-69.9,-24.93,2085.0,2014-03-31,7.040210573476703,99.85237455197132,16.078270609318995,32.8788082437276,788.5443548387096,344.2347670250896,http://walker.dgf.uchile.cl/Mediciones/datos/csv/d10.csv
d10,d10,II Región de Antofagasta,-69.9,-24.93,2085.0,2014-04-30,6.687337962962963,95.2400462962963,16.6544212962963,19.488194444444446,788.6796296296296,278.30324074074076,http://walker.dgf.uchile.cl/Mediciones/datos/csv/d10.csv
d10,d10,II Región de Antofagasta,-69.9,-24.93,2085.0,2014-05-31,8.349417562724016,67.50515232974911,12.83978494623656,21.82608695652174,788.8687275985664,218.42697132616487,http://walker.dgf.uchile.cl/Mediciones/datos/csv/d10.csv
d10,d10,II Región de Antofagasta,-69.9,-24.93,2085.0,2014-06-30,8.554837962962964,65.36666666666666,12.330046296296297,12.646759259259259,788.3513888888889,211.71203703703705,http://walker.dgf.uchile.cl/Mediciones/datos/csv/d10.csv
d10,d10,II Región de Antofagasta,-69.9,-24.93,2085.0,2014-07-31,7.726881720430108,75.98431899641577,12.390367383512544,9.646729390681003,789.0607078853046,217.67607526881721,http://walker.dgf.uchile.cl/Mediciones/datos/csv/d10.csv
d10,d10,II Región de Antofagasta,-69.9,-24.93,2085.0,2014-08-31,6.854883512544803,93.18996415770609,15.062163978494624,13.248207885304659,789.4330197132616,257.1870519713262,http://walker.dgf.uchile.cl/Mediciones/datos/csv/d10.csv
d10,d10,II Región de Antofagasta,-69.9,-24.93,2085.0,2014-09-30,9.005300925925926,75.36342592592592,14.368263888888889,15.14699074074074,788.5800925925926,318.9145833333333,http://walker.dgf.uchile.cl/Mediciones/datos/csv/d10.csv
d10,d10,II Región de Antofagasta,-69.9,-24.93,2085.0,2014-10-31,6.279368279569892,125.63127240143369,17.814359318996416,12.637992831541219,788.8434139784946,367.7925627240143,http://walker.dgf.uchile.cl/Mediciones/datos/csv/d10.csv
d10,d10,II Región de Antofagasta,-69.9,-24.93,2085.0,2014-11-30,6.612430555555556,114.7599537037037,16.758680555555557,13.42986111111111,788.6516203703703,414.3488425925926,http://walker.dgf.uchile.cl/Mediciones/datos/csv/d10.csv
d10,d10,II Región de Antofagasta,-69.9,-24.93,2085.0,2014-12-31,6.806653225806452,104.21079749103943,17.391263440860218,12.5790770609319,788.0468189964158,430.9415322580645,http://walker.dgf.uchile.cl/Mediciones/datos/csv/d10.csv
d10,d10,II Región de Antofagasta,-69.9,-24.93,2085.0,2015-01-31,6.347222222222222,128.52240143369175,18.565322580645162,17.961469534050178,788.3281810035842,407.57594086021504,http://walker.dgf.uchile.cl/Mediciones/datos/csv/d10.csv
d10,d10,II Región de Antofagasta,-69.9,-24.93,2085.0,2015-02-28,7.314459325396826,110.28348214285714,17.580605158730158,41.70181546878886,788.3313492063492,369.26984126984127,http://walker.dgf.uchile.cl/Mediciones/datos/csv/d10.csv
d10,d10,II Región de Antofagasta,-69.9,-24.93,2085.0,2015-03-31,7.0969310035842295,107.35282258064517,17.110237455197133,45.23485701418599,788.4740143369175,321.39784946236557,http://walker.dgf.uchile.cl/Mediciones/datos/csv/d10.csv
d10,d10,II Región de Antofagasta,-69.9,-24.93,2085.0,2015-04-30,5.80319431500466,115.0878583080867,17.315959925442684,20.65354147250699,788.6572693383039,282.6821994408201,http://walker.dgf.uchile.cl/Mediciones/datos/csv/d10.csv
d10,d10,II Región de Antofagasta,-69.9,-24.93,2085.0,2015-05-31,7.1471886200716845,83.83243727598567,14.817786738351256,18.363799283154123,789.3091397849462,222.6937724014337,http://walker.dgf.uchile.cl/Mediciones/datos/csv/d10.csv
d10,d10,II Región de Antofagasta,-69.9,-24.93,2085.0,2015-06-30,5.525196759259259,108.70972222222223,15.30449074074074,7.968287037037037,789.4722222222222,201.28587962962962,http://walker.dgf.uchile.cl/Mediciones/datos/csv/d10.csv
d10,d10,II Región de Antofagasta,-69.9,-24.93,2085.0,2015-07-31,6.851924283154122,81.61895161290323,12.139180107526883,13.31160394265233,789.09229390681,203.24148745519713,http://walker.dgf.uchile.cl/Mediciones/datos/csv/d10.csv
d10,d10,II Región de Antofagasta,-69.9,-24.93,2085.0,2015-08-31,8.660795250896058,81.90972222222223,13.437656810035842,17.835874439461882,788.1160394265233,245.55443548387098,http://walker.dgf.uchile.cl/Mediciones/datos/csv/d10.csv
d10,d10,II Región de Antofagasta,-69.9,-24.93,2085.0,2015-09-30,7.0227361111111115,109.45972222222223,15.149467592592591,11.224537037037036,788.6537037037037,323.181712962963,http://walker.dgf.uchile.cl/Mediciones/datos/csv/d10.csv
d10,d10,II Región de Antofagasta,-69.9,-24.93,2085.0,2015-10-31,7.878900089605736,96.66084229390681,15.766801075268818,14.48163082437276,788.8004032258065,367.60573476702507,http://walker.dgf.uchile.cl/Mediciones/datos/csv/d10.csv
d10,d10,II Región de Antofagasta,-69.9,-24.93,2085.0,2015-11-30,8.420141203703704,90.95277777777778,16.24287037037037,11.401851851851852,787.5953703703703,410.6148148148148,http://walker.dgf.uchile.cl/Mediciones/datos/csv/d10.csv
d10,d10,II Región de Antofagasta,-69.9,-24.93,2085.0,2015-12-31,7.201523297491039,99.81182795698925,18.85331541218638,8.767249103942651,787.7213261648745,428.01075268817203,http://walker.dgf.uchile.cl/Mediciones/datos/csv/d10.csv
d10,d10,II Región de Antofagasta,-69.9,-24.93,2085.0,2016-01-31,6.828483422939068,108.99484767025089,19.059677419354838,19.53584229390681,788.9112903225806,417.55421146953404,http://walker.dgf.uchile.cl/Mediciones/datos/csv/d10.csv
d10,d10,II Región de Antofagasta,-69.9,-24.93,2085.0,2016-02-29,6.330653735632184,127.43869731800767,19.254046934865897,29.327107279693486,788.1743295019157,377.3182471264368,http://walker.dgf.uchile.cl/Mediciones/datos/csv/d10.csv
d10,d10,II Región de Antofagasta,-69.9,-24.93,2085.0,2016-03-31,6.936068548387097,101.28517025089606,18.445654121863797,27.280689964157705,789.3378136200716,336.48924731182797,http://walker.dgf.uchile.cl/Mediciones/datos/csv/d10.csv
d10,d10,II Región de Antofagasta,-69.9,-24.93,2085.0,2016-04-30,7.872861111111112,84.45046296296296,16.313935185185183,30.383333333333333,788.8833333333333,265.93703703703704,http://walker.dgf.uchile.cl/Mediciones/datos/csv/d10.csv
d10,d10,II Región de Antofagasta,-69.9,-24.93,2085.0,2016-05-31,8.725315860215053,64.09834229390681,14.406227598566309,21.391353046594983,789.3924731182796,207.7959229390681,http://walker.dgf.uchile.cl/Mediciones/datos/csv/d10.csv
d10,d10,II Región de Antofagasta,-69.9,-24.93,2085.0,2016-06-30,8.62839351851852,68.45578703703704,12.373171296296295,19.659704294766488,789.7199074074074,193.32592592592593,http://walker.dgf.uchile.cl/Mediciones/datos/csv/d10.csv
d10,d10,II Región de Antofagasta,-69.9,-24.93,2085.0,2016-07-31,8.215031362007169,70.6978046594982,12.485775089605735,18.143625364104864,789.2945788530466,207.725582437276,http://walker.dgf.uchile.cl/Mediciones/datos/csv/d10.csv
d10,d10,II Región de Antofagasta,-69.9,-24.93,2085.0,2016-08-31,5.757193100358423,111.07728494623656,14.329637096774194,9.916666666666666,789.635976702509,260.9325716845878,http://walker.dgf.uchile.cl/Mediciones/datos/csv/d10.csv
d10,d10,II Región de Antofagasta,-69.9,-24.93,2085.0,2016-09-30,5.6203356481481475,117.40231481481482,16.245810185185185,10.384722222222223,789.6717592592593,326.4145833333333,http://walker.dgf.uchile.cl/Mediciones/datos/csv/d10.csv
d10,d10,II Región de Antofagasta,-69.9,-24.93,2085.0,2016-10-31,6.869816308243728,109.16241039426524,15.976209677419355,11.250224014336917,788.5210573476703,380.30645161290323,http://walker.dgf.uchile.cl/Mediciones/datos/csv/d10.csv
d10,d10,II Región de Antofagasta,-69.9,-24.93,2085.0,2016-11-30,7.516564814814815,98.08587962962963,16.819652777777776,13.138194444444444,788.4648148148148,411.0925925925926,http://walker.dgf.uchile.cl/Mediciones/datos/csv/d10.csv
d10,d10,II Región de Antofagasta,-69.9,-24.93,2085.0,2016-12-31,7.584655017921147,105.34475806451613,17.04923835125448,21.587098224320073,788.2076612903226,423.6590501792115,http://walker.dgf.uchile.cl/Mediciones/datos/csv/d10.csv
d10,d10,II Región de Antofagasta,-69.9,-24.93,2085.0,2017-01-31,6.439103057757644,121.74020385050963,18.322366930917326,39.50283125707814,789.231121177803,405.0391845979615,http://walker.dgf.uchile.cl/Mediciones/datos/csv/d10.csv
d10,d10,II Región de Antofagasta,-69.9,-24.93,2085.0,2017-02-28,6.554397321428572,115.1202876984127,17.421701388888888,38.40749007936508,789.8031746031746,376.05902777777777,http://walker.dgf.uchile.cl/Mediciones/datos/csv/d10.csv
d10,d10,II Región de Antofagasta,-69.9,-24.93,2085.0,2017-03-31,6.07149641577061,117.49059139784946,17.315501792114695,34.93122759856631,789.8420474910394,331.2681451612903,http://walker.dgf.uchile.cl/Mediciones/datos/csv/d10.csv
d10,d10,II Región de Antofagasta,-69.9,-24.93,2085.0,2017-04-30,6.815409722222222,93.55578703703704,15.563564814814816,25.70023148148148,789.7908101851851,283.77407407407406,http://walker.dgf.uchile.cl/Mediciones/datos/csv/d10.csv
d10,d10,II Región de Antofagasta,-69.9,-24.93,2085.0,2017-05-31,11.5765479390681,41.733870967741936,12.625022401433691,31.491263440860216,789.5148073476703,221.71796594982078,http://walker.dgf.uchile.cl/Mediciones/datos/csv/d10.csv
d10,d10,II Región de Antofagasta,-69.9,-24.93,2085.0,2017-06-30,9.927439814814814,48.932175925925925,12.555254629629628,23.585185185185185,790.0769212962963,199.61481481481482,http://walker.dgf.uchile.cl/Mediciones/datos/csv/d10.csv
d10,d10,II Región de Antofagasta,-69.9,-24.93,2085.0,2017-07-31,6.938521505376344,85.20878136200717,14.675739247311828,10.743951612903226,791.0077508960574,220.43570788530465,http://walker.dgf.uchile.cl/Mediciones/datos/csv/d10.csv
d10,d10,II Región de Antofagasta,-69.9,-24.93,2085.0,2017-08-31,7.504659498207886,77.23454301075269,12.828068996415771,12.69847670250896,790.3486111111112,262.9045698924731,http://walker.dgf.uchile.cl/Mediciones/datos/csv/d10.csv
d10,d10,II Región de Antofagasta,-69.9,-24.93,2085.0,2017-09-30,7.743270833333334,97.02893518518519,14.98724537037037,14.699074074074074,789.9839814814815,321.6127314814815,http://walker.dgf.uchile.cl/Mediciones/datos/csv/d10.csv
d10,d10,II Región de Antofagasta,-69.9,-24.93,2085.0,2017-10-31,6.526677867383513,111.8125,15.926814516129033,8.973118279569892,789.5096774193548,378.0642921146953,http://walker.dgf.uchile.cl/Mediciones/datos/csv/d10.csv
d10,d10,II Región de Antofagasta,-69.9,-24.93,2085.0,2017-11-30,6.600002314814814,113.47847222222222,16.862314814814813,15.673148148148147,788.9797916666668,413.8548611111111,http://walker.dgf.uchile.cl/Mediciones/datos/csv/d10.csv
d10,d10,II Región de Antofagasta,-69.9,-24.93,2085.0,2017-12-31,6.992844982078854,112.27553763440861,17.626411290322583,16.280465949820787,789.1151433691756,423.6751792114695,http://walker.dgf.uchile.cl/Mediciones/datos/csv/d10.csv
d10,d10,II Región de Antofagasta,-69.9,-24.93,2085.0,2018-01-31,6.362513440860215,127.39740143369175,17.632907706093192,23.670026881720432,789.0219310035842,401.12701612903226,http://walker.dgf.uchile.cl/Mediciones/datos/csv/d10.csv
d10,d10,II Región de Antofagasta,-69.9,-24.93,2085.0,2018-02-28,6.664191468253969,122.09449404761905,17.193328373015873,39.21850198412698,789.450818452381,375.45188492063494,http://walker.dgf.uchile.cl/Mediciones/datos/csv/d10.csv
d10,d10,II Región de Antofagasta,-69.9,-24.93,2085.0,2018-03-31,6.216288082437275,116.8853046594982,17.40750448028674,24.254032258064516,789.1554211469534,336.230958781362,http://walker.dgf.uchile.cl/Mediciones/datos/csv/d10.csv
d10,d10,II Región de Antofagasta,-69.9,-24.93,2085.0,2018-04-30,5.838206018518519,114.76087962962963,16.47564814814815,30.115046296296295,790.3817824074074,276.35578703703703,http://walker.dgf.uchile.cl/Mediciones/datos/csv/d10.csv
d10,d10,II Región de Antofagasta,-69.9,-24.93,2085.0,2018-05-31,7.033631272401434,88.92876344086021,14.698073476702508,14.561379928315413,790.5539874551971,229.15031362007167,http://walker.dgf.uchile.cl/Mediciones/datos/csv/d10.csv
d10,d10,II Región de Antofagasta,-69.9,-24.93,2085.0,2018-06-30,8.538956018518519,65.38472222222222,12.56650462962963,15.084259259259259,790.3912731481481,197.48958333333334,http://walker.dgf.uchile.cl/Mediciones/datos/csv/d10.csv
d10,d10,II Región de Antofagasta,-69.9,-24.93,2085.0,2018-07-31,8.802367831541218,70.22446236559139,13.06162634408602,19.554435483870968,790.1844534050178,201.8839605734767,http://walker.dgf.uchile.cl/Mediciones/datos/csv/d10.csv
d10,d10,II Región de Antofagasta,-69.9,-24.93,2085.0,2018-08-31,6.265103046594982,96.32750896057348,14.464829749103943,10.160618279569892,790.4974014336917,259.50694444444446,http://walker.dgf.uchile.cl/Mediciones/datos/csv/d10.csv
d10,d10,II Región de Antofagasta,-69.9,-24.93,2085.0,2018-09-30,6.058534722222222,113.65648148148148,15.442638888888888,9.347222222222221,789.4906712962963,325.30833333333334,http://walker.dgf.uchile.cl/Mediciones/datos/csv/d10.csv
d10,d10,II Región de Antofagasta,-69.9,-24.93,2085.0,2018-10-31,5.453956093189964,131.1469534050179,16.61698028673835,14.772849462365592,789.959296594982,366.37432795698925,http://walker.dgf.uchile.cl/Mediciones/datos/csv/d10.csv
d10,d10,II Región de Antofagasta,-69.9,-24.93,2085.0,2018-11-30,5.814967592592593,126.65439814814815,17.623472222222222,15.73449074074074,789.3698842592593,415.4016203703704,http://walker.dgf.uchile.cl/Mediciones/datos/csv/d10.csv
d10,d10,II Región de Antofagasta,-69.9,-24.93,2085.0,2018-12-31,6.796034946236559,118.82437275985663,17.978203405017922,13.982302867383513,789.4455197132617,422.8456541218638,http://walker.dgf.uchile.cl/Mediciones/datos/csv/d10.csv
d10,d10,II Región de Antofagasta,-69.9,-24.93,2085.0,2019-01-31,6.854146505376344,112.53113799283155,18.487410394265233,29.99081541218638,789.334811827957,394.7130376344086,http://walker.dgf.uchile.cl/Mediciones/datos/csv/d10.csv
d10,d10,II Región de Antofagasta,-69.9,-24.93,2085.0,2019-02-28,6.442326388888889,128.35515873015873,18.760962301587302,34.15724206349206,789.5464037698413,364.85292658730157,http://walker.dgf.uchile.cl/Mediciones/datos/csv/d10.csv
d10,d10,II Región de Antofagasta,-69.9,-24.93,2085.0,2019-03-31,6.687623207885305,106.5318100358423,17.93225806451613,22.252688172043012,789.6824596774194,340.0499551971326,http://walker.dgf.uchile.cl/Mediciones/datos/csv/d10.csv
d10,d10,II Región de Antofagasta,-69.9,-24.93,2085.0,2019-04-30,7.100085648148148,90.65555555555555,16.005810185185187,24.325925925925926,790.0259027777778,278.96944444444443,http://walker.dgf.uchile.cl/Mediciones/datos/csv/d10.csv
d10,d10,II Región de Antofagasta,-69.9,-24.93,2085.0,2019-05-31,8.367459704880819,73.73575482406356,13.824415437003406,18.508967082860387,789.752531214529,228.2517593643587,http://walker.dgf.uchile.cl/Mediciones/datos/csv/d10.csv
d10,d10,II Región de Antofagasta,-69.9,-24.93,2085.0,2019-06-30,7.9214513888888884,83.95925925925926,14.404861111111112,11.785416666666666,790.3532175925926,199.8824074074074,http://walker.dgf.uchile.cl/Mediciones/datos/csv/d10.csv
d10,d10,II Región de Antofagasta,-69.9,-24.93,2085.0,2019-07-31,7.2651232078853045,84.16778673835125,13.370945340501793,13.318324372759857,790.3299059139786,209.34431003584228,http://walker.dgf.uchile.cl/Mediciones/datos/csv/d10.csv
d10,d10,II Región de Antofagasta,-69.9,-24.93,2085.0,2019-08-31,5.652912186379928,112.52060931899642,15.519265232974911,7.183467741935484,790.878987455197,258.93951612903226,http://walker.dgf.uchile.cl/Mediciones/datos/csv/d10.csv
d10,d10,II Región de Antofagasta,-69.9,-24.93,2085.0,2019-09-30,9.861354166666667,71.63078703703704,14.710694444444444,12.075925925925926,789.5753472222223,318.27708333333334,http://walker.dgf.uchile.cl/Mediciones/datos/csv/d10.csv
d10,d10,II Región de Antofagasta,-69.9,-24.93,2085.0,2019-10-31,7.68861559139785,110.76097670250896,15.742943548387096,14.175403225806452,789.4090277777777,360.4975358422939,http://walker.dgf.uchile.cl/Mediciones/datos/csv/d10.csv
d10,d10,II Región de Antofagasta,-69.9,-24.93,2085.0,2019-11-30,6.605574074074075,116.75671296296296,18.175787037037036,15.735185185185186,789.0904398148149,406.04976851851853,http://walker.dgf.uchile.cl/Mediciones/datos/csv/d10.csv
d10,d10,II Región de Antofagasta,-69.9,-24.93,2085.0,2019-12-31,6.298678315412186,122.89202508960574,18.275940860215055,16.09632616487455,789.2769489247312,418.11895161290323,http://walker.dgf.uchile.cl/Mediciones/datos/csv/d10.csv
d10,d10,II Región de Antofagasta,-69.9,-24.93,2085.0,2020-01-31,6.835799731182795,114.50336021505376,18.67233422939068,32.751568100358426,789.7350806451612,376.7699372759857,http://walker.dgf.uchile.cl/Mediciones/datos/csv/d10.csv
d10,d10,II Región de Antofagasta,-69.9,-24.93,2085.0,2020-02-29,6.324348659003832,121.44516283524904,18.695857279693485,29.571360153256705,789.7786159003831,381.22318007662835,http://walker.dgf.uchile.cl/Mediciones/datos/csv/d10.csv
d10,d10,II Región de Antofagasta,-69.9,-24.93,2085.0,2020-03-31,5.930062724014337,125.1695788530466,17.911603942652327,29.60304659498208,790.2468413978495,331.51612903225805,http://walker.dgf.uchile.cl/Mediciones/datos/csv/d10.csv
d10,d10,II Región de Antofagasta,-69.9,-24.93,2085.0,2020-04-30,6.1607569444444445,104.34814814814816,17.17414351851852,24.816898148148148,790.9775694444445,270.3576388888889,http://walker.dgf.uchile.cl/Mediciones/datos/csv/d10.csv
d10,d10,II Región de Antofagasta,-69.9,-24.93,2085.0,2020-05-31,7.275681003584229,84.14202508960574,15.97488799283154,14.539650537634408,790.8467069892473,226.06048387096774,http://walker.dgf.uchile.cl/Mediciones/datos/csv/d10.csv
d10,d10,II Región de Antofagasta,-69.9,-24.93,2085.0,2020-06-30,8.650412037037038,74.73935185185185,12.888680555555554,20.48726851851852,790.3872685185186,192.39189814814816,http://walker.dgf.uchile.cl/Mediciones/datos/csv/d10.csv
d10,d10,II Región de Antofagasta,-69.9,-24.93,2085.0,2020-07-31,5.927170698924731,98.9478046594982,12.698185483870967,8.877464157706093,790.4043458781362,210.14717741935485,http://walker.dgf.uchile.cl/Mediciones/datos/csv/d10.csv
d10,d10,II Región de Antofagasta,-69.9,-24.93,2085.0,2020-08-31,8.214679659498207,81.02620967741936,12.677396953405019,13.87141577060932,789.5091621863799,254.06675627240142,http://walker.dgf.uchile.cl/Mediciones/datos/csv/d10.csv
d10,d10,II Región de Antofagasta,-69.9,-24.93,2085.0,2020-09-30,7.365935185185185,89.63865740740741,15.00287037037037,11.376388888888888,790.0304861111111,318.7310185185185,http://walker.dgf.uchile.cl/Mediciones/datos/csv/d10.csv
d10,d10,II Región de Antofagasta,-69.9,-24.93,2085.0,2020-10-31,6.536854838709678,122.5280017921147,17.628718637992833,10.85752688172043,789.7847446236559,372.2320788530466,http://walker.dgf.uchile.cl/Mediciones/datos/csv/d10.csv
d10,d10,II Región de Antofagasta,-69.9,-24.93,2085.0,2020-11-30,7.2635856481481476,97.69236111111111,16.607083333333335,11.279861111111112,789.653912037037,413.0634259259259,http://walker.dgf.uchile.cl/Mediciones/datos/csv/d10.csv
d10,d10,II Región de Antofagasta,-69.9,-24.93,2085.0,2020-12-31,6.673556210335449,122.20104261106074,17.50775158658205,20.94242973708069,789.4544424297371,425.27651858567543,http://walker.dgf.uchile.cl/Mediciones/datos/csv/d10.csv
d10,d10,II Región de Antofagasta,-69.9,-24.93,2085.0,2021-01-31,6.246489695340502,131.86245519713262,17.54274193548387,25.56272401433692,789.1317876344085,414.5860215053763,http://walker.dgf.uchile.cl/Mediciones/datos/csv/d10.csv
d10,d10,II Región de Antofagasta,-69.9,-24.93,2085.0,2021-02-28,7.4622842261904765,102.95138888888889,17.640823412698413,29.63764880952381,789.0783234126984,389.4471726190476,http://walker.dgf.uchile.cl/Mediciones/datos/csv/d10.csv
d10,d10,II Región de Antofagasta,-69.9,-24.93,2085.0,2021-03-31,7.347163978494623,97.93794802867383,16.61214157706093,32.7538082437276,789.292159498208,336.47939068100357,http://walker.dgf.uchile.cl/Mediciones/datos/csv/d10.csv
d10,d10,II Región de Antofagasta,-69.9,-24.93,2085.0,2021-04-30,8.145375,73.28657407407407,15.50761574074074,22.536805555555556,789.2422222222222,277.86597222222224,http://walker.dgf.uchile.cl/Mediciones/datos/csv/d10.csv
d10,d10,II Región de Antofagasta,-69.9,-24.93,2085.0,2021-05-31,8.02605958781362,81.0497311827957,14.629905913978495,19.700940860215052,790.6822356630825,220.49462365591398,http://walker.dgf.uchile.cl/Mediciones/datos/csv/d10.csv
d10,d10,II Región de Antofagasta,-69.9,-24.93,2085.0,2021-06-30,8.615608796296296,73.93101851851851,12.439953703703704,16.982407407407408,790.3518518518518,201.98842592592592,http://walker.dgf.uchile.cl/Mediciones/datos/csv/d10.csv
d10,d10,II Región de Antofagasta,-69.9,-24.93,2085.0,2021-07-31,6.743564068100358,91.32683691756273,13.954121863799282,10.528001792114695,790.7508064516129,210.8801523297491,http://walker.dgf.uchile.cl/Mediciones/datos/csv/d10.csv
d10,d10,II Región de Antofagasta,-69.9,-24.93,2085.0,2021-08-31,9.119547491039427,74.0929659498208,13.238844086021505,14.863351254480287,790.4754704301075,263.65972222222223,http://walker.dgf.uchile.cl/Mediciones/datos/csv/d10.csv
d10,d10,II Región de Antofagasta,-69.9,-24.93,2085.0,2021-09-30,7.647567129629629,96.85023148148149,15.289837962962965,9.60601851851852,790.4665740740741,316.4791666666667,http://walker.dgf.uchile.cl/Mediciones/datos/csv/d10.csv
d10,d10,II Región de Antofagasta,-69.9,-24.93,2085.0,2021-10-31,8.338456541218639,93.64023297491039,15.540882616487455,10.29413082437276,789.661693548387,378.43413978494624,http://walker.dgf.uchile.cl/Mediciones/datos/csv/d10.csv
d10,d10,II Región de Antofagasta,-69.9,-24.93,2085.0,2021-11-30,7.350168981481481,97.7900462962963,16.607222222222223,9.881481481481481,789.4959259259259,415.4173611111111,http://walker.dgf.uchile.cl/Mediciones/datos/csv/d10.csv
e01,e01,II Región de Antofagasta,-67.43,-23.89,4320.0,2012-12-31,9.647300908605024,239.2950293960449,7.418466060929984,29.225013361838588,,,http://walker.dgf.uchile.cl/Mediciones/datos/csv/e01.csv
e01,e01,II Región de Antofagasta,-67.43,-23.89,4320.0,2013-01-31,6.63163082437276,201.98499103942652,6.881339605734767,40.30062724014337,,,http://walker.dgf.uchile.cl/Mediciones/datos/csv/e01.csv
e01,e01,II Región de Antofagasta,-67.43,-23.89,4320.0,2013-02-28,6.994022817460317,214.44940476190476,7.442733134920634,43.998263888888886,,,http://walker.dgf.uchile.cl/Mediciones/datos/csv/e01.csv
e01,e01,II Región de Antofagasta,-67.43,-23.89,4320.0,2013-03-31,8.622468637992831,241.6798835125448,5.633154121863799,27.74820788530466,,,http://walker.dgf.uchile.cl/Mediciones/datos/csv/e01.csv
e01,e01,II Región de Antofagasta,-67.43,-23.89,4320.0,2013-04-30,7.63363425925926,232.08333333333334,3.2075,16.21759259259259,,,http://walker.dgf.uchile.cl/Mediciones/datos/csv/e01.csv
e01,e01,II Región de Antofagasta,-67.43,-23.89,4320.0,2013-05-31,8.56274641577061,252.23140681003585,0.7608198924731183,29.759632616487455,,,http://walker.dgf.uchile.cl/Mediciones/datos/csv/e01.csv
e01,e01,II Región de Antofagasta,-67.43,-23.89,4320.0,2013-06-30,7.250763888888889,253.98912037037036,-2.5826540064844834,44.028703703703705,,,http://walker.dgf.uchile.cl/Mediciones/datos/csv/e01.csv
e01,e01,II Región de Antofagasta,-67.43,-23.89,4320.0,2013-07-31,6.307235663082437,250.18301971326164,-1.9181296421336935,39.943324372759854,,,http://walker.dgf.uchile.cl/Mediciones/datos/csv/e01.csv
e01,e01,II Región de Antofagasta,-67.43,-23.89,4320.0,2013-08-31,7.185304659498208,252.53629032258064,-0.8971537427162707,24.745967741935484,,,http://walker.dgf.uchile.cl/Mediciones/datos/csv/e01.csv
e01,e01,II Región de Antofagasta,-67.43,-23.89,4320.0,2013-09-30,8.72525462962963,265.48912037037036,1.1178472222222222,25.249074074074073,,,http://walker.dgf.uchile.cl/Mediciones/datos/csv/e01.csv
e01,e01,II Región de Antofagasta,-67.43,-23.89,4320.0,2013-10-31,8.389448924731182,257.82571684587816,3.086917562724014,15.826836917562725,,,http://walker.dgf.uchile.cl/Mediciones/datos/csv/e01.csv
e01,e01,II Región de Antofagasta,-67.43,-23.89,4320.0,2013-11-30,8.747314814814816,237.13912037037036,5.3637500000000005,15.905787037037037,,,http://walker.dgf.uchile.cl/Mediciones/datos/csv/e01.csv
e01,e01,II Región de Antofagasta,-67.43,-23.89,4320.0,2013-12-31,7.574887992831542,216.55533154121864,8.344242831541218,32.56182795698925,,,http://walker.dgf.uchile.cl/Mediciones/datos/csv/e01.csv
e01,e01,II Región de Antofagasta,-67.43,-23.89,4320.0,2014-01-31,6.572155620900249,196.27437231395612,7.8903754806604836,52.59036417100204,,,http://walker.dgf.uchile.cl/Mediciones/datos/csv/e01.csv
e01,e01,II Región de Antofagasta,-67.43,-23.89,4320.0,2014-02-28,7.6116319444444445,229.97470238095238,7.130704365079365,28.414434523809526,,,http://walker.dgf.uchile.cl/Mediciones/datos/csv/e01.csv
e01,e01,II Región de Antofagasta,-67.43,-23.89,4320.0,2014-03-31,8.610931899641576,234.47132616487454,4.611379928315412,31.688172043010752,,,http://walker.dgf.uchile.cl/Mediciones/datos/csv/e01.csv
e01,e01,II Región de Antofagasta,-67.43,-23.89,4320.0,2014-04-30,7.501388888888889,237.3224537037037,3.6344212962962965,22.235416666666666,,,http://walker.dgf.uchile.cl/Mediciones/datos/csv/e01.csv
e01,e01,II Región de Antofagasta,-67.43,-23.89,4320.0,2014-05-31,7.6917114695340505,252.71460573476702,-0.4570846536894523,28.427195340501793,,,http://walker.dgf.uchile.cl/Mediciones/datos/csv/e01.csv
e01,e01,II Región de Antofagasta,-67.43,-23.89,4320.0,2014-06-30,8.000601851851851,264.9092592592593,-1.1262956077155473,20.496296296296297,,,http://walker.dgf.uchile.cl/Mediciones/datos/csv/e01.csv
e01,e01,II Región de Antofagasta,-67.43,-23.89,4320.0,2014-07-31,8.217338709677419,254.38642473118279,-1.5135423690717016,18.441084229390682,,,http://walker.dgf.uchile.cl/Mediciones/datos/csv/e01.csv
e01,e01,II Región de Antofagasta,-67.43,-23.89,4320.0,2014-08-31,7.162074372759856,241.6480734767025,0.2980286738351255,23.5203853046595,,,http://walker.dgf.uchile.cl/Mediciones/datos/csv/e01.csv
e01,e01,II Región de Antofagasta,-67.43,-23.89,4320.0,2014-09-30,8.742430555555556,259.28564814814814,1.728587962962963,20.693055555555556,,,http://walker.dgf.uchile.cl/Mediciones/datos/csv/e01.csv
e01,e01,II Región de Antofagasta,-67.43,-23.89,4320.0,2014-10-31,7.47883064516129,228.0152329749104,5.8738351254480285,18.3048835125448,,,http://walker.dgf.uchile.cl/Mediciones/datos/csv/e01.csv
e01,e01,II Región de Antofagasta,-67.43,-23.89,4320.0,2014-11-30,8.900902777777778,239.22893518518518,5.1906944444444445,18.35949074074074,,,http://walker.dgf.uchile.cl/Mediciones/datos/csv/e01.csv
e01,e01,II Región de Antofagasta,-67.43,-23.89,4320.0,2014-12-31,9.095004480286738,236.5432347670251,7.196326164874552,20.092517921146953,,,http://walker.dgf.uchile.cl/Mediciones/datos/csv/e01.csv
e01,e01,II Región de Antofagasta,-67.43,-23.89,4320.0,2015-01-31,6.529614695340502,194.74395161290323,7.593974014336918,36.608870967741936,,,http://walker.dgf.uchile.cl/Mediciones/datos/csv/e01.csv
e01,e01,II Región de Antofagasta,-67.43,-23.89,4320.0,2015-02-28,7.506448412698413,218.63045634920636,7.642683531746032,49.11855158730159,,,http://walker.dgf.uchile.cl/Mediciones/datos/csv/e01.csv
e01,e01,II Región de Antofagasta,-67.43,-23.89,4320.0,2015-03-31,6.166263440860215,209.3738799283154,6.716823476702509,49.757616487455195,,,http://walker.dgf.uchile.cl/Mediciones/datos/csv/e01.csv
e01,e01,II Región de Antofagasta,-67.43,-23.89,4320.0,2015-04-30,6.066805555555555,227.5076388888889,3.9835879629629627,32.15347222222222,,,http://walker.dgf.uchile.cl/Mediciones/datos/csv/e01.csv
e01,e01,II Región de Antofagasta,-67.43,-23.89,4320.0,2015-05-31,7.345721326164875,241.70206093189964,0.2390905017921147,28.636200716845877,,,http://walker.dgf.uchile.cl/Mediciones/datos/csv/e01.csv
e01,e01,II Región de Antofagasta,-67.43,-23.89,4320.0,2015-06-30,6.9085879629629625,235.3460648148148,0.6979157017137564,14.396296296296295,,,http://walker.dgf.uchile.cl/Mediciones/datos/csv/e01.csv
e01,e01,II Región de Antofagasta,-67.43,-23.89,4320.0,2015-07-31,7.612320788530466,257.6314964157706,-1.763209239739852,22.17181899641577,,,http://walker.dgf.uchile.cl/Mediciones/datos/csv/e01.csv
e01,e01,II Región de Antofagasta,-67.43,-23.89,4320.0,2015-08-31,7.9941084229390675,256.69802867383515,0.9566532258064516,20.676971326164875,,,http://walker.dgf.uchile.cl/Mediciones/datos/csv/e01.csv
e01,e01,II Región de Antofagasta,-67.43,-23.89,4320.0,2015-09-30,8.305972222222223,261.1400462962963,1.615625,18.59375,,,http://walker.dgf.uchile.cl/Mediciones/datos/csv/e01.csv
e01,e01,II Región de Antofagasta,-67.43,-23.89,4320.0,2015-10-31,9.393212365591399,258.1458333333333,3.659811827956989,25.482526881720432,,,http://walker.dgf.uchile.cl/Mediciones/datos/csv/e01.csv
e01,e01,II Región de Antofagasta,-67.43,-23.89,4320.0,2015-11-30,9.630519480519482,260.99040090344437,4.025042348955393,16.835686053077357,,,http://walker.dgf.uchile.cl/Mediciones/datos/csv/e01.csv
e02,e02,II Región de Antofagasta,-67.36,-23.66,4463.0,2012-12-31,7.946902142443543,268.63115228720324,5.323248407643312,30.004632310364794,800.0,420.4557035321367,http://walker.dgf.uchile.cl/Mediciones/datos/csv/e02.csv
e02,e02,II Región de Antofagasta,-67.36,-23.66,4463.0,2013-01-31,6.807213261648746,229.67898745519713,4.562948028673835,45.293617998163455,800.0,336.37432795698925,http://walker.dgf.uchile.cl/Mediciones/datos/csv/e02.csv
e02,e02,II Región de Antofagasta,-67.36,-23.66,4463.0,2013-02-28,6.232440476190477,245.2671130952381,5.079414682539682,50.0965021086579,800.0,338.6299603174603,http://walker.dgf.uchile.cl/Mediciones/datos/csv/e02.csv
e02,e02,II Región de Antofagasta,-67.36,-23.66,4463.0,2013-03-31,9.294041218637993,286.4791666666667,3.2742383512544806,30.615143369175627,800.0,360.15972222222223,http://walker.dgf.uchile.cl/Mediciones/datos/csv/e02.csv
e02,e02,II Región de Antofagasta,-67.36,-23.66,4463.0,2013-04-30,8.841898148148148,263.17685185185184,1.3267361111111111,17.527083333333334,800.0,311.88796296296294,http://walker.dgf.uchile.cl/Mediciones/datos/csv/e02.csv
e02,e02,II Región de Antofagasta,-67.36,-23.66,4463.0,2013-05-31,12.153225806451612,292.74305555555554,-1.754883512544803,37.40636200716846,800.0,255.61312724014337,http://walker.dgf.uchile.cl/Mediciones/datos/csv/e02.csv
e02,e02,II Región de Antofagasta,-67.36,-23.66,4463.0,2013-06-30,10.838981481481483,292.1800925925926,-4.842833951762523,50.82199074074074,800.0,212.6525462962963,http://walker.dgf.uchile.cl/Mediciones/datos/csv/e02.csv
e02,e02,II Región de Antofagasta,-67.36,-23.66,4463.0,2013-07-31,5.580219534050179,291.39964157706095,-3.7833557347670252,43.39829749103943,800.0,234.38037634408602,http://walker.dgf.uchile.cl/Mediciones/datos/csv/e02.csv
e02,e02,II Región de Antofagasta,-67.36,-23.66,4463.0,2013-08-31,0.0,290.9758064516129,-2.98214928057554,27.888216845878137,800.0,285.52284946236557,http://walker.dgf.uchile.cl/Mediciones/datos/csv/e02.csv
e02,e02,II Región de Antofagasta,-67.36,-23.66,4463.0,2013-09-30,0.0,284.1497685185185,-1.6254166666666667,30.228935185185186,800.0,336.005787037037,http://walker.dgf.uchile.cl/Mediciones/datos/csv/e02.csv
e02,e02,II Región de Antofagasta,-67.36,-23.66,4463.0,2013-10-31,0.0,293.03360215053766,0.6424955197132616,18.868279569892472,800.0,396.10215053763443,http://walker.dgf.uchile.cl/Mediciones/datos/csv/e02.csv
e02,e02,II Región de Antofagasta,-67.36,-23.66,4463.0,2013-11-30,0.0,273.9949074074074,3.0811574074074075,18.00324074074074,800.0,433.6071759259259,http://walker.dgf.uchile.cl/Mediciones/datos/csv/e02.csv
e02,e02,II Región de Antofagasta,-67.36,-23.66,4463.0,2013-12-31,0.0,229.60416666666666,5.858826164874552,38.92921146953405,800.0,365.57078853046596,http://walker.dgf.uchile.cl/Mediciones/datos/csv/e02.csv
e02,e02,II Región de Antofagasta,-67.36,-23.66,4463.0,2014-01-31,0.0,214.2511200716846,5.552060931899642,57.98198603918036,800.0,334.59520609319,http://walker.dgf.uchile.cl/Mediciones/datos/csv/e02.csv
e02,e02,II Región de Antofagasta,-67.36,-23.66,4463.0,2014-02-28,0.0,264.8812003968254,5.128869047619047,31.141617063492063,800.0,390.6612103174603,http://walker.dgf.uchile.cl/Mediciones/datos/csv/e02.csv
e02,e02,II Región de Antofagasta,-67.36,-23.66,4463.0,2014-03-31,0.0,274.9491487455197,2.2792562724014336,31.825940860215052,800.0,371.25851254480284,http://walker.dgf.uchile.cl/Mediciones/datos/csv/e02.csv
e02,e02,II Región de Antofagasta,-67.36,-23.66,4463.0,2014-04-30,0.0,284.84421296296296,1.7188194444444445,24.715740740740742,800.0,303.86689814814815,http://walker.dgf.uchile.cl/Mediciones/datos/csv/e02.csv
e02,e02,II Región de Antofagasta,-67.36,-23.66,4463.0,2014-05-31,0.0,291.89560931899643,-2.5997171305725275,31.66173835125448,800.0,250.30936379928315,http://walker.dgf.uchile.cl/Mediciones/datos/csv/e02.csv
e02,e02,II Región de Antofagasta,-67.36,-23.66,4463.0,2014-06-30,0.0,293.8259259259259,-3.5936443621208616,25.721296296296295,800.0,211.2002314814815,http://walker.dgf.uchile.cl/Mediciones/datos/csv/e02.csv
e02,e02,II Región de Antofagasta,-67.36,-23.66,4463.0,2014-07-31,0.0,286.6404569892473,-3.431513926325247,20.998431899641577,800.0,237.0627240143369,http://walker.dgf.uchile.cl/Mediciones/datos/csv/e02.csv
e02,e02,II Región de Antofagasta,-67.36,-23.66,4463.0,2014-08-31,0.0,271.77643369175627,-1.531810035842294,25.4834229390681,800.0,286.1485215053763,http://walker.dgf.uchile.cl/Mediciones/datos/csv/e02.csv
e02,e02,II Región de Antofagasta,-67.36,-23.66,4463.0,2014-09-30,0.0,294.85185185185185,-1.0660185185185185,25.901851851851852,800.0,347.2814814814815,http://walker.dgf.uchile.cl/Mediciones/datos/csv/e02.csv
e02,e02,II Región de Antofagasta,-67.36,-23.66,4463.0,2014-10-31,0.0,260.67764336917566,3.715927419354839,21.342517921146953,800.0,380.4655017921147,http://walker.dgf.uchile.cl/Mediciones/datos/csv/e02.csv
e02,e02,II Región de Antofagasta,-67.36,-23.66,4463.0,2014-11-30,0.0,272.40277777777777,2.7597453703703705,20.919444444444444,800.0,422.84375,http://walker.dgf.uchile.cl/Mediciones/datos/csv/e02.csv
e02,e02,II Región de Antofagasta,-67.36,-23.66,4463.0,2014-12-31,0.0,272.23543906810033,4.797132616487455,22.0956541218638,800.0,418.3060035842294,http://walker.dgf.uchile.cl/Mediciones/datos/csv/e02.csv
e02,e02,II Región de Antofagasta,-67.36,-23.66,4463.0,2015-01-31,0.0,210.95138888888889,5.127553763440861,42.777551942186086,800.0,339.616935483871,http://walker.dgf.uchile.cl/Mediciones/datos/csv/e02.csv
e02,e02,II Región de Antofagasta,-67.36,-23.66,4463.0,2015-02-28,0.0,249.1029265873016,5.064955357142858,54.50451807228916,800.0,358.187996031746,http://walker.dgf.uchile.cl/Mediciones/datos/csv/e02.csv
e02,e02,II Región de Antofagasta,-67.36,-23.66,4463.0,2015-03-31,0.0,243.79861111111111,4.197334229390681,55.39522184300341,800.0,309.6693548387097,http://walker.dgf.uchile.cl/Mediciones/datos/csv/e02.csv
e02,e02,II Región de Antofagasta,-67.36,-23.66,4463.0,2015-04-30,0.0,275.2175925925926,2.2031712962962966,35.04837962962963,800.0,301.1844907407407,http://walker.dgf.uchile.cl/Mediciones/datos/csv/e02.csv
e02,e02,II Región de Antofagasta,-67.36,-23.66,4463.0,2015-05-31,0.0,283.42405913978496,-1.8264784946236559,30.36402329749104,800.0,255.9529569892473,http://walker.dgf.uchile.cl/Mediciones/datos/csv/e02.csv
e02,e02,II Región de Antofagasta,-67.36,-23.66,4463.0,2015-06-30,0.0,280.17476851851853,-0.10194444444444445,13.502777777777778,800.0,231.8736111111111,http://walker.dgf.uchile.cl/Mediciones/datos/csv/e02.csv
e02,e02,II Región de Antofagasta,-67.36,-23.66,4463.0,2015-07-31,0.0,293.9220430107527,-3.8550067965564114,25.129256272401435,800.0,228.88732078853047,http://walker.dgf.uchile.cl/Mediciones/datos/csv/e02.csv
e02,e02,II Región de Antofagasta,-67.36,-23.66,4463.0,2015-08-31,0.0,284.7204301075269,-1.7668010752688172,25.272849462365592,800.0,276.3991935483871,http://walker.dgf.uchile.cl/Mediciones/datos/csv/e02.csv
e02,e02,II Región de Antofagasta,-67.36,-23.66,4463.0,2015-09-30,0.0,290.89351851851853,-1.0513657407407406,22.741203703703704,800.0,341.66550925925924,http://walker.dgf.uchile.cl/Mediciones/datos/csv/e02.csv
e02,e02,II Región de Antofagasta,-67.36,-23.66,4463.0,2015-10-31,0.0,289.65972222222223,0.4405241935483871,31.102598566308245,800.0,383.6458333333333,http://walker.dgf.uchile.cl/Mediciones/datos/csv/e02.csv
e02,e02,II Región de Antofagasta,-67.36,-23.66,4463.0,2015-11-30,0.0,293.30429832052374,0.9097495018502704,20.804155992029603,800.0,417.6305152291489,http://walker.dgf.uchile.cl/Mediciones/datos/csv/e02.csv
llano_chocolate,Llanos de Chocolate,Región de Atacama,-71.24,-28.96,365.0,2006-06-30,2.1121522693997075,178.763299170327,,,,,http://walker.dgf.uchile.cl/Mediciones/datos/csv/llano_chocolate.csv
llano_chocolate,Llanos de Chocolate,Región de Atacama,-71.24,-28.96,365.0,2006-07-31,2.4188172043010754,180.46886200716847,,,,,http://walker.dgf.uchile.cl/Mediciones/datos/csv/llano_chocolate.csv
llano_chocolate,Llanos de Chocolate,Región de Atacama,-71.24,-28.96,365.0,2006-08-31,2.43839605734767,193.8763440860215,,,,,http://walker.dgf.uchile.cl/Mediciones/datos/csv/llano_chocolate.csv
llano_chocolate,Llanos de Chocolate,Región de Atacama,-71.24,-28.96,365.0,2006-09-30,2.7206992359342443,201.83653623523963,,,,,http://walker.dgf.uchile.cl/Mediciones/datos/csv/llano_chocolate.csv
llano_chocolate,Llanos de Chocolate,Región de Atacama,-71.24,-28.96,365.0,2006-10-31,3.081451612903226,211.7105734767025,,,,,http://walker.dgf.uchile.cl/Mediciones/datos/csv/llano_chocolate.csv
llano_chocolate,Llanos de Chocolate,Región de Atacama,-71.24,-28.96,365.0,2006-11-30,2.9783796296296297,216.38518518518518,,,,,http://walker.dgf.uchile.cl/Mediciones/datos/csv/llano_chocolate.csv
llano_chocolate,Llanos de Chocolate,Región de Atacama,-71.24,-28.96,365.0,2006-12-31,3.147232803047278,224.6325341698409,,,,,http://walker.dgf.uchile.cl/Mediciones/datos/csv/llano_chocolate.csv
llano_chocolate,Llanos de Chocolate,Región de Atacama,-71.24,-28.96,365.0,2007-01-31,3.255533154121864,218.31989247311827,,,,,http://walker.dgf.uchile.cl/Mediciones/datos/csv/llano_chocolate.csv
llano_chocolate,Llanos de Chocolate,Región de Atacama,-71.24,-28.96,365.0,2007-02-28,3.024082341269841,213.20411706349208,,,,,http://walker.dgf.uchile.cl/Mediciones/datos/csv/llano_chocolate.csv
llano_chocolate,Llanos de Chocolate,Región de Atacama,-71.24,-28.96,365.0,2007-03-31,2.6880125476137127,206.1754425274479,,,,,http://walker.dgf.uchile.cl/Mediciones/datos/csv/llano_chocolate.csv
llano_chocolate,Llanos de Chocolate,Región de Atacama,-71.24,-28.96,365.0,2007-04-30,2.370162037037037,202.28402777777777,,,,,http://walker.dgf.uchile.cl/Mediciones/datos/csv/llano_chocolate.csv
llano_chocolate,Llanos de Chocolate,Región de Atacama,-71.24,-28.96,365.0,2007-05-31,2.2166257835922596,191.3017170891251,,,,,http://walker.dgf.uchile.cl/Mediciones/datos/csv/llano_chocolate.csv
los_morros,Los Morros,Región de Coquimbo,-70.74,-29.38,1742.0,2002-12-31,2.3887063655030802,197.84599589322383,,,,414.7118412046543,http://walker.dgf.uchile.cl/Mediciones/datos/csv/los_morros.csv
los_morros,Los Morros,Región de Coquimbo,-70.74,-29.38,1742.0,2003-01-31,2.3335797491039427,204.8709677419355,,,,395.3351254480287,http://walker.dgf.uchile.cl/Mediciones/datos/csv/los_morros.csv
los_morros,Los Morros,Región de Coquimbo,-70.74,-29.38,1742.0,2003-02-28,2.22547123015873,193.66840277777777,,,,355.7125496031746,http://walker.dgf.uchile.cl/Mediciones/datos/csv/los_morros.csv
los_morros,Los Morros,Región de Coquimbo,-70.74,-29.38,1742.0,2003-03-31,1.976379450937755,164.4444142430008,,,,302.5275890187551,http://walker.dgf.uchile.cl/Mediciones/datos/csv/los_morros.csv
los_morros,Los Morros,Región de Coquimbo,-70.74,-29.38,1742.0,2004-03-31,3.3235546038543897,193.91113490364026,,,,229.34475374732335,http://walker.dgf.uchile.cl/Mediciones/datos/csv/los_morros.csv
los_morros,Los Morros,Región de Coquimbo,-70.74,-29.38,1742.0,2004-04-30,2.2381944444444444,175.9877314814815,,,,214.40509259259258,http://walker.dgf.uchile.cl/Mediciones/datos/csv/los_morros.csv
los_morros,Los Morros,Región de Coquimbo,-70.74,-29.38,1742.0,2004-05-31,2.2307571684587812,157.00224014336916,,,,160.88194444444446,http://walker.dgf.uchile.cl/Mediciones/datos/csv/los_morros.csv
los_morros,Los Morros,Región de Coquimbo,-70.74,-29.38,1742.0,2004-06-30,1.8269907407407409,140.2509259259259,,,,130.71944444444443,http://walker.dgf.uchile.cl/Mediciones/datos/csv/los_morros.csv
los_morros,Los Morros,Región de Coquimbo,-70.74,-29.38,1742.0,2004-07-31,2.8269549630293525,145.45171409365898,,,,143.91933676898947,http://walker.dgf.uchile.cl/Mediciones/datos/csv/los_morros.csv
los_morros,Los Morros,Región de Coquimbo,-70.74,-29.38,1742.0,2004-08-31,3.090188172043011,180.2679211469534,,,,181.96886200716847,http://walker.dgf.uchile.cl/Mediciones/datos/csv/los_morros.csv
los_morros,Los Morros,Región de Coquimbo,-70.74,-29.38,1742.0,2004-09-30,2.3919212962962964,163.51828703703703,,,,275.90208333333334,http://walker.dgf.uchile.cl/Mediciones/datos/csv/los_morros.csv
los_morros,Los Morros,Región de Coquimbo,-70.74,-29.38,1742.0,2004-10-31,2.6702508960573477,181.1516577060932,,,,333.57459677419354,http://walker.dgf.uchile.cl/Mediciones/datos/csv/los_morros.csv
los_morros,Los Morros,Región de Coquimbo,-70.74,-29.38,1742.0,2004-11-30,2.7280555555555557,191.28935185185185,,,,364.6365740740741,http://walker.dgf.uchile.cl/Mediciones/datos/csv/los_morros.csv
los_morros,Los Morros,Región de Coquimbo,-70.74,-29.38,1742.0,2004-12-31,2.2651209677419355,192.05286738351253,,,,394.84879032258067,http://walker.dgf.uchile.cl/Mediciones/datos/csv/los_morros.csv
los_morros,Los Morros,Región de Coquimbo,-70.74,-29.38,1742.0,2005-01-31,2.2986989681471512,207.78712427097352,,,,384.85711081202334,http://walker.dgf.uchile.cl/Mediciones/datos/csv/los_morros.csv
los_morros,Los Morros,Región de Coquimbo,-70.74,-29.38,1742.0,2005-02-28,2.224702380952381,186.18005952380952,,,,343.1669146825397,http://walker.dgf.uchile.cl/Mediciones/datos/csv/los_morros.csv
los_morros,Los Morros,Región de Coquimbo,-70.74,-29.38,1742.0,2005-03-31,2.218660394265233,181.73028673835125,,,,274.5315860215054,http://walker.dgf.uchile.cl/Mediciones/datos/csv/los_morros.csv
los_morros,Los Morros,Región de Coquimbo,-70.74,-29.38,1742.0,2005-04-30,2.0017824074074078,156.35416666666666,,,,205.18796296296296,http://walker.dgf.uchile.cl/Mediciones/datos/csv/los_morros.csv
los_morros,Los Morros,Región de Coquimbo,-70.74,-29.38,1742.0,2005-05-31,2.2889326506498624,163.08586057502953,,,,128.7975580937377,http://walker.dgf.uchile.cl/Mediciones/datos/csv/los_morros.csv
nama,Nama,Región de Tarapacá,-69.41,-19.19,3000.0,2003-09-30,3.690371567043619,153.68723747980613,,,,322.06138933764134,http://walker.dgf.uchile.cl/Mediciones/datos/csv/nama.csv
nama,Nama,Región de Tarapacá,-69.41,-19.19,3000.0,2003-10-31,3.71453853046595,160.2576164874552,,,,357.7421594982079,http://walker.dgf.uchile.cl/Mediciones/datos/csv/nama.csv
nama,Nama,Región de Tarapacá,-69.41,-19.19,3000.0,2003-11-30,3.7894444444444444,166.6571759259259,,,,364.9888888888889,http://walker.dgf.uchile.cl/Mediciones/datos/csv/nama.csv
nama,Nama,Región de Tarapacá,-69.41,-19.19,3000.0,2003-12-31,3.725583482944345,184.5374775583483,,,,330.5249102333932,http://walker.dgf.uchile.cl/Mediciones/datos/csv/nama.csv
nama,Nama,Región de Tarapacá,-69.41,-19.19,3000.0,2004-01-31,3.452464157706093,187.27531362007167,,,,273.48118279569894,http://walker.dgf.uchile.cl/Mediciones/datos/csv/nama.csv
nama,Nama,Región de Tarapacá,-69.41,-19.19,3000.0,2004-02-29,3.174449233716475,187.8448275862069,,,,251.28095808383233,http://walker.dgf.uchile.cl/Mediciones/datos/csv/nama.csv
nama,Nama,Región de Tarapacá,-69.41,-19.19,3000.0,2004-03-31,3.547513440860215,168.56922043010752,,,,302.1861559139785,http://walker.dgf.uchile.cl/Mediciones/datos/csv/nama.csv
nama,Nama,Región de Tarapacá,-69.41,-19.19,3000.0,2004-04-30,3.299097222222222,154.25625,,,,267.42685185185184,http://walker.dgf.uchile.cl/Mediciones/datos/csv/nama.csv
nama,Nama,Región de Tarapacá,-69.41,-19.19,3000.0,2004-05-31,3.5274641577060932,141.90098566308242,,,,230.19847670250897,http://walker.dgf.uchile.cl/Mediciones/datos/csv/nama.csv
nama,Nama,Región de Tarapacá,-69.41,-19.19,3000.0,2004-06-30,3.448541666666667,134.16550925925927,,,,200.72476851851852,http://walker.dgf.uchile.cl/Mediciones/datos/csv/nama.csv
nama,Nama,Región de Tarapacá,-69.41,-19.19,3000.0,2004-07-31,3.3918906810035843,140.64180107526883,,,,196.15546594982078,http://walker.dgf.uchile.cl/Mediciones/datos/csv/nama.csv
nama,Nama,Región de Tarapacá,-69.41,-19.19,3000.0,2004-08-31,3.4409722222222223,147.09879032258064,,,,223.7768817204301,http://walker.dgf.uchile.cl/Mediciones/datos/csv/nama.csv
nama,Nama,Región de Tarapacá,-69.41,-19.19,3000.0,2004-09-30,3.6793287037037037,151.48842592592592,,,,307.5131944444444,http://walker.dgf.uchile.cl/Mediciones/datos/csv/nama.csv
nama,Nama,Región de Tarapacá,-69.41,-19.19,3000.0,2004-10-31,3.7997087813620074,159.8214605734767,,,,344.9715501792115,http://walker.dgf.uchile.cl/Mediciones/datos/csv/nama.csv
nama,Nama,Región de Tarapacá,-69.41,-19.19,3000.0,2004-11-30,3.950925925925926,166.10462962962964,,,,365.72800925925924,http://walker.dgf.uchile.cl/Mediciones/datos/csv/nama.csv
nama,Nama,Región de Tarapacá,-69.41,-19.19,3000.0,2004-12-31,3.839740143369175,181.47894265232975,,,,351.380376344086,http://walker.dgf.uchile.cl/Mediciones/datos/csv/nama.csv
nama,Nama,Región de Tarapacá,-69.41,-19.19,3000.0,2005-01-31,3.31339605734767,185.28629032258064,,,,262.5954301075269,http://walker.dgf.uchile.cl/Mediciones/datos/csv/nama.csv
nama,Nama,Región de Tarapacá,-69.41,-19.19,3000.0,2005-02-28,3.112921626984127,173.0719246031746,,,,251.9657738095238,http://walker.dgf.uchile.cl/Mediciones/datos/csv/nama.csv
nama,Nama,Región de Tarapacá,-69.41,-19.19,3000.0,2005-03-31,3.305264336917563,169.32862903225808,,,,286.4583333333333,http://walker.dgf.uchile.cl/Mediciones/datos/csv/nama.csv
nama,Nama,Región de Tarapacá,-69.41,-19.19,3000.0,2005-04-30,3.155417956656347,143.38390092879257,,,,264.40247678018574,http://walker.dgf.uchile.cl/Mediciones/datos/csv/nama.csv
ollague,Ollague,Región de Antofagasta,-68.26,-21.23,3720.0,2003-10-31,5.903707995365005,185.55388180764774,,,,,http://walker.dgf.uchile.cl/Mediciones/datos/csv/ollague.csv
ollague,Ollague,Región de Antofagasta,-68.26,-21.23,3720.0,2003-11-30,7.347407407407407,179.01712962962964,,,,,http://walker.dgf.uchile.cl/Mediciones/datos/csv/ollague.csv
ollague,Ollague,Región de Antofagasta,-68.26,-21.23,3720.0,2003-12-31,7.478158602150538,178.23655913978496,,,,,http://walker.dgf.uchile.cl/Mediciones/datos/csv/ollague.csv
ollague,Ollague,Región de Antofagasta,-68.26,-21.23,3720.0,2004-01-31,5.959879032258065,170.65636200716847,,,,,http://walker.dgf.uchile.cl/Mediciones/datos/csv/ollague.csv
ollague,Ollague,Región de Antofagasta,-68.26,-21.23,3720.0,2004-02-29,5.822725095785441,166.47341954022988,,,,,http://walker.dgf.uchile.cl/Mediciones/datos/csv/ollague.csv
ollague,Ollague,Región de Antofagasta,-68.26,-21.23,3720.0,2004-03-31,6.047827060931899,179.84543010752688,,,,,http://walker.dgf.uchile.cl/Mediciones/datos/csv/ollague.csv
ollague,Ollague,Región de Antofagasta,-68.26,-21.23,3720.0,2004-04-30,5.948217592592592,189.8673611111111,,,,,http://walker.dgf.uchile.cl/Mediciones/datos/csv/ollague.csv
ollague,Ollague,Región de Antofagasta,-68.26,-21.23,3720.0,2004-05-31,4.999708781362007,191.49529569892474,,,,,http://walker.dgf.uchile.cl/Mediciones/datos/csv/ollague.csv
ollague,Ollague,Región de Antofagasta,-68.26,-21.23,3720.0,2004-06-30,4.0471759259259255,179.63472222222222,,,,,http://walker.dgf.uchile.cl/Mediciones/datos/csv/ollague.csv
ollague,Ollague,Región de Antofagasta,-68.26,-21.23,3720.0,2004-07-31,4.3577284946236565,180.790770609319,,,,,http://walker.dgf.uchile.cl/Mediciones/datos/csv/ollague.csv
ollague,Ollague,Región de Antofagasta,-68.26,-21.23,3720.0,2004-08-31,5.119825268817205,172.38888888888889,,,,,http://walker.dgf.uchile.cl/Mediciones/datos/csv/ollague.csv
ollague,Ollague,Región de Antofagasta,-68.26,-21.23,3720.0,2004-09-30,6.355671296296296,186.14837962962963,,,,,http://walker.dgf.uchile.cl/Mediciones/datos/csv/ollague.csv
ollague,Ollague,Región de Antofagasta,-68.26,-21.23,3720.0,2004-10-31,6.72206541218638,188.72759856630825,,,,,http://walker.dgf.uchile.cl/Mediciones/datos/csv/ollague.csv
ollague,Ollague,Región de Antofagasta,-68.26,-21.23,3720.0,2004-11-30,6.6052325581395355,193.46511627906978,,,,,http://walker.dgf.uchile.cl/Mediciones/datos/csv/ollague.csv
pan_azucar,Pan de Azúcar,Región de Atacama,-70.66,-26.15,22.0,2003-10-31,2.959686450167973,219.62709966405376,,,,244.68197088465845,http://walker.dgf.uchile.cl/Mediciones/datos/csv/pan_azucar.csv
pan_azucar,Pan de Azúcar,Región de Atacama,-70.66,-26.15,22.0,2003-11-30,3.160625,212.63703703703703,,,,263.34212962962965,http://walker.dgf.uchile.cl/Mediciones/datos/csv/pan_azucar.csv
pan_azucar,Pan de Azúcar,Región de Atacama,-70.66,-26.15,22.0,2003-12-31,3.3365367383512545,218.7894265232975,,,,258.0024641577061,http://walker.dgf.uchile.cl/Mediciones/datos/csv/pan_azucar.csv
pan_azucar,Pan de Azúcar,Región de Atacama,-70.66,-26.15,22.0,2004-01-31,3.2882168458781362,208.3788082437276,,,,300.1689068100358,http://walker.dgf.uchile.cl/Mediciones/datos/csv/pan_azucar.csv
pan_azucar,Pan de Azúcar,Región de Atacama,-70.66,-26.15,22.0,2004-02-29,3.5387691570881223,199.2749042145594,,,,287.3955938697318,http://walker.dgf.uchile.cl/Mediciones/datos/csv/pan_azucar.csv
pan_azucar,Pan de Azúcar,Región de Atacama,-70.66,-26.15,22.0,2004-03-31,3.053844429500112,195.8675184936113,,,,241.7451244115669,http://walker.dgf.uchile.cl/Mediciones/datos/csv/pan_azucar.csv
pan_azucar,Pan de Azúcar,Región de Atacama,-70.66,-26.15,22.0,2004-04-30,3.1746527777777778,194.1162037037037,,,,172.3087962962963,http://walker.dgf.uchile.cl/Mediciones/datos/csv/pan_azucar.csv
pan_azucar,Pan de Azúcar,Región de Atacama,-70.66,-26.15,22.0,2004-05-31,3.1568324372759857,195.6937724014337,,,,228.99955177050649,http://walker.dgf.uchile.cl/Mediciones/datos/csv/pan_azucar.csv
pan_azucar,Pan de Azúcar,Región de Atacama,-70.66,-26.15,22.0,2004-06-30,3.5380092592592596,199.53680555555556,,,,287.8625,http://walker.dgf.uchile.cl/Mediciones/datos/csv/pan_azucar.csv
pan_azucar,Pan de Azúcar,Región de Atacama,-70.66,-26.15,22.0,2004-07-31,3.183445340501792,166.97871863799284,,,,123.73139534883721,http://walker.dgf.uchile.cl/Mediciones/datos/csv/pan_azucar.csv
pan_azucar,Pan de Azúcar,Región de Atacama,-70.66,-26.15,22.0,2004-08-31,3.4944444444444445,175.13866487455198,,,,175.24171146953404,http://walker.dgf.uchile.cl/Mediciones/datos/csv/pan_azucar.csv
pan_azucar,Pan de Azúcar,Región de Atacama,-70.66,-26.15,22.0,2004-09-30,3.133703703703704,210.5076388888889,,,,160.72337962962962,http://walker.dgf.uchile.cl/Mediciones/datos/csv/pan_azucar.csv
pan_azucar,Pan de Azúcar,Región de Atacama,-70.66,-26.15,22.0,2004-10-31,3.132347670250896,211.34431003584228,,,,175.65076164874552,http://walker.dgf.uchile.cl/Mediciones/datos/csv/pan_azucar.csv
pan_azucar,Pan de Azúcar,Región de Atacama,-70.66,-26.15,22.0,2004-11-30,3.133568406205924,216.06370474847202,,,,196.2080394922426,http://walker.dgf.uchile.cl/Mediciones/datos/csv/pan_azucar.csv
punta_choro,Punta de Choros,Región de Coquimbo,-71.43,-29.24,16.0,2006-06-30,3.3365967940813808,157.92009864364982,,,,,http://walker.dgf.uchile.cl/Mediciones/datos/csv/punta_choro.csv
punta_choro,Punta de Choros,Región de Coquimbo,-71.43,-29.24,16.0,2006-07-31,4.235506272401434,178.97177419354838,,,,,http://walker.dgf.uchile.cl/Mediciones/datos/csv/punta_choro.csv
punta_choro,Punta de Choros,Región de Coquimbo,-71.43,-29.24,16.0,2006-08-31,3.9792786738351253,167.0548835125448,,,,,http://walker.dgf.uchile.cl/Mediciones/datos/csv/punta_choro.csv
punta_choro,Punta de Choros,Región de Coquimbo,-71.43,-29.24,16.0,2006-09-30,4.453541666666666,174.7476851851852,,,,,http://walker.dgf.uchile.cl/Mediciones/datos/csv/punta_choro.csv
punta_choro,Punta de Choros,Región de Coquimbo,-71.43,-29.24,16.0,2006-10-31,5.1829749103942655,174.34991039426524,,,,,http://walker.dgf.uchile.cl/Mediciones/datos/csv/punta_choro.csv
punta_choro,Punta de Choros,Región de Coquimbo,-71.43,-29.24,16.0,2006-11-30,4.761481481481481,182.74884259259258,,,,,http://walker.dgf.uchile.cl/Mediciones/datos/csv/punta_choro.csv
punta_choro,Punta de Choros,Región de Coquimbo,-71.43,-29.24,16.0,2006-12-31,4.519242831541219,185.71594982078852,,,,,http://walker.dgf.uchile.cl/Mediciones/datos/csv/punta_choro.csv
punta_choro,Punta de Choros,Región de Coquimbo,-71.43,-29.24,16.0,2007-01-31,4.08660394265233,193.0383064516129,,,,,http://walker.dgf.uchile.cl/Mediciones/datos/csv/punta_choro.csv
punta_choro,Punta de Choros,Región de Coquimbo,-71.43,-29.24,16.0,2007-02-28,4.130009920634921,184.24429563492063,,,,,http://walker.dgf.uchile.cl/Mediciones/datos/csv/punta_choro.csv
punta_choro,Punta de Choros,Región de Coquimbo,-71.43,-29.24,16.0,2007-03-31,3.7558019713261652,192.05040322580646,,,,,http://walker.dgf.uchile.cl/Mediciones/datos/csv/punta_choro.csv
punta_choro,Punta de Choros,Región de Coquimbo,-71.43,-29.24,16.0,2007-04-30,3.46662037037037,186.68726851851852,,,,,http://walker.dgf.uchile.cl/Mediciones/datos/csv/punta_choro.csv
punta_choro,Punta de Choros,Región de Coquimbo,-71.43,-29.24,16.0,2007-05-31,3.30777045579352,166.36298736957716,,,,,http://walker.dgf.uchile.cl/Mediciones/datos/csv/punta_choro.csv
san_marcos,San Marcos,Región de Tarapacá,-70.12,-21.11,18.0,2004-01-31,6.129674909697139,197.15420950263962,17.483193277310924,,,,http://walker.dgf.uchile.cl/Mediciones/datos/csv/san_marcos.csv
san_marcos,San Marcos,Región de Tarapacá,-70.12,-21.11,18.0,2004-02-29,8.592600574712643,191.98563218390805,17.193298969072163,,,,http://walker.dgf.uchile.cl/Mediciones/datos/csv/san_marcos.csv
san_marcos,San Marcos,Región de Tarapacá,-70.12,-21.11,18.0,2004-03-31,6.88380376344086,189.2959229390681,19.273006993006994,,,,http://walker.dgf.uchile.cl/Mediciones/datos/csv/san_marcos.csv
san_marcos,San Marcos,Región de Tarapacá,-70.12,-21.11,18.0,2004-04-30,6.69011574074074,180.5449074074074,19.348783314020856,,,,http://walker.dgf.uchile.cl/Mediciones/datos/csv/san_marcos.csv
san_marcos,San Marcos,Región de Tarapacá,-70.12,-21.11,18.0,2004-05-31,6.6214829749103945,182.32459677419354,8.12671568627451,,,,http://walker.dgf.uchile.cl/Mediciones/datos/csv/san_marcos.csv
san_marcos,San Marcos,Región de Tarapacá,-70.12,-21.11,18.0,2004-06-30,6.5241898148148145,187.66180555555556,1.008193668528864,,,,http://walker.dgf.uchile.cl/Mediciones/datos/csv/san_marcos.csv
san_marcos,San Marcos,Región de Tarapacá,-70.12,-21.11,18.0,2004-07-31,5.832370071684588,188.73297491039426,5.962330097087379,,,,http://walker.dgf.uchile.cl/Mediciones/datos/csv/san_marcos.csv
san_marcos,San Marcos,Región de Tarapacá,-70.12,-21.11,18.0,2004-08-31,5.746057347670251,209.19802867383513,,,,,http://walker.dgf.uchile.cl/Mediciones/datos/csv/san_marcos.csv
san_marcos,San Marcos,Región de Tarapacá,-70.12,-21.11,18.0,2004-09-30,6.424861111111111,215.79212962962964,17.138620689655173,,,,http://walker.dgf.uchile.cl/Mediciones/datos/csv/san_marcos.csv
san_marcos,San Marcos,Región de Tarapacá,-70.12,-21.11,18.0,2004-10-31,6.732885304659498,217.8084677419355,18.209597523219813,,,,http://walker.dgf.uchile.cl/Mediciones/datos/csv/san_marcos.csv
san_marcos,San Marcos,Región de Tarapacá,-70.12,-21.11,18.0,2004-11-30,6.730902777777778,215.51689814814816,17.57830303030303,,,,http://walker.dgf.uchile.cl/Mediciones/datos/csv/san_marcos.csv
san_marcos,San Marcos,Región de Tarapacá,-70.12,-21.11,18.0,2004-12-31,5.858591549295775,205.4042253521127,20.84826086956522,,,,http://walker.dgf.uchile.cl/Mediciones/datos/csv/san_marcos.csv
sibaya,Sibaya,Región de Tarapacá,-69.17,-19.78,2778.0,2003-12-31,3.191006319883325,0.0,,,,,http://walker.dgf.uchile.cl/Mediciones/datos/csv/sibaya.csv
sibaya,Sibaya,Región de Tarapacá,-69.17,-19.78,2778.0,2004-01-31,3.1194444444444445,0.0,,,,,http://walker.dgf.uchile.cl/Mediciones/datos/csv/sibaya.csv
sibaya,Sibaya,Región de Tarapacá,-69.17,-19.78,2778.0,2004-02-29,2.827873563218391,0.0,,,,,http://walker.dgf.uchile.cl/Mediciones/datos/csv/sibaya.csv
sibaya,Sibaya,Región de Tarapacá,-69.17,-19.78,2778.0,2004-03-31,3.700582437275986,185.6937724014337,,,,,http://walker.dgf.uchile.cl/Mediciones/datos/csv/sibaya.csv
sibaya,Sibaya,Región de Tarapacá,-69.17,-19.78,2778.0,2004-04-30,4.428587962962963,180.10162037037037,,,,,http://walker.dgf.uchile.cl/Mediciones/datos/csv/sibaya.csv
sibaya,Sibaya,Región de Tarapacá,-69.17,-19.78,2778.0,2004-05-31,6.510394265232975,150.4464605734767,,,,,http://walker.dgf.uchile.cl/Mediciones/datos/csv/sibaya.csv
sibaya,Sibaya,Región de Tarapacá,-69.17,-19.78,2778.0,2004-06-30,7.0091730368311325,141.30831596015753,,,,,http://walker.dgf.uchile.cl/Mediciones/datos/csv/sibaya.csv
sibaya,Sibaya,Región de Tarapacá,-69.17,-19.78,2778.0,2004-07-31,5.74923835125448,157.8709677419355,,,,,http://walker.dgf.uchile.cl/Mediciones/datos/csv/sibaya.csv
sibaya,Sibaya,Región de Tarapacá,-69.17,-19.78,2778.0,2004-08-31,4.817965949820789,172.69332437275986,,,,,http://walker.dgf.uchile.cl/Mediciones/datos/csv/sibaya.csv
sibaya,Sibaya,Región de Tarapacá,-69.17,-19.78,2778.0,2004-09-30,5.564768518518519,175.86712962962963,,,,,http://walker.dgf.uchile.cl/Mediciones/datos/csv/sibaya.csv
sibaya,Sibaya,Región de Tarapacá,-69.17,-19.78,2778.0,2004-10-31,5.13328853046595,188.19959677419354,,,,,http://walker.dgf.uchile.cl/Mediciones/datos/csv/sibaya.csv
sibaya,Sibaya,Región de Tarapacá,-69.17,-19.78,2778.0,2004-11-30,4.7555555555555555,198.72824074074074,,,,,http://walker.dgf.uchile.cl/Mediciones/datos/csv/sibaya.csv
sibaya,Sibaya,Región de Tarapacá,-69.17,-19.78,2778.0,2004-12-31,4.036962365591398,207.45340501792114,,,,,http://walker.dgf.uchile.cl/Mediciones/datos/csv/sibaya.csv
sibaya,Sibaya,Región de Tarapacá,-69.17,-19.78,2778.0,2005-01-31,2.9274417562724016,216.00672043010752,,,,,http://walker.dgf.uchile.cl/Mediciones/datos/csv/sibaya.csv
sibaya,Sibaya,Región de Tarapacá,-69.17,-19.78,2778.0,2005-02-28,3.24593253968254,210.91790674603175,,,,,http://walker.dgf.uchile.cl/Mediciones/datos/csv/sibaya.csv
sibaya,Sibaya,Región de Tarapacá,-69.17,-19.78,2778.0,2005-03-31,3.3174059139784946,206.73163082437276,,,,,http://walker.dgf.uchile.cl/Mediciones/datos/csv/sibaya.csv
sibaya,Sibaya,Región de Tarapacá,-69.17,-19.78,2778.0,2005-04-30,4.650231481481481,167.36111111111111,,,,,http://walker.dgf.uchile.cl/Mediciones/datos/csv/sibaya.csv
sibaya,Sibaya,Región de Tarapacá,-69.17,-19.78,2778.0,2005-05-31,5.89719982078853,176.88687275985663,,,,,http://walker.dgf.uchile.cl/Mediciones/datos/csv/sibaya.csv
sibaya,Sibaya,Región de Tarapacá,-69.17,-19.78,2778.0,2005-06-30,6.505787037037037,179.00069444444443,,,,,http://walker.dgf.uchile.cl/Mediciones/datos/csv/sibaya.csv
sibaya,Sibaya,Región de Tarapacá,-69.17,-19.78,2778.0,2005-07-31,5.773173464813985,167.9625728372927,,,,,http://walker.dgf.uchile.cl/Mediciones/datos/csv/sibaya.csv
sibaya,Sibaya,Región de Tarapacá,-69.17,-19.78,2778.0,2005-08-31,6.030577956989247,171.5840053763441,,,,,http://walker.dgf.uchile.cl/Mediciones/datos/csv/sibaya.csv
sibaya,Sibaya,Región de Tarapacá,-69.17,-19.78,2778.0,2005-09-30,5.408912037037037,157.63125,,,,,http://walker.dgf.uchile.cl/Mediciones/datos/csv/sibaya.csv
sibaya,Sibaya,Región de Tarapacá,-69.17,-19.78,2778.0,2005-10-31,5.282146057347671,149.0051523297491,,,,,http://walker.dgf.uchile.cl/Mediciones/datos/csv/sibaya.csv
sibaya,Sibaya,Región de Tarapacá,-69.17,-19.78,2778.0,2005-11-30,4.232546296296296,137.5261574074074,,,,,http://walker.dgf.uchile.cl/Mediciones/datos/csv/sibaya.csv
sibaya,Sibaya,Región de Tarapacá,-69.17,-19.78,2778.0,2005-12-31,3.240546594982079,124.74551971326164,,,,,http://walker.dgf.uchile.cl/Mediciones/datos/csv/sibaya.csv
sibaya,Sibaya,Región de Tarapacá,-69.17,-19.78,2778.0,2006-01-31,2.9225,132.18357142857144,,,,,http://walker.dgf.uchile.cl/Mediciones/datos/csv/sibaya.csv
